sat_i,sat_j,min_dist_km
210,319,0.793595
26,1500,0.793646
1229,1338,0.793701
435,544,0.793704
936,1045,0.793727
142,251,0.793731
706,815,0.793758
643,752,0.793769
1437,1546,0.793799
1432,1541,0.793815
648,757,0.793841
1004,1113,0.793848
147,256,0.793856
1442,1551,0.793872
653,762,0.793916
418,549,0.793944
372,481,0.793949
711,820,0.793953
929,1038,0.793964
1144,1275,0.793965
140,249,0.793991
941,1050,0.794000
438,547,0.794006
1161,1270,0.794012
931,1040,0.794027
135,244,0.794034
714,823,0.794040
1447,1556,0.794040
355,464,0.794045
638,769,0.794047
990,1121,0.794070
152,261,0.794090
1227,1336,0.794095
924,1055,0.794096
1288,1397,0.794099
90,1564,0.794148
1224,1333,0.794164
59,168,0.794185
1344,1453,0.794204
367,476,0.794213
1149,1258,0.794219
29,1503,0.794236
1210,1341,0.794247
115,224,0.794250
934,1043,0.794262
279,388,0.794265
1212,1321,0.794267
4,1478,0.794273
1422,1531,0.794275
1068,1177,0.794283
34,1508,0.794290
486,595,0.794304
335,444,0.794314
433,542,0.794328
1258,1367,0.794339
218,327,0.794341
658,767,0.794353
770,901,0.794356
494,603,0.794381
201,310,0.794396
82,1556,0.794407
1336,1445,0.794408
1038,1147,0.794415
1116,1225,0.794431
193,302,0.794439
868,977,0.794454
31,1505,0.794461
1301,1410,0.794466
79,188,0.794466
1202,1311,0.794468
47,1521,0.794469
1124,1233,0.794474
818,927,0.794476
896,1005,0.794477
215,324,0.794482
158,267,0.794494
598,707,0.794510
378,487,0.794513
555,664,0.794518
1081,1190,0.794523
413,522,0.794526
145,254,0.794534
423,532,0.794547
676,785,0.794553
360,469,0.794560
1222,1331,0.794565
365,474,0.794576
74,183,0.794589
499,608,0.794592
1449,1558,0.794617
873,982,0.794618
1417,1526,0.794625
1156,1265,0.794653
709,818,0.794658
456,565,0.794680
701,810,0.794684
1326,1435,0.794689
861,970,0.794689
633,742,0.794699
1217,1326,0.794706
982,1091,0.794708
428,537,0.794709
610,719,0.794716
585,694,0.794721
54,163,0.794724
550,681,0.794726
848,957,0.794739
481,590,0.794744
1455,1564,0.794797
1364,1495,0.794814
137,246,0.794817
519,628,0.794828
41,1515,0.794830
777,886,0.794849
72,1546,0.794863
1235,1344,0.794871
61,170,0.794872
904,1013,0.794878
236,345,0.794889
906,1015,0.794905
739,848,0.794908
805,914,0.794911
1197,1306,0.794912
863,972,0.794924
775,884,0.794929
84,193,0.794946
1007,1116,0.794947
762,871,0.794948
190,299,0.794953
390,499,0.794958
61,1535,0.794969
716,825,0.794998
668,777,0.794998
853,962,0.794999
797,906,0.795001
1430,1561,0.795009
99,1573,0.795012
641,750,0.795022
1,110,0.795028
1035,1144,0.795029
1297,1406,0.795033
421,530,0.795046
921,1030,0.795047
1406,1515,0.795065
192,301,0.795084
430,539,0.795089
249,358,0.795099
1025,1134,0.795100
274,383,0.795106
1106,1215,0.795109
81,190,0.795125
830,939,0.795125
24,1498,0.795125
559,668,0.795127
1386,1517,0.795133
29,138,0.795134
469,578,0.795136
1283,1392,0.795143
539,648,0.795147
319,428,0.795147
542,651,0.795152
908,1017,0.795153
1154,1263,0.795184
1019,1128,0.795199
670,779,0.795200
303,412,0.795207
107,1581,0.795216
16,125,0.795218
1255,1364,0.795226
330,461,0.795230
652,761,0.795240
5,1479,0.795242
1392,1501,0.795244
285,394,0.795246
23,1497,0.795247
1037,1146,0.795250
719,828,0.795252
689,798,0.795254
1245,1354,0.795254
1146,1255,0.795255
1009,1118,0.795273
1280,1389,0.795283
1112,1221,0.795285
410,519,0.795290
322,431,0.795295
997,1106,0.795300
1094,1203,0.795318
1186,1295,0.795326
1126,1235,0.795327
1461,1570,0.795330
281,390,0.795331
1130,1239,0.795333
1465,1574,0.795346
684,793,0.795347
261,370,0.795347
575,684,0.795350
541,650,0.795356
102,211,0.795362
1425,1534,0.795372
926,1035,0.795373
1443,1552,0.795374
628,737,0.795376
1076,1185,0.795388
63,172,0.795409
1426,1535,0.795414
173,282,0.795420
36,1510,0.795433
92,201,0.795437
1172,1281,0.795440
1407,1516,0.795455
245,354,0.795459
745,854,0.795465
522,631,0.795469
909,1018,0.795472
1073,1182,0.795479
362,471,0.795479
191,300,0.795489
301,410,0.795495
183,292,0.795501
704,835,0.795505
592,701,0.795505
763,872,0.795506
77,1551,0.795512
878,987,0.795529
317,426,0.795542
174,283,0.795547
69,178,0.795554
705,814,0.795559
871,980,0.795585
666,775,0.795586
448,557,0.795588
1036,1145,0.795589
504,613,0.795592
1369,1478,0.795597
634,743,0.795599
209,318,0.795611
227,336,0.795613
63,1537,0.795618
995,1104,0.795619
1015,1124,0.795637
1148,1257,0.795637
1295,1404,0.795640
1368,1477,0.795665
213,322,0.795673
1001,1110,0.795681
721,830,0.795683
299,408,0.795693
977,1086,0.795698
321,430,0.795707
133,242,0.795709
847,956,0.795709
1196,1305,0.795714
557,666,0.795715
1379,1488,0.795719
1141,1250,0.795720
540,649,0.795721
655,764,0.795721
498,607,0.795723
952,1061,0.795743
71,1545,0.795745
149,258,0.795747
1220,1329,0.795754
781,890,0.795762
959,1068,0.795771
1383,1492,0.795776
1017,1126,0.795778
501,610,0.795782
108,1582,0.795791
67,176,0.795803
1012,1143,0.795804
779,888,0.795805
311,420,0.795812
1257,1366,0.795814
850,959,0.795815
1129,1238,0.795820
464,573,0.795822
348,457,0.795826
663,772,0.795827
1211,1320,0.795835
1199,1308,0.795836
1424,1533,0.795839
687,796,0.795839
314,423,0.795841
374,505,0.795843
74,1548,0.795844
1248,1357,0.795850
14,123,0.795883
1367,1476,0.795889
356,465,0.795907
565,674,0.795912
914,1023,0.795913
660,791,0.795925
688,797,0.795941
862,971,0.795943
899,1008,0.795949
594,725,0.795952
1381,1490,0.795954
697,806,0.795956
1315,1424,0.795961
95,1569,0.795964
1077,1186,0.795965
782,891,0.795991
170,279,0.795997
1346,1455,0.795998
558,667,0.796004
112,221,0.796004
231,340,0.796008
1333,1442,0.796014
414,523,0.796020
686,795,0.796023
483,592,0.796027
198,329,0.796042
503,612,0.796045
1050,1159,0.796046
889,998,0.796047
984,1093,0.796052
832,941,0.796066
363,472,0.796070
172,281,0.796075
1054,1163,0.796075
216,325,0.796095
1234,1343,0.796096
1031,1140,0.796097
221,330,0.796100
513,622,0.796101
580,689,0.796102
576,685,0.796106
408,517,0.796112
1263,1372,0.796122
1181,1290,0.796125
404,513,0.796128
489,598,0.796130
606,715,0.796141
1018,1127,0.796145
202,311,0.796159
59,1533,0.796160
528,659,0.796162
808,917,0.796175
732,841,0.796187
890,999,0.796189
110,241,0.796194
1046,1155,0.796198
1293,1402,0.796199
852,961,0.796200
56,1530,0.796204
1010,1119,0.796210
1436,1545,0.796212
683,792,0.796213
287,396,0.796215
338,447,0.796225
1190,1299,0.796235
11,120,0.796245
415,524,0.796253
244,353,0.796256
1184,1293,0.796261
886,995,0.796261
0,131,0.796266
983,1092,0.796274
79,1553,0.796277
164,273,0.796295
43,1517,0.796299
595,704,0.796299
1131,1240,0.796307
296,405,0.796309
1349,1458,0.796336
1380,1489,0.796338
1087,1196,0.796342
939,1048,0.796342
1002,1111,0.796348
784,893,0.796350
650,759,0.796352
99,208,0.796358
888,997,0.796363
132,263,0.796366
491,600,0.796375
55,164,0.796382
835,944,0.796396
1322,1431,0.796396
1377,1486,0.796398
1088,1197,0.796405
1359,1468,0.796406
1410,1519,0.796416
1142,1251,0.796421
87,1561,0.796421
1157,1266,0.796424
712,821,0.796433
1450,1559,0.796439
635,744,0.796439
787,896,0.796439
885,994,0.796443
645,754,0.796444
1289,1398,0.796448
799,908,0.796449
1238,1347,0.796451
1159,1268,0.796452
412,521,0.796452
523,632,0.796453
7,116,0.796453
179,288,0.796468
577,686,0.796473
25,134,0.796475
955,1064,0.796482
403,512,0.796484
767,876,0.796488
1403,1512,0.796489
669,778,0.796492
1350,1459,0.796494
1361,1470,0.796502
1439,1548,0.796508
1166,1297,0.796509
1398,1507,0.796513
1325,1434,0.796524
907,1016,0.796531
1175,1284,0.796533
134,243,0.796560
432,541,0.796560
507,616,0.796566
1351,1460,0.796567
1063,1172,0.796567
257,366,0.796569
1395,1504,0.796569
1119,1228,0.796582
753,862,0.796594
836,967,0.796599
987,1096,0.796606
24,133,0.796610
994,1103,0.796614
1292,1401,0.796614
858,989,0.796617
815,924,0.796618
1093,1202,0.796619
43,152,0.796620
246,355,0.796621
1230,1339,0.796622
41,150,0.796623
547,656,0.796624
999,1108,0.796626
1318,1427,0.796633
950,1059,0.796638
312,421,0.796644
992,1101,0.796653
167,276,0.796661
146,255,0.796663
105,1579,0.796672
1215,1324,0.796672
20,1494,0.796675
965,1074,0.796693
1320,1451,0.796694
1178,1287,0.796694
1005,1114,0.796696
1064,1173,0.796697
562,671,0.796697
940,1049,0.796703
50,1524,0.796707
1055,1164,0.796712
1173,1282,0.796720
596,705,0.796728
744,853,0.796729
459,568,0.796744
1049,1158,0.796745
587,696,0.796752
81,1555,0.796758
3,112,0.796761
449,558,0.796764
98,1572,0.796765
765,874,0.796769
20,129,0.796769
44,175,0.796772
551,660,0.796781
15,1489,0.796781
1266,1375,0.796781
925,1034,0.796784
1207,1316,0.796789
1308,1417,0.796798
512,621,0.796812
327,436,0.796821
727,836,0.796824
1343,1452,0.796826
17,1491,0.796830
759,868,0.796831
1237,1346,0.796831
208,317,0.796845
631,740,0.796847
845,954,0.796848
462,593,0.796849
1413,1522,0.796851
1026,1135,0.796852
778,887,0.796853
1387,1496,0.796856
315,424,0.796857
65,174,0.796858
334,443,0.796862
168,277,0.796869
302,411,0.796871
1201,1310,0.796871
188,297,0.796876
1151,1260,0.796879
21,130,0.796884
639,748,0.796885
912,1021,0.796892
1435,1544,0.796901
764,873,0.796910
4,113,0.796915
1079,1188,0.796920
1241,1350,0.796931
262,371,0.796931
409,518,0.796934
93,202,0.796934
803,912,0.796937
698,807,0.796938
556,665,0.796940
55,1529,0.796944
320,429,0.796945
725,834,0.796948
972,1081,0.796950
1374,1483,0.796952
872,981,0.796957
1382,1491,0.796962
825,934,0.796964
947,1056,0.796966
1404,1513,0.796968
678,787,0.796976
841,950,0.796976
1167,1276,0.796977
700,809,0.796980
6,1480,0.796981
1,1475,0.796982
1335,1444,0.796984
1388,1497,0.796984
304,413,0.796984
509,618,0.796984
973,1082,0.796988
53,162,0.796989
8,1482,0.796990
1213,1322,0.796990
46,155,0.796993
1061,1170,0.796993
94,1568,0.796996
1421,1530,0.796999
1043,1152,0.797009
1434,1543,0.797013
203,312,0.797015
1152,1261,0.797018
117,226,0.797020
891,1000,0.797021
1066,1175,0.797030
1274,1383,0.797044
83,1557,0.797056
529,638,0.797057
23,132,0.797064
630,739,0.797065
1123,1232,0.797066
371,480,0.797069
396,527,0.797073
346,455,0.797073
1204,1313,0.797077
656,765,0.797078
879,988,0.797084
919,1028,0.797085
495,604,0.797086
131,240,0.797088
161,270,0.797090
1059,1168,0.797103
493,602,0.797103
757,866,0.797105
332,441,0.797117
1427,1536,0.797117
53,1527,0.797119
917,1026,0.797120
485,594,0.797127
1366,1475,0.797127
1107,1216,0.797130
1278,1387,0.797134
1105,1214,0.797138
1415,1524,0.797138
264,395,0.797141
121,230,0.797147
750,859,0.797157
58,167,0.797158
1444,1553,0.797158
107,216,0.797159
903,1012,0.797161
1256,1365,0.797170
738,847,0.797172
946,1077,0.797178
177,286,0.797191
988,1097,0.797196
382,491,0.797203
351,460,0.797209
487,596,0.797213
560,669,0.797217
966,1075,0.797222
800,909,0.797223
1128,1237,0.797223
1028,1137,0.797224
176,307,0.797224
646,755,0.797225
511,620,0.797229
710,819,0.797229
1334,1443,0.797230
1391,1500,0.797232
105,214,0.797233
39,1513,0.797233
108,217,0.797235
443,552,0.797237
1332,1441,0.797239
1067,1176,0.797239
795,904,0.797240
67,1541,0.797240
339,448,0.797245
252,361,0.797245
807,916,0.797245
603,712,0.797248
353,462,0.797250
222,331,0.797256
18,1492,0.797259
1179,1288,0.797261
268,377,0.797261
78,187,0.797262
1254,1385,0.797268
640,749,0.797273
56,165,0.797274
958,1067,0.797283
789,898,0.797284
707,816,0.797288
185,294,0.797304
294,403,0.797304
88,1562,0.797308
533,642,0.797312
960,1069,0.797314
200,309,0.797323
1268,1377,0.797325
654,763,0.797337
364,473,0.797340
1270,1379,0.797352
235,344,0.797371
1072,1181,0.797371
702,811,0.797372
1287,1396,0.797386
1259,1368,0.797390
1285,1394,0.797395
165,274,0.797395
437,546,0.797400
1228,1337,0.797408
480,589,0.797409
582,691,0.797411
756,865,0.797412
1203,1312,0.797415
1000,1109,0.797417
18,127,0.797418
102,1576,0.797423
89,1563,0.797425
1394,1503,0.797429
1034,1165,0.797433
340,449,0.797436
40,1514,0.797439
143,252,0.797439
30,139,0.797466
1086,1195,0.797477
1223,1332,0.797480
536,645,0.797481
811,920,0.797484
964,1073,0.797486
169,278,0.797494
1115,1224,0.797496
819,928,0.797506
1304,1413,0.797513
730,839,0.797517
80,1554,0.797518
125,234,0.797526
1090,1199,0.797533
1239,1348,0.797539
32,1506,0.797542
66,197,0.797558
793,902,0.797558
88,219,0.797563
395,504,0.797566
584,693,0.797568
1299,1408,0.797574
809,918,0.797576
22,153,0.797580
1135,1244,0.797591
344,453,0.797599
620,729,0.797612
38,147,0.797616
64,173,0.797619
1214,1323,0.797620
954,1063,0.797621
1296,1405,0.797622
844,953,0.797623
116,225,0.797645
1314,1423,0.797652
345,454,0.797661
1470,1579,0.797661
911,1020,0.797662
920,1029,0.797664
292,401,0.797672
266,375,0.797679
579,688,0.797683
771,880,0.797683
1206,1315,0.797687
1098,1207,0.797691
623,732,0.797702
48,1522,0.797713
801,910,0.797714
1423,1532,0.797716
450,559,0.797718
21,1495,0.797731
642,751,0.797746
45,1519,0.797758
104,1578,0.797760
28,1502,0.797761
83,192,0.797761
75,184,0.797765
731,840,0.797767
715,824,0.797779
510,619,0.797780
399,508,0.797780
680,789,0.797782
865,974,0.797789
369,478,0.797792
829,938,0.797798
563,672,0.797804
748,879,0.797808
1375,1484,0.797813
7,1481,0.797814
148,257,0.797821
1111,1220,0.797824
47,156,0.797827
1102,1211,0.797827
813,922,0.797831
651,760,0.797837
505,614,0.797846
976,1085,0.797853
1058,1167,0.797853
1075,1184,0.797859
91,200,0.797861
441,550,0.797866
1121,1230,0.797880
1140,1249,0.797880
1323,1432,0.797889
127,236,0.797892
1275,1384,0.797899
1466,1575,0.797904
97,1571,0.797907
876,985,0.797915
817,926,0.797918
1244,1353,0.797919
516,625,0.797926
92,1566,0.797942
1187,1296,0.797948
724,833,0.797961
1331,1440,0.797962
1355,1464,0.797976
612,721,0.797979
205,314,0.797984
255,364,0.797984
484,615,0.797990
900,1009,0.798001
521,630,0.798001
956,1065,0.798004
86,1560,0.798019
1219,1328,0.798028
225,334,0.798030
1376,1485,0.798033
36,145,0.798044
1277,1386,0.798049
1452,1583,0.798061
206,315,0.798081
283,392,0.798081
1262,1371,0.798082
1429,1538,0.798083
962,1071,0.798087
1401,1510,0.798092
76,1550,0.798095
337,446,0.798098
703,812,0.798098
1052,1161,0.798116
761,870,0.798116
1458,1567,0.798121
922,1031,0.798122
826,935,0.798132
217,326,0.798134
609,718,0.798139
496,605,0.798201
1208,1317,0.798202
381,490,0.798210
269,378,0.798221
1101,1210,0.798226
1205,1314,0.798229
892,1001,0.798239
197,306,0.798245
386,495,0.798247
948,1057,0.798248
1083,1192,0.798252
1047,1156,0.798272
226,335,0.798276
154,285,0.798277
6,115,0.798279
532,641,0.798281
1193,1302,0.798289
1348,1457,0.798289
86,195,0.798294
366,475,0.798294
416,525,0.798313
391,500,0.798323
284,393,0.798329
466,575,0.798342
1260,1369,0.798347
1250,1359,0.798363
1468,1577,0.798375
843,952,0.798375
290,399,0.798378
228,337,0.798379
874,983,0.798390
849,958,0.798404
567,676,0.798425
729,838,0.798433
1039,1148,0.798434
859,968,0.798453
98,207,0.798461
96,1570,0.798462
1247,1356,0.798477
971,1080,0.798488
798,907,0.798501
293,402,0.798504
1319,1428,0.798514
1233,1342,0.798530
672,781,0.798537
591,700,0.798544
720,829,0.798546
1103,1212,0.798550
1345,1454,0.798579
1194,1303,0.798585
492,601,0.798589
943,1052,0.798595
62,171,0.798595
910,1019,0.798615
1305,1414,0.798645
1113,1222,0.798651
150,259,0.798660
295,404,0.798666
1282,1391,0.798673
979,1088,0.798674
644,753,0.798692
1290,1399,0.798696
1460,1569,0.798697
694,803,0.798700
393,502,0.798706
1281,1390,0.798726
601,710,0.798749
1328,1437,0.798779
1473,1582,0.798780
80,189,0.798802
1109,1218,0.798802
336,445,0.798803
9,1483,0.798822
568,677,0.798823
17,126,0.798824
72,181,0.798828
1472,1581,0.798833
1372,1481,0.798835
394,503,0.798858
1311,1420,0.798872
247,356,0.798879
440,571,0.798917
260,369,0.798921
1409,1518,0.798924
16,1490,0.798924
1117,1226,0.798931
94,203,0.798932
1363,1472,0.798942
187,296,0.798950
62,1536,0.798951
254,363,0.798953
812,921,0.798979
32,141,0.798979
827,936,0.798982
887,996,0.799008
446,555,0.799013
967,1076,0.799021
392,501,0.799023
743,852,0.799028
120,229,0.799047
1353,1462,0.799056
1023,1132,0.799081
856,965,0.799096
465,574,0.799099
68,1542,0.799101
1354,1463,0.799128
1027,1136,0.799130
518,627,0.799131
1174,1283,0.799141
1127,1236,0.799159
352,483,0.799166
1321,1430,0.799167
28,137,0.799172
1176,1285,0.799177
564,673,0.799182
401,510,0.799184
824,933,0.799202
1272,1381,0.799205
823,932,0.799210
417,526,0.799229
1399,1508,0.799232
97,206,0.799244
537,646,0.799261
624,733,0.799263
1108,1217,0.799264
248,357,0.799291
3,1477,0.799294
1095,1204,0.799302
751,860,0.799302
1150,1259,0.799304
1030,1139,0.799307
100,1574,0.799322
1313,1422,0.799334
671,780,0.799344
1251,1360,0.799357
451,560,0.799359
5,114,0.799363
101,210,0.799368
1158,1267,0.799376
429,538,0.799380
473,582,0.799396
792,923,0.799396
1317,1426,0.799397
570,679,0.799412
1060,1169,0.799423
370,479,0.799425
426,535,0.799437
854,963,0.799487
389,498,0.799502
100,209,0.799512
525,634,0.799517
543,652,0.799526
517,626,0.799531
1232,1363,0.799532
742,851,0.799564
272,381,0.799577
1221,1330,0.799579
726,857,0.799584
282,391,0.799609
474,583,0.799619
928,1037,0.799622
48,157,0.799623
119,228,0.799624
1114,1223,0.799626
717,826,0.799635
664,773,0.799655
70,179,0.799659
45,154,0.799673
411,520,0.799681
1163,1272,0.799716
289,398,0.799731
932,1041,0.799745
263,372,0.799749
1264,1373,0.799754
833,942,0.799799
442,551,0.799828
113,222,0.799830
679,788,0.799836
1164,1273,0.799841
855,964,0.799848
864,973,0.799852
1074,1183,0.799853
323,432,0.799874
1303,1412,0.799875
468,577,0.799879
880,1011,0.799881
497,606,0.799909
447,556,0.799910
316,425,0.799911
454,563,0.799930
402,511,0.799936
1162,1271,0.799957
138,247,0.799963
1419,1528,0.799963
980,1089,0.799963
189,298,0.799987
774,883,0.800004
677,786,0.800015
905,1014,0.800023
75,1549,0.800043
1033,1142,0.800061
109,1583,0.800069
308,439,0.800079
1097,1206,0.800101
38,1512,0.800103
661,770,0.800170
561,670,0.800176
239,348,0.800193
758,867,0.800215
752,861,0.800221
1271,1380,0.800225
1402,1511,0.800245
124,233,0.800251
1180,1289,0.800259
1011,1120,0.800261
27,1501,0.800269
1003,1112,0.800282
898,1007,0.800299
407,516,0.800309
1261,1370,0.800320
524,633,0.800330
1110,1219,0.800352
531,640,0.800385
996,1105,0.800387
1464,1573,0.800389
1240,1349,0.800396
1078,1209,0.800399
1451,1560,0.800421
611,720,0.800430
383,492,0.800436
1327,1436,0.800446
357,466,0.800446
1091,1200,0.800460
1225,1334,0.800477
1356,1465,0.800480
816,925,0.800517
1085,1194,0.800522
422,531,0.800539
810,919,0.800548
632,741,0.800550
278,387,0.800562
0,1474,0.800619
857,966,0.800644
307,416,0.800664
1198,1307,0.800698
349,458,0.800700
552,661,0.800704
1411,1520,0.800710
772,881,0.800717
1069,1178,0.800739
347,456,0.800769
1170,1279,0.800769
60,169,0.800778
49,158,0.800781
870,979,0.800785
974,1083,0.800810
814,945,0.800822
760,869,0.800857
182,291,0.800860
583,692,0.800864
207,316,0.800921
508,617,0.800921
114,223,0.800931
538,647,0.800933
741,850,0.800963
780,889,0.800980
271,380,0.800998
37,146,0.801027
354,463,0.801046
54,1528,0.801064
627,736,0.801104
1408,1539,0.801109
194,303,0.801111
1462,1571,0.801135
1029,1138,0.801136
476,585,0.801152
991,1100,0.801178
329,438,0.801242
180,289,0.801255
1416,1525,0.801298
842,951,0.801307
160,269,0.801313
574,683,0.801350
13,122,0.801364
986,1095,0.801365
136,245,0.801370
1440,1549,0.801377
1133,1242,0.801395
163,272,0.801418
477,586,0.801423
22,1496,0.801434
867,976,0.801439
350,459,0.801491
42,151,0.801503
467,576,0.801506
571,680,0.801557
796,905,0.801557
938,1047,0.801634
615,724,0.801640
87,196,0.801644
106,1580,0.801789
10,1484,0.801823
33,142,0.801825
470,579,0.801829
220,351,0.801889
361,470,0.801911
243,352,0.801967
103,1577,0.801999
961,1070,0.802011
616,747,0.802029
718,827,0.802031
554,663,0.802035
234,343,0.802061
212,321,0.802103
1147,1256,0.802134
590,699,0.802148
740,849,0.802156
514,623,0.802165
604,713,0.802168
40,149,0.802201
617,726,0.802220
944,1053,0.802233
1362,1471,0.802236
1065,1174,0.802250
746,855,0.802253
665,774,0.802357
1469,1578,0.802405
1341,1450,0.802411
175,284,0.802449
1070,1179,0.802457
219,328,0.802460
64,1538,0.802513
695,804,0.802521
621,730,0.802572
419,528,0.802585
326,435,0.802650
786,895,0.802650
118,227,0.802653
1056,1187,0.802695
52,1526,0.802702
1134,1243,0.802703
1371,1480,0.802772
214,323,0.802775
1020,1129,0.802776
1185,1294,0.802782
883,992,0.802785
534,643,0.802806
15,124,0.802815
1370,1479,0.802817
791,900,0.802860
881,990,0.802868
895,1004,0.802938
1454,1563,0.802959
1339,1448,0.802961
144,253,0.802984
1045,1154,0.802986
1300,1409,0.802991
141,250,0.802994
572,703,0.802996
1428,1537,0.803019
1457,1566,0.803024
276,385,0.803071
1459,1568,0.803113
933,1042,0.803120
275,384,0.803136
405,514,0.803140
838,947,0.803205
1358,1467,0.803235
1143,1252,0.803245
1165,1274,0.803292
211,320,0.803321
1431,1540,0.803353
1456,1565,0.803360
1145,1254,0.803373
181,290,0.803448
128,237,0.803456
866,975,0.803507
463,572,0.803530
1153,1262,0.803582
8,117,0.803606
1136,1245,0.803625
1080,1189,0.803634
981,1090,0.803651
1309,1418,0.803657
1412,1521,0.803672
78,1552,0.803685
1418,1527,0.803687
860,969,0.803779
1307,1416,0.803793
1051,1160,0.803809
1092,1201,0.803898
548,657,0.803911
1352,1461,0.803975
230,339,0.804040
901,1010,0.804067
256,365,0.804088
597,706,0.804099
288,397,0.804101
723,832,0.804109
1006,1115,0.804172
622,731,0.804192
1249,1358,0.804194
184,293,0.804223
1082,1191,0.804226
785,894,0.804281
291,400,0.804287
1276,1407,0.804288
297,406,0.804337
1306,1415,0.804345
1446,1555,0.804424
1216,1325,0.804456
1021,1130,0.804498
1192,1301,0.804560
1032,1141,0.804584
840,949,0.804606
427,536,0.804632
458,567,0.804633
1160,1269,0.804707
224,333,0.804724
569,678,0.804738
1337,1446,0.804743
837,946,0.804759
1252,1361,0.804772
2,1476,0.804787
1396,1505,0.804803
305,414,0.804843
73,182,0.804901
60,1534,0.804948
306,415,0.804982
1310,1419,0.805022
685,794,0.805046
733,842,0.805069
614,723,0.805191
875,984,0.805229
26,135,0.805267
1057,1166,0.805276
457,566,0.805326
42,1516,0.805331
690,799,0.805340
681,790,0.805349
425,534,0.805372
69,1543,0.805464
1014,1123,0.805468
379,488,0.805483
76,185,0.805548
342,451,0.805575
475,584,0.805622
12,1486,0.805638
460,569,0.805689
34,143,0.805791
162,271,0.805832
1316,1425,0.805837
384,493,0.805869
387,496,0.805880
436,545,0.805941
1138,1247,0.806044
375,484,0.806051
573,682,0.806064
444,553,0.806103
358,467,0.806167
318,427,0.806173
129,238,0.806180
258,367,0.806234
766,875,0.806236
195,304,0.806293
790,899,0.806459
452,561,0.806480
242,373,0.806510
238,347,0.806537
588,697,0.806560
970,1079,0.806572
605,714,0.806589
35,144,0.806618
985,1094,0.806722
693,802,0.806747
267,376,0.806751
834,943,0.806754
618,727,0.806945
1463,1572,0.806953
1384,1493,0.806991
461,570,0.806995
1441,1550,0.807057
916,1025,0.807073
1312,1421,0.807090
713,822,0.807115
328,437,0.807143
607,716,0.807184
232,341,0.807245
300,409,0.807290
1269,1378,0.807305
1330,1439,0.807333
157,266,0.807381
802,911,0.807438
240,349,0.807485
51,160,0.807524
385,494,0.807532
223,332,0.807540
1242,1351,0.807572
431,540,0.807624
736,845,0.807695
1042,1151,0.807702
49,1523,0.807769
109,218,0.807778
708,817,0.807909
882,991,0.807920
613,722,0.808027
35,1509,0.808039
77,186,0.808040
637,746,0.808044
913,1022,0.808049
14,1488,0.808140
27,136,0.808165
91,1565,0.808220
599,708,0.808239
233,342,0.808274
331,440,0.808338
1168,1277,0.808393
737,846,0.808452
1013,1122,0.808508
50,159,0.808540
1347,1456,0.808544
1397,1506,0.808549
82,191,0.808577
52,161,0.808622
1182,1291,0.808746
159,268,0.808747
754,863,0.808763
667,776,0.808876
280,389,0.808882
963,1072,0.808918
1200,1309,0.809008
1329,1438,0.809021
241,350,0.809059
199,308,0.809081
636,745,0.809089
546,655,0.809184
85,194,0.809205
341,450,0.809215
71,180,0.809255
1385,1494,0.809280
526,635,0.809373
734,843,0.809384
696,805,0.809394
1053,1162,0.809448
309,418,0.809450
196,305,0.809478
527,636,0.809508
368,477,0.809515
923,1032,0.809565
589,698,0.809567
649,758,0.809778
1284,1393,0.809818
884,993,0.809861
515,624,0.809922
89,198,0.809993
768,877,0.810111
1298,1429,0.810142
1177,1286,0.810153
662,771,0.810300
1414,1523,0.810393
12,121,0.810426
1183,1292,0.810637
831,940,0.810649
122,231,0.810729
265,374,0.810837
343,452,0.810897
1405,1514,0.810914
359,468,0.810946
398,507,0.810960
978,1087,0.810966
935,1044,0.811055
993,1102,0.811069
566,675,0.811152
33,1507,0.811194
1125,1234,0.811251
937,1046,0.811284
1139,1248,0.811319
25,1499,0.811367
65,1539,0.811372
1267,1376,0.811422
1294,1403,0.811502
735,844,0.811509
96,205,0.811543
420,529,0.811544
1016,1125,0.811762
969,1078,0.811802
377,486,0.811925
915,1024,0.812087
101,1575,0.812136
1448,1557,0.812174
957,1066,0.812178
1132,1241,0.812194
586,695,0.812240
530,639,0.812363
893,1002,0.812378
998,1107,0.812385
490,599,0.812427
1120,1229,0.812450
380,489,0.812956
1360,1469,0.813311
674,783,0.813325
500,609,0.813339
237,346,0.813360
951,1060,0.813472
10,119,0.813589
273,382,0.813618
478,587,0.813643
1189,1298,0.813826
151,260,0.813827
310,419,0.813877
1279,1388,0.813984
659,768,0.814073
945,1054,0.814079
111,220,0.814104
1062,1171,0.814160
155,264,0.814316
846,955,0.814379
1471,1580,0.814406
51,1525,0.814426
804,913,0.814485
927,1036,0.814550
1365,1474,0.814800
1209,1318,0.814966
178,287,0.815118
58,1532,0.815211
11,1485,0.815319
1100,1231,0.815368
1226,1335,0.815441
657,766,0.815486
1191,1300,0.815612
544,653,0.815620
126,235,0.815781
90,199,0.815821
806,915,0.815840
397,506,0.815897
445,554,0.816231
1231,1340,0.816321
95,204,0.816376
488,597,0.816471
1022,1131,0.816580
625,734,0.816616
171,280,0.816692
1286,1395,0.816975
1084,1193,0.817052
578,687,0.817129
821,930,0.817596
953,1062,0.817734
153,262,0.817961
66,1540,0.818025
699,808,0.818072
1044,1153,0.818102
1137,1246,0.818145
1236,1345,0.818179
1048,1157,0.818226
1453,1562,0.818243
549,658,0.818392
229,338,0.818463
1378,1487,0.818562
822,931,0.818998
877,986,0.819157
647,756,0.819189
918,1027,0.819559
691,800,0.819643
783,892,0.819644
788,897,0.819766
1445,1554,0.819939
1265,1374,0.820023
828,937,0.820042
1389,1498,0.820092
989,1098,0.820139
520,629,0.820296
73,1547,0.820300
1393,1502,0.820341
376,485,0.820413
298,407,0.820508
897,1006,0.820789
502,611,0.821218
439,548,0.821313
794,903,0.821346
250,359,0.821355
57,1531,0.821912
434,543,0.822013
545,654,0.822189
968,1099,0.822300
608,717,0.822343
673,782,0.822462
1246,1355,0.822723
68,177,0.822774
103,212,0.823080
506,637,0.823308
851,960,0.823436
1433,1542,0.823540
728,837,0.823678
400,509,0.823740
1253,1362,0.823760
869,978,0.824028
692,801,0.824075
1302,1411,0.824140
682,813,0.824154
139,248,0.824662
535,644,0.824832
70,1544,0.824897
1099,1208,0.825163
388,497,0.825179
453,562,0.825188
44,1518,0.825201
769,878,0.825395
471,580,0.825403
839,948,0.826077
19,128,0.826263
1040,1149,0.826730
581,690,0.826775
166,275,0.826791
1324,1433,0.827032
749,858,0.827202
313,422,0.827271
1400,1509,0.827467
675,784,0.827617
930,1039,0.827653
482,591,0.827703
1096,1205,0.827735
1218,1327,0.827859
776,885,0.827901
629,738,0.828085
13,1487,0.828195
1008,1117,0.828198
9,118,0.828671
602,711,0.828687
1373,1482,0.829019
949,1058,0.829082
324,433,0.829165
747,856,0.829289
1104,1213,0.829706
455,564,0.830150
619,728,0.830271
1155,1264,0.830444
37,1511,0.830466
2,111,0.830486
84,1558,0.831099
251,360,0.831218
286,417,0.831588
93,1567,0.831761
1169,1278,0.831978
270,379,0.832198
479,588,0.832365
1467,1576,0.833212
31,140,0.833413
1024,1133,0.833814
30,1504,0.834019
156,265,0.834469
259,368,0.834835
373,482,0.834906
1342,1473,0.835432
333,442,0.835708
1338,1447,0.837477
39,148,0.837897
1195,1304,0.838397
894,1003,0.839155
722,831,0.839401
820,929,0.839562
975,1084,0.840616
325,434,0.840660
1041,1150,0.841442
1243,1352,0.842073
1118,1227,0.842215
1089,1198,0.842262
472,581,0.842477
104,213,0.842827
755,864,0.843435
1188,1319,0.843848
1071,1180,0.843941
123,232,0.844798
186,295,0.844928
1340,1449,0.845670
46,1520,0.845881
1357,1466,0.846378
130,239,0.847100
1438,1547,0.847360
253,362,0.848264
1420,1529,0.848502
19,1493,0.849633
106,215,0.850195
600,709,0.850974
593,702,0.851423
1171,1280,0.851741
204,313,0.852507
1273,1382,0.852816
626,735,0.856540
424,533,0.857566
553,662,0.857677
1390,1499,0.858868
85,1559,0.859010
406,515,0.859401
942,1051,0.861311
902,1033,0.862841
277,386,0.864075
1122,1253,0.866700
1291,1400,0.867098
57,166,0.872883
773,882,0.883090
242,1066,10.350412
185,1009,10.350424
385,1144,10.350427
542,1344,10.350441
475,1234,10.350452
678,1480,10.350452
28,809,10.350453
742,1501,10.350453
275,1099,10.350454
118,899,10.350457
632,1434,10.350466
107,866,10.350472
712,1493,10.350496
442,1223,10.350500
8,832,10.350519
652,1411,10.350541
512,1336,10.350558
614,1373,10.350558
414,1216,10.350568
641,1422,10.350581
88,869,10.350589
137,918,10.350600
294,1118,10.350617
208,989,10.350640
186,967,10.350652
599,1423,10.350682
54,878,10.350714
690,1471,10.350718
355,1136,10.350721
452,1254,10.350723
235,994,10.350735
709,1490,10.350741
578,1359,10.350743
231,1055,10.350744
343,1145,10.350748
490,1314,10.350749
686,1510,10.350794
539,1363,10.350796
35,837,10.350816
574,1398,10.350822
257,1016,10.350825
382,1163,10.350829
270,1051,10.350840
266,1090,10.350845
39,798,10.350858
441,1265,10.350861
365,1167,10.350865
749,1573,10.350873
123,882,10.350884
782,1541,10.350888
245,1069,10.350898
799,1580,10.350914
84,886,10.350926
155,979,10.350938
761,1520,10.350964
474,1233,10.350969
313,1094,10.350981
743,1545,10.351003
621,1402,10.351014
174,933,10.351038
295,1076,10.351040
747,1506,10.351066
127,929,10.351095
435,1237,10.351103
494,1275,10.351112
13,772,10.351121
730,1554,10.351151
254,1013,10.351153
197,956,10.351156
573,1354,10.351163
160,941,10.351164
20,779,10.351171
119,943,10.351173
431,1190,10.351180
482,1241,10.351186
166,925,10.351188
21,780,10.351191
128,930,10.351199
5,786,10.351199
810,1569,10.351209
635,1394,10.351211
168,927,10.351228
321,1080,10.351231
395,1197,10.351236
565,1324,10.351239
57,859,10.351259
154,935,10.351268
509,1333,10.351285
427,1251,10.351288
328,1087,10.351312
323,1082,10.351330
378,1202,10.351371
332,1156,10.351377
478,1237,10.351379
625,1449,10.351379
238,997,10.351380
622,1403,10.351385
7,788,10.351390
633,1435,10.351398
327,1086,10.351401
625,1406,10.351414
309,1090,10.351470
439,1198,10.351485
445,1226,10.351491
329,1088,10.351496
315,1096,10.351496
463,1287,10.351501
790,1549,10.351518
419,1243,10.351533
272,1096,10.351536
333,1114,10.351541
95,919,10.351542
532,1313,10.351553
422,1246,10.351556
470,1251,10.351565
772,1553,10.351567
66,847,10.351581
306,1065,10.351593
588,1390,10.351594
147,949,10.351600
125,927,10.351611
38,840,10.351611
543,1302,10.351618
561,1385,10.351620
735,1559,10.351641
74,855,10.351652
689,1513,10.351665
265,1046,10.351666
392,1194,10.351683
162,943,10.351698
87,889,10.351704
411,1213,10.351707
619,1443,10.351707
617,1441,10.351730
468,1249,10.351762
780,1561,10.351764
659,1461,10.351781
663,1444,10.351786
629,1388,10.351787
549,1351,10.351803
681,1483,10.351804
380,1204,10.351805
196,998,10.351805
131,890,10.351809
274,1098,10.351811
722,1524,10.351812
696,1498,10.351812
233,1035,10.351822
19,778,10.351824
117,941,10.351828
84,843,10.351830
529,1310,10.351838
231,990,10.351856
86,888,10.351857
464,1288,10.351862
182,1006,10.351885
378,1159,10.351886
741,1500,10.351912
547,1306,10.351918
582,1406,10.351927
739,1498,10.351940
694,1453,10.351952
640,1464,10.351952
478,1280,10.351954
617,1398,10.351961
462,1243,10.351983
39,841,10.351985
572,1353,10.351992
633,1392,10.352002
186,1010,10.352017
333,1157,10.352047
15,774,10.352072
502,1304,10.352073
466,1247,10.352083
649,1473,10.352095
425,1206,10.352100
476,1235,10.352101
774,1555,10.352107
37,796,10.352113
70,894,10.352125
184,965,10.352127
331,1112,10.352137
500,1259,10.352144
647,1428,10.352147
794,1575,10.352148
139,963,10.352149
286,1110,10.352149
455,1257,10.352152
602,1426,10.352158
651,1453,10.352185
264,1088,10.352190
61,820,10.352194
44,825,10.352211
472,1296,10.352231
278,1037,10.352240
453,1212,10.352263
719,1521,10.352285
610,1412,10.352303
611,1370,10.352317
600,1381,10.352322
158,939,10.352328
464,1245,10.352334
284,1043,10.352398
769,1528,10.352400
524,1283,10.352405
280,1082,10.352422
505,1264,10.352434
113,937,10.352463
404,1185,10.352489
92,916,10.352501
786,1545,10.352509
667,1448,10.352526
12,814,10.352547
520,1279,10.352568
317,1141,10.352597
627,1451,10.352601
637,1396,10.352616
261,1063,10.352628
159,983,10.352638
98,922,10.352641
433,1235,10.352642
470,1294,10.352646
586,1345,10.352648
373,1132,10.352666
631,1390,10.352676
106,908,10.352678
124,883,10.352756
218,1020,10.352758
271,1052,10.352760
776,1557,10.352765
317,1098,10.352767
547,1349,10.352782
408,1210,10.352785
328,1130,10.352806
204,985,10.352815
347,1106,10.352829
309,1133,10.352861
736,1560,10.352870
418,1199,10.352891
631,1433,10.352906
24,848,10.352929
768,1570,10.352934
193,995,10.352960
623,1404,10.352966
733,1514,10.352967
133,957,10.352968
325,1127,10.352973
555,1379,10.352976
57,816,10.353007
324,1126,10.353010
421,1245,10.353018
475,1277,10.353057
601,1425,10.353075
701,1460,10.353075
589,1391,10.353093
305,1107,10.353095
587,1346,10.353159
454,1256,10.353170
580,1404,10.353178
340,1164,10.353178
131,933,10.353197
724,1526,10.353205
201,1025,10.353207
748,1572,10.353219
250,1031,10.353233
669,1493,10.353238
103,862,10.353275
729,1553,10.353296
480,1282,10.353296
78,880,10.353309
170,929,10.353309
562,1321,10.353331
221,1002,10.353346
511,1292,10.353353
700,1502,10.353393
622,1446,10.353400
420,1244,10.353416
364,1123,10.353452
90,871,10.353478
223,1047,10.353479
397,1178,10.353491
307,1109,10.353492
204,1028,10.353494
502,1261,10.353496
522,1324,10.353502
144,946,10.353515
396,1177,10.353519
319,1078,10.353522
374,1155,10.353542
778,1559,10.353563
734,1515,10.353573
167,926,10.353579
487,1311,10.353595
715,1539,10.353604
680,1439,10.353610
136,917,10.353614
170,972,10.353615
627,1386,10.353668
225,1049,10.353669
176,1000,10.353702
698,1457,10.353736
11,770,10.353769
784,1543,10.353778
583,1407,10.353785
727,1551,10.353788
353,1177,10.353792
298,1057,10.353794
259,1018,10.353798
592,1351,10.353809
25,806,10.353818
783,1542,10.353827
273,1097,10.353831
282,1084,10.353831
802,1583,10.353838
10,791,10.353842
290,1114,10.353849
29,853,10.353865
426,1207,10.353871
217,976,10.353892
239,1041,10.353897
143,967,10.353899
351,1153,10.353901
257,1059,10.353909
156,980,10.353946
27,851,10.353948
323,1125,10.353963
1,782,10.353968
148,907,10.353979
159,940,10.353999
111,935,10.354007
278,1080,10.354016
708,1532,10.354024
344,1103,10.354024
138,962,10.354027
394,1196,10.354043
566,1325,10.354064
345,1147,10.354069
791,1550,10.354075
770,1551,10.354077
371,1173,10.354081
226,1050,10.354088
202,1026,10.354097
206,1030,10.354105
121,945,10.354107
162,986,10.354113
316,1140,10.354124
404,1228,10.354137
79,881,10.354143
311,1135,10.354167
406,1187,10.354171
568,1370,10.354204
283,1085,10.354207
656,1458,10.354222
3,827,10.354239
305,1064,10.354275
401,1182,10.354286
169,971,10.354302
228,1052,10.354311
88,912,10.354319
126,928,10.354329
459,1261,10.354391
157,938,10.354391
115,896,10.354420
541,1343,10.354426
501,1303,10.354433
59,861,10.354435
69,850,10.354451
462,1286,10.354452
114,938,10.354455
195,997,10.354459
591,1393,10.354470
795,1576,10.354502
788,1547,10.354502
798,1579,10.354521
553,1377,10.354524
26,850,10.354524
81,883,10.354526
684,1465,10.354538
762,1521,10.354551
47,828,10.354570
553,1334,10.354601
123,925,10.354632
48,829,10.354657
504,1306,10.354662
590,1392,10.354699
140,964,10.354711
527,1286,10.354721
560,1341,10.354739
434,1193,10.354742
635,1437,10.354753
793,1574,10.354763
518,1320,10.354773
516,1297,10.354774
430,1232,10.354777
714,1495,10.354778
55,879,10.354800
707,1488,10.354803
688,1512,10.354814
325,1084,10.354840
77,836,10.354871
234,1036,10.354878
781,1540,10.354902
13,815,10.354910
757,1581,10.354912
1,825,10.354930
694,1496,10.354954
425,1249,10.354956
713,1494,10.354967
375,1199,10.354974
615,1374,10.354977
693,1452,10.354977
68,849,10.354979
492,1316,10.354984
551,1375,10.355023
647,1471,10.355033
326,1085,10.355056
399,1223,10.355063
619,1400,10.355070
22,803,10.355072
722,1481,10.355096
445,1269,10.355118
472,1253,10.355123
567,1326,10.355128
750,1531,10.355138
9,833,10.355162
107,909,10.355171
358,1139,10.355174
117,898,10.355191
76,857,10.355203
243,1067,10.355208
452,1211,10.355213
0,824,10.355220
164,988,10.355225
129,931,10.355232
172,974,10.355256
648,1429,10.355272
63,865,10.355287
342,1144,10.355332
423,1204,10.355339
765,1524,10.355346
558,1382,10.355385
702,1504,10.355390
483,1242,10.355412
673,1475,10.355417
115,939,10.355421
674,1433,10.355429
398,1179,10.355483
281,1040,10.355483
703,1462,10.355504
634,1393,10.355543
606,1408,10.355545
551,1332,10.355547
172,931,10.355548
223,1004,10.355589
736,1517,10.355593
79,838,10.355596
429,1253,10.355605
671,1430,10.355656
45,869,10.355659
253,1077,10.355669
466,1290,10.355671
646,1427,10.355689
614,1416,10.355691
493,1317,10.355693
651,1410,10.355694
154,978,10.355698
537,1318,10.355703
412,1214,10.355705
500,1302,10.355706
15,817,10.355727
660,1484,10.355733
623,1447,10.355741
35,794,10.355750
178,959,10.355762
156,937,10.355765
413,1172,10.355765
210,1012,10.355783
658,1460,10.355793
268,1092,10.355794
287,1111,10.355795
753,1534,10.355829
302,1104,10.355829
251,1032,10.355837
473,1232,10.355843
390,1149,10.355851
270,1094,10.355871
480,1239,10.355874
533,1314,10.355901
237,996,10.355904
386,1145,10.355906
702,1461,10.355920
489,1313,10.355924
239,998,10.355936
25,849,10.355964
392,1151,10.355968
52,876,10.355982
298,1100,10.355989
70,851,10.355991
572,1396,10.356006
194,996,10.356033
682,1506,10.356072
703,1505,10.356072
691,1515,10.356090
456,1258,10.356125
341,1165,10.356128
386,1188,10.356131
630,1389,10.356140
191,950,10.356156
252,1076,10.356166
710,1491,10.356168
535,1359,10.356180
104,863,10.356187
577,1401,10.356188
531,1355,10.356195
665,1489,10.356197
96,920,10.356209
76,900,10.356209
58,860,10.356214
465,1246,10.356244
112,893,10.356247
488,1312,10.356248
49,873,10.356269
184,1008,10.356270
659,1418,10.356283
214,1016,10.356297
388,1190,10.356316
539,1298,10.356336
718,1477,10.356347
314,1095,10.356357
108,867,10.356388
657,1459,10.356396
457,1216,10.356413
446,1227,10.356422
599,1380,10.356444
758,1539,10.356451
428,1209,10.356455
639,1463,10.356467
315,1139,10.356478
17,819,10.356480
241,1043,10.356482
649,1408,10.356489
43,845,10.356498
227,1008,10.356516
213,972,10.356518
716,1518,10.356530
544,1346,10.356539
678,1437,10.356557
23,804,10.356571
720,1522,10.356589
550,1374,10.356632
664,1445,10.356633
336,1117,10.356634
254,1056,10.356655
319,1143,10.356677
72,896,10.356678
240,999,10.356686
686,1467,10.356692
471,1295,10.356701
589,1348,10.356706
37,839,10.356731
211,970,10.356761
620,1401,10.356762
192,951,10.356777
276,1035,10.356781
499,1258,10.356792
737,1561,10.356833
194,953,10.356834
498,1300,10.356836
677,1436,10.356854
99,923,10.356861
569,1371,10.356862
288,1069,10.356872
533,1357,10.356887
226,1007,10.356902
727,1508,10.356907
448,1272,10.356921
276,1078,10.356965
596,1377,10.356969
650,1452,10.356972
806,1565,10.356977
284,1086,10.356985
501,1260,10.356994
318,1099,10.356997
339,1120,10.357013
361,1185,10.357016
552,1333,10.357022
31,855,10.357032
9,790,10.357053
534,1358,10.357053
513,1337,10.357104
741,1543,10.357157
373,1175,10.357170
580,1361,10.357170
400,1224,10.357180
682,1463,10.357203
38,797,10.357237
255,1014,10.357268
439,1241,10.357269
486,1267,10.357283
19,821,10.357328
753,1577,10.357330
178,1002,10.357353
420,1201,10.357355
372,1131,10.357355
655,1414,10.357359
249,1030,10.357368
203,984,10.357372
534,1315,10.357373
504,1263,10.357399
134,915,10.357437
433,1192,10.357471
47,871,10.357475
338,1119,10.357487
396,1220,10.357488
151,910,10.357494
105,907,10.357501
522,1281,10.357509
301,1103,10.357525
24,805,10.357527
767,1569,10.357565
173,932,10.357577
264,1045,10.357593
347,1149,10.357653
188,947,10.357671
670,1451,10.357717
335,1116,10.357721
559,1383,10.357733
331,1155,10.357737
761,1563,10.357738
96,877,10.357747
721,1480,10.357747
576,1400,10.357768
171,930,10.357796
437,1239,10.357811
205,1029,10.357821
789,1548,10.357823
508,1332,10.357823
136,960,10.357838
387,1146,10.357844
244,1025,10.357852
82,841,10.357863
357,1181,10.357867
7,831,10.357867
687,1468,10.357870
182,963,10.357886
494,1318,10.357929
672,1431,10.357944
490,1271,10.357948
768,1527,10.357980
598,1422,10.358016
330,1111,10.358061
387,1189,10.358139
370,1172,10.358179
563,1322,10.358180
3,784,10.358180
641,1465,10.358180
50,874,10.358191
384,1165,10.358197
525,1284,10.358233
476,1278,10.358263
151,953,10.358271
586,1388,10.358277
237,1039,10.358286
71,852,10.358294
291,1115,10.358303
199,1023,10.358306
754,1535,10.358307
341,1100,10.358308
335,1159,10.358314
751,1575,10.358339
246,1070,10.358356
517,1276,10.358371
636,1395,10.358373
53,834,10.358374
603,1427,10.358385
604,1385,10.358391
436,1238,10.358394
402,1226,10.358397
129,888,10.358400
29,810,10.358404
249,1073,10.358405
746,1548,10.358466
53,877,10.358496
509,1290,10.358509
415,1174,10.358525
27,808,10.358537
12,771,10.358548
777,1558,10.358577
176,957,10.358599
279,1038,10.358611
2,783,10.358633
506,1287,10.358651
145,904,10.358661
751,1532,10.358676
677,1479,10.358724
485,1266,10.358732
311,1092,10.358748
431,1233,10.358755
366,1168,10.358755
406,1230,10.358757
32,856,10.358763
345,1104,10.358765
724,1483,10.358820
216,975,10.358823
546,1305,10.358825
607,1409,10.358829
381,1205,10.358834
219,1021,10.358838
299,1058,10.358859
492,1273,10.358899
571,1330,10.358929
763,1565,10.358932
423,1247,10.358961
71,895,10.358973
639,1420,10.359002
168,970,10.359003
491,1272,10.359016
369,1128,10.359019
594,1418,10.359025
258,1060,10.359029
112,936,10.359033
760,1519,10.359054
808,1567,10.359072
447,1271,10.359086
153,955,10.359110
300,1102,10.359114
320,1079,10.359118
738,1540,10.359158
449,1230,10.359168
508,1289,10.359182
575,1356,10.359198
621,1445,10.359209
595,1419,10.359214
733,1557,10.359238
353,1134,10.359245
729,1510,10.359255
405,1186,10.359285
240,1042,10.359319
215,974,10.359325
669,1450,10.359348
760,1562,10.359355
711,1492,10.359397
125,884,10.359403
384,1208,10.359451
64,823,10.359453
692,1473,10.359473
183,964,10.359484
312,1136,10.359485
636,1438,10.359501
643,1467,10.359503
503,1305,10.359516
401,1225,10.359545
648,1472,10.359551
787,1546,10.359605
332,1113,10.359643
581,1362,10.359648
216,1018,10.359652
330,1154,10.359661
4,785,10.359664
380,1161,10.359703
564,1323,10.359712
65,824,10.359725
141,922,10.359727
359,1140,10.359757
661,1485,10.359760
449,1273,10.359764
352,1176,10.359802
701,1503,10.359811
570,1329,10.359827
91,915,10.359836
731,1512,10.359898
31,812,10.359938
362,1143,10.359961
720,1479,10.359968
233,992,10.359979
805,1564,10.360019
224,1005,10.360020
488,1269,10.360039
395,1154,10.360042
565,1367,10.360043
708,1489,10.360070
523,1282,10.360099
190,992,10.360099
584,1386,10.360143
438,1197,10.360166
287,1068,10.360181
89,913,10.360230
259,1061,10.360232
745,1547,10.360303
526,1328,10.360341
474,1276,10.360343
185,966,10.360354
255,1057,10.360382
370,1129,10.360390
467,1291,10.360395
281,1083,10.360402
626,1450,10.360403
519,1278,10.360416
269,1050,10.360421
56,815,10.360424
139,920,10.360433
16,818,10.360442
166,968,10.360444
676,1435,10.360479
662,1443,10.360488
606,1365,10.360490
796,1577,10.360493
583,1342,10.360522
133,914,10.360533
80,839,10.360566
49,830,10.360607
148,950,10.360617
608,1410,10.360663
645,1469,10.360665
402,1183,10.360665
604,1428,10.360680
582,1363,10.360680
273,1054,10.360683
578,1402,10.360719
105,864,10.360736
234,993,10.360752
540,1299,10.360767
613,1372,10.360812
416,1175,10.360813
212,971,10.360835
460,1262,10.360852
21,823,10.360905
571,1373,10.360909
456,1215,10.360937
654,1413,10.360939
41,800,10.360942
497,1299,10.360954
97,878,10.360973
132,956,10.360981
160,984,10.361030
343,1102,10.361030
36,795,10.361051
658,1417,10.361078
515,1339,10.361085
193,952,10.361160
592,1394,10.361207
277,1079,10.361211
196,955,10.361213
67,848,10.361214
603,1384,10.361239
149,908,10.361290
320,1122,10.361309
706,1530,10.361323
200,981,10.361325
130,932,10.361338
329,1131,10.361355
68,892,10.361373
705,1529,10.361404
214,973,10.361418
624,1448,10.361430
704,1485,10.361430
637,1439,10.361439
755,1579,10.361439
618,1399,10.361443
601,1382,10.361457
351,1110,10.361474
200,1024,10.361483
229,1010,10.361487
495,1319,10.361490
44,868,10.361504
356,1137,10.361541
705,1486,10.361560
535,1316,10.361596
327,1129,10.361597
292,1073,10.361620
454,1213,10.361625
346,1148,10.361713
754,1578,10.361765
368,1170,10.361802
85,844,10.361831
481,1283,10.361838
451,1275,10.361838
531,1312,10.361887
302,1061,10.361921
726,1507,10.361927
428,1252,10.361939
618,1442,10.361973
801,1582,10.361994
260,1062,10.362026
363,1122,10.362072
644,1468,10.362101
414,1173,10.362108
285,1044,10.362132
457,1259,10.362149
675,1434,10.362168
521,1323,10.362173
361,1142,10.362181
173,975,10.362235
520,1322,10.362252
152,911,10.362262
177,1001,10.362270
108,910,10.362275
377,1158,10.362305
121,880,10.362306
164,945,10.362310
461,1220,10.362373
272,1053,10.362390
87,846,10.362393
354,1135,10.362437
183,1007,10.362457
397,1221,10.362527
750,1574,10.362611
683,1507,10.362623
607,1366,10.362650
201,982,10.362703
102,904,10.362743
122,924,10.362755
243,1024,10.362758
444,1225,10.362762
731,1555,10.362773
499,1301,10.362798
102,861,10.362817
165,989,10.362829
415,1217,10.362838
405,1229,10.362855
103,905,10.362859
747,1549,10.362864
579,1403,10.362935
665,1446,10.362940
225,1006,10.362941
158,982,10.362978
574,1355,10.363029
48,872,10.363029
40,799,10.363065
730,1511,10.363084
548,1350,10.363090
359,1183,10.363096
146,948,10.363097
232,991,10.363112
479,1281,10.363128
74,898,10.363143
4,828,10.363168
188,990,10.363170
189,948,10.363175
111,892,10.363192
608,1367,10.363195
676,1478,10.363221
174,976,10.363245
756,1537,10.363253
360,1141,10.363329
579,1360,10.363338
260,1019,10.363376
393,1152,10.363380
536,1317,10.363452
83,885,10.363464
179,1003,10.363498
110,934,10.363538
403,1227,10.363551
252,1033,10.363552
695,1497,10.363571
515,1296,10.363575
570,1372,10.363577
477,1279,10.363590
555,1336,10.363638
575,1399,10.363655
90,914,10.363666
803,1562,10.363674
528,1352,10.363686
739,1541,10.363687
209,968,10.363697
744,1503,10.363744
46,827,10.363793
493,1274,10.363916
316,1097,10.363940
496,1298,10.363953
187,1011,10.363988
247,1028,10.364047
755,1536,10.364090
681,1440,10.364104
670,1494,10.364136
303,1062,10.364148
407,1231,10.364158
303,1105,10.364169
763,1522,10.364177
56,858,10.364177
700,1459,10.364192
268,1049,10.364230
725,1484,10.364248
532,1356,10.364266
467,1248,10.364335
169,928,10.364348
348,1150,10.364367
764,1566,10.364448
545,1304,10.364455
14,773,10.364477
258,1017,10.364488
11,835,10.364493
206,987,10.364504
337,1161,10.364514
514,1338,10.364535
584,1343,10.364569
450,1274,10.364593
295,1119,10.364645
517,1341,10.364665
217,1019,10.364690
657,1416,10.364692
596,1420,10.364743
313,1137,10.364806
432,1191,10.364808
743,1502,10.364809
14,816,10.364811
549,1308,10.364811
334,1158,10.364823
436,1195,10.364858
437,1196,10.364877
297,1056,10.364892
561,1320,10.364945
668,1492,10.364950
523,1325,10.364950
713,1537,10.364952
150,952,10.364968
813,1572,10.364989
267,1091,10.365012
536,1360,10.365021
512,1293,10.365036
542,1301,10.365050
417,1176,10.365061
100,902,10.365063
756,1580,10.365075
709,1533,10.365100
717,1519,10.365107
78,837,10.365173
113,894,10.365179
389,1148,10.365219
286,1067,10.365243
230,1011,10.365262
54,835,10.365323
616,1440,10.365327
468,1292,10.365344
230,1054,10.365345
566,1368,10.365348
33,792,10.365360
91,872,10.365378
363,1187,10.365400
110,891,10.365420
23,847,10.365444
140,921,10.365447
141,965,10.365480
144,903,10.365533
744,1546,10.365559
652,1454,10.365565
86,845,10.365576
126,885,10.365583
354,1178,10.365613
212,1014,10.365619
119,900,10.365687
692,1516,10.365718
65,867,10.365719
585,1344,10.365754
419,1200,10.365778
376,1157,10.365801
30,854,10.365859
609,1368,10.365940
365,1124,10.365959
293,1117,10.365990
638,1419,10.366090
381,1162,10.366094
207,988,10.366101
62,821,10.366108
712,1536,10.366114
247,1071,10.366120
666,1447,10.366150
450,1231,10.366200
17,776,10.366202
507,1288,10.366241
288,1112,10.366328
728,1509,10.366344
296,1077,10.366379
127,886,10.366390
766,1525,10.366397
30,811,10.366398
280,1039,10.366420
461,1263,10.366423
122,881,10.366457
407,1166,10.366463
10,834,10.366492
20,822,10.366501
94,875,10.366507
594,1375,10.366541
498,1257,10.366542
581,1405,10.366584
660,1441,10.366635
432,1234,10.366654
459,1218,10.366654
116,897,10.366676
73,897,10.366683
340,1121,10.366726
163,987,10.366727
134,958,10.366734
642,1466,10.366737
350,1152,10.366806
218,977,10.366869
80,882,10.366883
93,874,10.366934
662,1486,10.366979
83,842,10.367122
85,887,10.367146
368,1127,10.367147
394,1153,10.367151
388,1147,10.367154
150,909,10.367190
613,1415,10.367205
45,826,10.367217
809,1568,10.367242
804,1563,10.367253
416,1218,10.367265
679,1438,10.367310
98,879,10.367320
435,1194,10.367355
629,1431,10.367388
187,946,10.367408
548,1307,10.367463
554,1378,10.367464
653,1455,10.367482
40,842,10.367486
282,1041,10.367650
356,1180,10.367675
42,801,10.367694
717,1476,10.367732
5,829,10.367824
100,859,10.367859
558,1339,10.367880
161,942,10.367963
424,1248,10.367966
718,1520,10.367972
507,1331,10.368038
489,1270,10.368081
379,1160,10.368093
245,1026,10.368117
640,1421,10.368127
391,1150,10.368233
666,1490,10.368263
167,969,10.368263
557,1338,10.368272
785,1544,10.368278
213,1015,10.368336
75,899,10.368428
748,1529,10.368459
563,1365,10.368504
236,995,10.368534
697,1499,10.368581
745,1504,10.368654
482,1284,10.368673
269,1093,10.368707
667,1491,10.368708
440,1221,10.368715
738,1497,10.368721
726,1550,10.368754
674,1476,10.368785
6,787,10.368793
143,902,10.368818
138,919,10.368838
266,1047,10.368869
307,1066,10.368892
192,994,10.368950
538,1319,10.368967
304,1106,10.368979
471,1252,10.368984
412,1171,10.369024
250,1074,10.369067
369,1171,10.369081
321,1123,10.369176
220,1044,10.369194
41,843,10.369256
274,1055,10.369300
518,1277,10.369443
728,1552,10.369496
588,1347,10.369547
593,1395,10.369590
66,890,10.369636
762,1564,10.369644
142,923,10.369715
484,1308,10.369717
60,819,10.369753
339,1163,10.369796
654,1456,10.369836
460,1219,10.369841
710,1534,10.369842
680,1482,10.369857
714,1538,10.369896
628,1430,10.369945
427,1208,10.369970
67,891,10.370127
314,1138,10.370180
562,1364,10.370205
101,903,10.370237
429,1188,10.370266
367,1169,10.370288
32,813,10.370314
525,1327,10.370327
510,1291,10.370336
364,1166,10.370419
757,1538,10.370450
374,1198,10.370488
227,1051,10.370500
543,1345,10.370530
506,1330,10.370603
486,1310,10.370607
690,1514,10.370625
735,1516,10.370685
411,1170,10.370721
765,1567,10.370739
723,1525,10.370742
232,1034,10.370763
180,961,10.370898
699,1501,10.370945
198,1022,10.371067
36,838,10.371117
308,1089,10.371163
346,1105,10.371194
199,980,10.371221
440,1264,10.371365
655,1457,10.371381
725,1527,10.371498
519,1321,10.371537
541,1300,10.371548
220,1001,10.371626
683,1464,10.371712
379,1203,10.371719
527,1329,10.371741
552,1376,10.371761
18,820,10.371800
51,875,10.371808
408,1167,10.371874
688,1469,10.371919
646,1470,10.371926
689,1470,10.371959
545,1347,10.371997
43,802,10.372114
615,1417,10.372241
483,1285,10.372261
33,857,10.372350
262,1021,10.372397
221,1045,10.372398
421,1202,10.372405
706,1487,10.372509
310,1134,10.372580
89,870,10.372582
434,1236,10.372776
190,949,10.372803
180,1004,10.372840
576,1357,10.373016
443,1224,10.373034
256,1058,10.373079
645,1426,10.373120
2,826,10.373155
559,1340,10.373166
59,818,10.373233
279,1081,10.373298
263,1022,10.373314
349,1151,10.373393
337,1118,10.373446
308,1132,10.373572
399,1180,10.373620
767,1526,10.373646
511,1335,10.373652
120,944,10.373671
463,1244,10.373693
656,1415,10.373740
242,1023,10.373759
672,1474,10.373861
360,1184,10.373873
241,1000,10.373902
58,817,10.373940
161,985,10.373940
484,1265,10.374040
203,1027,10.374103
101,860,10.374204
668,1449,10.374232
487,1268,10.374260
290,1071,10.374352
265,1089,10.374439
385,1209,10.374506
469,1293,10.374511
630,1432,10.374513
653,1412,10.374583
644,1425,10.374583
510,1334,10.374760
609,1411,10.374783
0,781,10.374830
556,1337,10.374848
446,1270,10.374970
679,1481,10.374982
358,1182,10.374987
800,1581,10.375072
207,1031,10.375072
372,1174,10.375158
807,1566,10.375204
696,1455,10.375354
505,1307,10.375359
664,1488,10.375374
248,1029,10.375379
597,1421,10.375469
145,947,10.375505
590,1349,10.375692
52,833,10.375813
442,1266,10.375820
292,1116,10.375883
297,1121,10.375982
267,1048,10.376017
389,1191,10.376079
118,942,10.376110
455,1214,10.376308
698,1500,10.376427
438,1240,10.376464
55,814,10.376504
752,1576,10.376660
447,1228,10.376730
410,1169,10.376826
18,777,10.376947
95,876,10.376981
175,934,10.377124
732,1513,10.377241
349,1108,10.377250
597,1378,10.377463
377,1201,10.377515
177,958,10.377544
444,1268,10.377564
291,1072,10.377594
153,912,10.377722
773,1554,10.377782
299,1101,10.377820
62,864,10.377955
734,1558,10.378201
236,1038,10.378378
528,1309,10.378478
211,1013,10.378537
685,1466,10.378573
567,1369,10.378635
737,1496,10.379146
135,959,10.379384
740,1499,10.379420
376,1200,10.379428
513,1294,10.379428
626,1407,10.379447
165,924,10.379571
181,1005,10.379575
50,831,10.379584
106,865,10.379631
521,1280,10.379789
285,1087,10.379793
811,1570,10.379908
554,1335,10.380134
157,981,10.380171
707,1531,10.380373
152,954,10.380781
34,836,10.380801
342,1101,10.380950
479,1238,10.381101
792,1573,10.381237
209,1033,10.381249
612,1371,10.381285
516,1340,10.381339
610,1369,10.381469
695,1454,10.381705
383,1164,10.381824
72,853,10.381867
149,951,10.381945
616,1397,10.381949
324,1083,10.382154
334,1115,10.382171
312,1093,10.382395
64,866,10.382403
93,917,10.382686
289,1070,10.382726
310,1091,10.382736
82,884,10.382757
222,1003,10.383423
222,1046,10.383464
261,1020,10.383472
16,775,10.383856
560,1384,10.383923
163,944,10.384348
496,1255,10.384392
775,1556,10.384405
114,895,10.384828
109,911,10.385251
293,1074,10.385264
591,1350,10.385280
671,1495,10.385374
481,1240,10.385429
691,1472,10.385564
202,983,10.385606
179,960,10.385647
300,1059,10.385663
721,1523,10.385793
371,1130,10.385899
352,1133,10.386010
585,1387,10.386057
530,1354,10.386322
673,1432,10.386322
229,1053,10.386512
719,1478,10.386598
497,1256,10.386655
322,1081,10.386929
235,1037,10.387065
390,1192,10.387066
34,793,10.387095
322,1124,10.387157
740,1542,10.387209
413,1215,10.387619
248,1072,10.387767
485,1309,10.387933
219,978,10.388033
675,1477,10.388200
383,1207,10.388530
628,1387,10.388681
426,1250,10.388931
398,1222,10.389064
598,1379,10.390086
663,1487,10.390129
28,852,10.390352
238,1040,10.390452
137,961,10.390922
568,1327,10.390990
684,1508,10.391074
550,1331,10.391135
759,1518,10.391161
477,1236,10.391372
556,1380,10.391414
244,1068,10.391448
73,854,10.391598
382,1206,10.391985
643,1424,10.392297
529,1353,10.392453
366,1125,10.392494
205,986,10.392915
812,1571,10.392996
51,832,10.393006
409,1168,10.393054
632,1391,10.393660
605,1429,10.393738
602,1383,10.393825
120,901,10.393906
296,1120,10.393946
611,1413,10.394189
77,901,10.394670
634,1436,10.395275
97,921,10.395399
587,1389,10.395569
441,1222,10.395742
526,1285,10.395796
253,1012,10.395927
171,973,10.395959
403,1184,10.396028
198,979,10.396068
766,1568,10.396850
357,1138,10.396980
537,1361,10.397436
732,1556,10.397516
697,1456,10.397948
210,969,10.398097
469,1250,10.398173
60,862,10.398348
92,873,10.398372
336,1160,10.398735
306,1108,10.399068
63,822,10.399144
367,1126,10.399324
752,1533,10.399460
195,954,10.399601
593,1352,10.399911
546,1348,10.400023
453,1255,10.400051
458,1217,10.400838
524,1326,10.400865
155,936,10.400870
600,1424,10.400957
530,1311,10.401124
251,1075,10.401211
350,1109,10.401236
256,1015,10.401290
769,1571,10.401784
424,1205,10.402413
135,916,10.402530
104,906,10.402689
514,1295,10.402783
443,1267,10.403052
304,1063,10.403193
175,977,10.403203
605,1364,10.403618
451,1210,10.403771
326,1128,10.404021
262,1064,10.404180
723,1482,10.404432
277,1036,10.404891
109,868,10.404989
544,1303,10.405710
116,940,10.406191
661,1442,10.406454
642,1423,10.406681
362,1186,10.407121
130,889,10.407338
503,1262,10.407392
348,1107,10.408136
181,962,10.408341
742,1544,10.409748
6,830,10.410347
573,1397,10.410474
283,1042,10.411192
69,893,10.412015
715,1474,10.412199
391,1193,10.412734
612,1414,10.412920
294,1075,10.413209
338,1162,10.413457
318,1142,10.413628
749,1530,10.414130
75,856,10.414362
422,1203,10.415221
146,905,10.415424
215,1017,10.415625
417,1219,10.415876
704,1528,10.416512
458,1260,10.416588
400,1181,10.416895
224,1048,10.418075
418,1242,10.418473
197,999,10.419401
355,1179,10.419644
758,1582,10.419783
128,887,10.421907
759,1583,10.423525
779,1560,10.423867
26,807,10.423940
42,844,10.424535
46,870,10.424827
409,1211,10.424951
685,1509,10.424960
8,789,10.425039
569,1328,10.425210
465,1289,10.425540
699,1458,10.426465
624,1405,10.428598
132,913,10.428756
716,1475,10.429213
375,1156,10.431459
191,993,10.432214
620,1444,10.432269
693,1517,10.432886
147,906,10.433260
61,863,10.433431
473,1297,10.433834
189,991,10.435508
764,1523,10.436492
495,1254,10.437806
557,1381,10.437828
208,1032,10.437874
687,1511,10.438303
94,918,10.439075
746,1505,10.439098
771,1552,10.440431
540,1342,10.441614
650,1409,10.443081
246,1027,10.443374
538,1362,10.443391
393,1195,10.444870
289,1113,10.445110
271,1095,10.446814
430,1189,10.447852
22,846,10.453503
638,1462,10.453864
99,858,10.454120
564,1366,10.454562
275,1034,10.456832
344,1146,10.458856
410,1212,10.462253
228,1009,10.462708
124,926,10.464308
711,1535,10.465580
263,1065,10.466740
595,1376,10.469182
301,1060,10.471176
577,1358,10.471596
81,840,10.476089
142,966,10.479194
797,1578,10.489215
491,1315,10.489263
448,1229,10.507407
462,789,11.520557
222,1500,11.520558
1086,1391,11.520559
541,846,11.520561
165,1443,11.520578
127,432,11.520594
999,1304,11.520598
40,345,11.520598
108,1364,11.520604
405,710,11.520605
819,1124,11.520608
762,1067,11.520611
898,1203,11.520613
1029,1334,11.520615
642,947,11.520616
901,1206,11.520617
138,443,11.520625
375,702,11.520626
127,1405,11.520634
48,353,11.520637
225,1503,11.520638
217,522,11.520640
1266,1571,11.520642
1119,1424,11.520652
326,631,11.520653
34,1312,11.520654
277,582,11.520663
307,612,11.520666
1176,1481,11.520668
154,1432,11.520670
672,977,11.520677
729,1034,11.520679
781,1086,11.520683
909,1214,11.520684
552,879,11.520685
424,729,11.520688
255,1533,11.520691
928,1233,11.520693
495,800,11.520694
78,1356,11.520699
977,1282,11.520705
274,579,11.520706
544,849,11.520707
353,680,11.520710
203,1481,11.520715
830,1135,11.520721
1026,1331,11.520733
522,827,11.520739
18,1296,11.520742
263,568,11.520747
718,1023,11.520752
45,372,11.520758
176,1454,11.520760
1173,1478,11.520761
7,1285,11.520764
571,876,11.520766
91,1369,11.520768
1061,1366,11.520784
473,778,11.520796
1236,1541,11.520798
1146,1473,11.520807
688,993,11.520816
753,1058,11.520820
1048,1353,11.520821
1233,1560,11.520822
260,1538,11.520823
94,399,11.520825
606,911,11.520829
75,1353,11.520830
732,1037,11.520832
315,620,11.520842
298,603,11.520844
914,1219,11.520846
445,750,11.520847
274,1552,11.520855
852,1157,11.520859
137,442,11.520860
157,462,11.520862
134,1412,11.520878
295,1573,11.520880
410,715,11.520901
18,323,11.520908
1273,1578,11.520911
1230,1535,11.520920
187,492,11.520923
1222,1527,11.520930
303,1581,11.520934
1112,1417,11.520945
631,936,11.520947
1104,1409,11.520948
1265,1570,11.520954
56,1334,11.520959
879,1184,11.520975
306,611,11.520985
206,511,11.520985
865,1170,11.520986
142,1420,11.520987
939,1244,11.520988
965,1270,11.520990
1120,1425,11.520991
922,1227,11.520991
1259,1564,11.520996
951,1256,11.521000
228,533,11.521002
1124,1451,11.521003
151,456,11.521008
67,394,11.521011
614,919,11.521012
459,764,11.521023
86,391,11.521027
1106,1411,11.521032
402,707,11.521032
811,1116,11.521040
130,435,11.521044
634,939,11.521046
64,1320,11.521051
148,1426,11.521053
1267,1572,11.521059
661,988,11.521059
959,1264,11.521061
669,974,11.521063
1275,1580,11.521066
1097,1402,11.521067
394,699,11.521068
7,312,11.521068
214,519,11.521079
102,407,11.521088
1261,1566,11.521091
804,1109,11.521092
1217,1522,11.521095
615,920,11.521097
152,1408,11.521102
957,1262,11.521102
593,898,11.521111
767,1072,11.521112
145,450,11.521116
258,563,11.521120
1114,1419,11.521126
296,1574,11.521128
796,1101,11.521137
150,1428,11.521139
252,1530,11.521140
135,1413,11.521149
812,1117,11.521156
299,1577,11.521156
144,1422,11.521159
149,454,11.521162
1118,1423,11.521165
289,1567,11.521172
296,601,11.521173
860,1187,11.521175
988,1293,11.521175
307,1563,11.521182
950,1255,11.521189
285,1541,11.521195
1138,1443,11.521200
136,1414,11.521202
1209,1514,11.521203
443,748,11.521210
967,1272,11.521212
138,1416,11.521233
691,996,11.521236
454,759,11.521240
99,1377,11.521247
453,758,11.521250
141,446,11.521252
364,669,11.521261
206,1484,11.521264
1045,1350,11.521267
657,962,11.521271
612,917,11.521272
557,862,11.521280
348,653,11.521283
620,925,11.521283
1056,1383,11.521306
291,1569,11.521308
246,1524,11.521311
1075,1380,11.521317
1269,1574,11.521319
45,1323,11.521320
643,948,11.521321
761,1066,11.521333
1069,1374,11.521334
97,402,11.521343
88,415,11.521343
287,1565,11.521346
721,1026,11.521348
598,903,11.521348
798,1103,11.521350
1089,1394,11.521356
759,1064,11.521357
297,1575,11.521370
810,1115,11.521379
1257,1562,11.521382
257,562,11.521383
288,615,11.521386
649,954,11.521390
525,830,11.521394
290,595,11.521408
451,756,11.521408
305,1583,11.521416
29,1307,11.521418
292,597,11.521419
404,709,11.521429
10,315,11.521433
1195,1500,11.521436
181,1459,11.521437
1100,1427,11.521441
116,421,11.521452
1012,1339,11.521459
153,458,11.521460
906,1211,11.521462
165,470,11.521472
585,890,11.521477
582,887,11.521478
37,1315,11.521479
551,878,11.521479
304,609,11.521488
710,1015,11.521494
1187,1492,11.521497
133,460,11.521509
949,1254,11.521518
421,726,11.521519
720,1025,11.521534
488,793,11.521540
651,956,11.521545
457,762,11.521554
249,554,11.521558
496,801,11.521560
255,560,11.521560
59,364,11.521571
1127,1432,11.521573
135,440,11.521590
867,1172,11.521590
211,1489,11.521596
683,1010,11.521602
953,1258,11.521604
15,1293,11.521608
49,354,11.521638
207,1485,11.521639
218,523,11.521640
60,1338,11.521643
365,670,11.521645
1014,1341,11.521648
600,905,11.521650
1169,1474,11.521651
512,817,11.521653
1022,1327,11.521663
681,986,11.521664
361,666,11.521672
816,1143,11.521677
828,1133,11.521678
875,1180,11.521680
139,444,11.521685
975,1280,11.521695
147,452,11.521696
105,1383,11.521702
706,1033,11.521702
1183,1488,11.521707
69,374,11.521713
1122,1449,11.521715
293,1571,11.521716
227,1505,11.521717
238,543,11.521719
334,639,11.521723
514,819,11.521728
80,1358,11.521729
559,864,11.521730
385,690,11.521737
13,1291,11.521738
1189,1516,11.521749
502,807,11.521752
604,909,11.521755
302,607,11.521760
412,717,11.521763
52,1330,11.521765
160,1438,11.521765
124,1402,11.521767
532,837,11.521768
1042,1347,11.521775
641,946,11.521784
465,770,11.521791
2,329,11.521796
1244,1549,11.521797
504,809,11.521800
908,1213,11.521804
243,570,11.521804
895,1200,11.521806
236,541,11.521807
806,1111,11.521809
168,473,11.521812
701,1006,11.521813
857,1162,11.521821
199,1477,11.521822
171,476,11.521832
461,766,11.521837
726,1053,11.521840
266,1544,11.521842
81,386,11.521844
1216,1521,11.521845
300,605,11.521847
96,401,11.521853
1206,1511,11.521856
140,1418,11.521863
294,1572,11.521864
146,1424,11.521867
318,623,11.521872
147,1425,11.521873
1110,1415,11.521873
848,1153,11.521875
349,654,11.521876
579,884,11.521877
704,1031,11.521877
63,368,11.521877
136,441,11.521882
341,646,11.521904
1256,1583,11.521908
254,1532,11.521911
432,737,11.521915
740,1045,11.521923
210,515,11.521930
305,610,11.521931
285,590,11.521954
958,1263,11.521955
995,1300,11.521956
1109,1414,11.521966
107,1385,11.521978
357,662,11.521979
751,1056,11.521985
969,1296,11.521985
713,1018,11.521987
143,448,11.521990
778,1083,11.521999
452,757,11.522012
802,1107,11.522019
526,831,11.522025
566,871,11.522039
294,599,11.522039
962,1267,11.522045
1255,1582,11.522047
449,754,11.522056
1164,1469,11.522056
659,964,11.522060
673,978,11.522066
159,1437,11.522071
286,613,11.522079
12,1290,11.522093
820,1125,11.522103
789,1094,11.522106
1,328,11.522112
335,640,11.522118
770,1097,11.522123
599,904,11.522129
397,724,11.522130
989,1294,11.522135
793,1120,11.522143
942,1247,11.522153
446,751,11.522154
284,589,11.522156
1040,1345,11.522159
1136,1441,11.522161
304,1582,11.522162
1181,1486,11.522164
1070,1375,11.522172
1143,1448,11.522174
773,1078,11.522175
33,1311,11.522178
769,1074,11.522180
5,1283,11.522182
149,1427,11.522184
626,931,11.522192
115,420,11.522193
431,736,11.522198
174,1430,11.522198
154,481,11.522202
838,1165,11.522202
479,784,11.522204
16,321,11.522208
310,637,11.522211
163,468,11.522212
170,475,11.522218
233,538,11.522225
396,723,11.522225
333,638,11.522230
89,416,11.522239
545,850,11.522241
920,1225,11.522243
692,997,11.522252
1108,1413,11.522257
646,951,11.522258
250,555,11.522259
803,1108,11.522263
180,485,11.522274
768,1073,11.522283
563,868,11.522298
273,1551,11.522305
974,1279,11.522310
494,799,11.522321
578,883,11.522323
180,1458,11.522325
376,703,11.522325
447,752,11.522328
601,906,11.522335
1018,1323,11.522337
225,530,11.522349
113,1391,11.522350
312,617,11.522351
108,413,11.522356
490,795,11.522359
839,1144,11.522361
194,499,11.522367
608,913,11.522367
1135,1440,11.522368
168,1446,11.522372
1067,1372,11.522379
499,804,11.522387
53,358,11.522388
179,484,11.522394
317,622,11.522394
596,923,11.522394
647,952,11.522405
1077,1382,11.522420
103,408,11.522421
214,1492,11.522425
441,768,11.522441
86,1342,11.522453
282,1560,11.522456
1225,1530,11.522466
1214,1519,11.522474
217,1495,11.522478
915,1220,11.522479
126,1404,11.522488
511,816,11.522489
22,349,11.522497
827,1132,11.522498
229,534,11.522498
961,1266,11.522500
188,493,11.522502
17,1295,11.522506
162,1440,11.522510
116,1394,11.522521
50,1328,11.522525
508,835,11.522528
330,657,11.522529
59,1337,11.522531
963,1268,11.522533
747,1052,11.522535
455,760,11.522549
244,571,11.522550
438,743,11.522560
1126,1431,11.522561
1271,1576,11.522565
985,1290,11.522571
1008,1313,11.522573
124,429,11.522575
1160,1465,11.522582
868,1173,11.522582
1240,1545,11.522587
131,1387,11.522588
184,1462,11.522602
261,1539,11.522614
164,1442,11.522617
76,1354,11.522623
1192,1497,11.522631
464,791,11.522643
655,960,11.522671
56,361,11.522675
183,488,11.522683
873,1178,11.522685
43,1299,11.522687
191,496,11.522697
271,576,11.522707
343,648,11.522708
1207,1512,11.522714
1062,1367,11.522717
223,1501,11.522731
680,985,11.522734
367,672,11.522734
1235,1540,11.522738
190,1468,11.522741
82,387,11.522757
33,338,11.522757
219,1475,11.522761
1093,1398,11.522764
356,661,11.522770
765,1070,11.522772
278,1556,11.522773
979,1284,11.522774
301,1579,11.522776
792,1119,11.522777
565,870,11.522791
1211,1538,11.522808
186,491,11.522827
916,1221,11.522834
536,841,11.522835
102,1380,11.522835
92,1370,11.522836
894,1199,11.522838
36,341,11.522845
1152,1457,11.522846
1178,1483,11.522851
418,745,11.522854
1123,1450,11.522893
1155,1460,11.522893
594,921,11.522898
610,915,11.522899
6,311,11.522899
47,1325,11.522913
338,643,11.522928
25,330,11.522934
41,346,11.522956
1090,1395,11.522956
633,938,11.522969
23,350,11.522978
203,508,11.522986
503,808,11.522990
712,1017,11.522991
1038,1343,11.522996
347,652,11.522996
1231,1536,11.523002
755,1060,11.523003
888,1193,11.523005
194,1472,11.523014
32,337,11.523015
943,1248,11.523017
383,688,11.523018
587,892,11.523018
590,895,11.523021
435,740,11.523023
14,1292,11.523025
1064,1369,11.523027
976,1281,11.523044
87,392,11.523044
855,1160,11.523049
1088,1393,11.523052
1031,1336,11.523054
119,1397,11.523064
1035,1362,11.523075
980,1285,11.523082
1223,1528,11.523084
602,907,11.523090
645,950,11.523091
653,958,11.523094
240,1496,11.523098
196,501,11.523113
924,1251,11.523113
887,1192,11.523114
249,1527,11.523116
822,1127,11.523128
686,991,11.523139
832,1137,11.523141
120,425,11.523148
61,366,11.523155
239,1517,11.523163
1224,1529,11.523176
912,1217,11.523186
25,1303,11.523189
485,812,11.523191
859,1186,11.523193
1237,1542,11.523197
734,1039,11.523199
800,1105,11.523207
1005,1310,11.523212
216,521,11.523227
1041,1346,11.523237
216,1494,11.523246
741,1046,11.523250
936,1241,11.523256
14,319,11.523276
1002,1307,11.523296
24,1302,11.523325
117,1395,11.523327
191,1469,11.523330
484,811,11.523331
100,1378,11.523336
1105,1410,11.523351
1076,1381,11.523355
175,480,11.523357
372,677,11.523362
794,1121,11.523366
1156,1461,11.523369
774,1079,11.523373
1193,1498,11.523376
780,1085,11.523376
271,1549,11.523382
416,721,11.523393
1028,1333,11.523396
881,1208,11.523399
757,1062,11.523408
991,1318,11.523418
200,527,11.523421
47,352,11.523424
941,1246,11.523425
161,466,11.523427
244,1522,11.523427
132,1410,11.523431
363,668,11.523431
264,1542,11.523445
498,803,11.523445
161,1439,11.523447
1102,1429,11.523459
891,1196,11.523464
1204,1509,11.523468
829,1134,11.523470
21,326,11.523479
84,1362,11.523481
486,813,11.523481
177,1455,11.523483
917,1222,11.523485
871,1176,11.523486
654,959,11.523489
609,914,11.523489
862,1167,11.523513
71,1349,11.523515
407,712,11.523530
481,786,11.523539
172,1450,11.523543
146,451,11.523547
39,344,11.523549
1009,1314,11.523550
763,1068,11.523554
539,844,11.523557
1004,1309,11.523563
234,539,11.523568
27,332,11.523574
893,1198,11.523576
205,510,11.523585
1007,1312,11.523596
1175,1480,11.523598
1063,1368,11.523608
183,1461,11.523608
1050,1355,11.523620
777,1082,11.523628
1059,1364,11.523633
677,982,11.523641
1248,1553,11.523644
907,1212,11.523647
1037,1342,11.523647
663,968,11.523656
91,396,11.523658
3,308,11.523671
947,1274,11.523677
1263,1568,11.523684
21,1277,11.523690
756,1061,11.523695
1020,1325,11.523697
749,1076,11.523698
925,1252,11.523701
4,309,11.523703
48,1326,11.523712
208,513,11.523713
267,572,11.523720
1046,1351,11.523722
247,1525,11.523722
58,363,11.523726
840,1145,11.523733
1188,1515,11.523736
1132,1437,11.523737
902,1229,11.523740
128,1406,11.523748
260,565,11.523762
844,1149,11.523771
836,1163,11.523779
440,767,11.523787
299,604,11.523792
44,1322,11.523798
572,899,11.523802
1258,1563,11.523805
519,824,11.523807
178,505,11.523814
554,859,11.523819
801,1106,11.523824
351,656,11.523841
923,1228,11.523848
772,1099,11.523854
233,1511,11.523861
1197,1502,11.523864
927,1232,11.523868
193,1471,11.523875
656,961,11.523885
1149,1454,11.523886
58,1336,11.523886
337,642,11.523909
693,998,11.523916
748,1075,11.523943
760,1065,11.523958
785,1090,11.523962
1116,1421,11.523964
904,1231,11.523966
323,628,11.523967
623,928,11.523974
352,679,11.523986
213,1491,11.523994
22,1300,11.523996
322,627,11.523998
1134,1439,11.523999
308,635,11.524005
1202,1507,11.524005
128,433,11.524006
205,1483,11.524016
627,932,11.524016
987,1292,11.524023
231,1509,11.524045
510,815,11.524047
93,1371,11.524065
30,1308,11.524088
198,525,11.524088
436,741,11.524089
269,574,11.524090
583,888,11.524090
185,1463,11.524096
546,851,11.524096
744,1049,11.524111
1228,1533,11.524111
66,1344,11.524131
380,685,11.524139
94,1372,11.524155
660,987,11.524165
26,331,11.524167
4,1282,11.524173
55,360,11.524186
73,1351,11.524191
948,1275,11.524199
172,477,11.524211
3,1281,11.524218
715,1020,11.524222
366,671,11.524231
1167,1494,11.524232
17,322,11.524261
377,682,11.524274
568,873,11.524279
182,487,11.524282
613,918,11.524284
910,1215,11.524291
1030,1335,11.524293
392,697,11.524294
932,1237,11.524296
861,1166,11.524297
1177,1482,11.524300
413,718,11.524301
293,598,11.524302
630,935,11.524304
381,686,11.524310
714,1019,11.524313
516,821,11.524313
46,1324,11.524318
666,971,11.524324
616,943,11.524336
625,930,11.524336
79,1357,11.524339
567,872,11.524341
215,1493,11.524347
700,1005,11.524360
1049,1354,11.524363
1251,1556,11.524368
918,1223,11.524369
202,507,11.524372
1015,1320,11.524377
398,725,11.524380
1079,1406,11.524385
57,362,11.524388
36,1314,11.524396
197,1453,11.524400
903,1230,11.524414
235,1513,11.524423
120,1398,11.524430
251,556,11.524431
204,509,11.524441
355,660,11.524442
230,535,11.524448
1096,1401,11.524449
1168,1495,11.524450
339,644,11.524455
104,409,11.524495
1210,1537,11.524496
219,524,11.524497
373,678,11.524506
899,1204,11.524509
275,1553,11.524512
689,994,11.524539
880,1207,11.524541
35,340,11.524545
955,1260,11.524550
371,676,11.524552
1055,1360,11.524564
389,694,11.524569
1073,1378,11.524569
164,469,11.524570
262,1518,11.524572
1071,1376,11.524574
314,619,11.524574
697,1002,11.524583
520,825,11.524583
1247,1552,11.524583
1117,1422,11.524616
83,388,11.524616
97,1375,11.524617
444,749,11.524625
530,857,11.524634
270,1548,11.524636
675,980,11.524638
723,1028,11.524640
425,730,11.524652
667,972,11.524673
1034,1361,11.524676
38,1316,11.524681
369,674,11.524688
83,1361,11.524690
650,955,11.524712
1199,1504,11.524713
1250,1555,11.524720
518,823,11.524724
1083,1388,11.524725
818,1123,11.524733
77,382,11.524743
1153,1458,11.524760
531,836,11.524769
1161,1466,11.524773
814,1141,11.524776
241,1497,11.524778
31,336,11.524780
648,953,11.524781
247,552,11.524788
997,1302,11.524792
513,818,11.524795
175,1431,11.524795
850,1155,11.524800
1184,1489,11.524816
209,514,11.524816
68,1346,11.524819
190,495,11.524821
730,1035,11.524823
469,774,11.524828
40,1318,11.524829
835,1140,11.524841
847,1152,11.524847
478,783,11.524867
112,439,11.524867
665,970,11.524887
983,1288,11.524892
501,806,11.524892
575,880,11.524932
72,1350,11.524933
521,826,11.524937
480,785,11.524938
483,788,11.524941
724,1029,11.524952
1000,1305,11.524962
70,1348,11.524967
297,602,11.524977
152,457,11.524986
824,1129,11.525003
275,580,11.525019
477,782,11.525019
1130,1435,11.525023
628,933,11.525027
834,1139,11.525041
226,1504,11.525050
1196,1501,11.525068
258,1536,11.525072
399,704,11.525075
1264,1569,11.525078
1203,1508,11.525079
73,378,11.525080
679,984,11.525083
224,529,11.525092
1065,1370,11.525100
1057,1384,11.525105
1243,1548,11.525122
1082,1387,11.525162
1,1279,11.525169
173,478,11.525178
981,1286,11.525185
886,1191,11.525189
737,1042,11.525200
167,472,11.525201
1220,1525,11.525214
1274,1579,11.525217
467,772,11.525231
220,1498,11.525255
192,497,11.525263
528,855,11.525276
833,1138,11.525280
1179,1484,11.525282
1145,1472,11.525300
118,423,11.525307
1128,1433,11.525318
319,624,11.525322
266,593,11.525324
856,1161,11.525326
1147,1452,11.525333
150,455,11.525338
223,528,11.525343
524,829,11.525345
1205,1510,11.525350
267,1545,11.525361
1021,1326,11.525372
276,1554,11.525378
28,1306,11.525386
74,1352,11.525400
320,625,11.525408
1154,1459,11.525408
123,1401,11.525415
19,1297,11.525440
309,636,11.525443
853,1158,11.525446
746,1051,11.525465
89,1367,11.525470
393,698,11.525473
542,847,11.525487
101,1379,11.525493
1218,1523,11.525499
690,995,11.525508
1039,1344,11.525513
1003,1308,11.525514
992,1319,11.525543
166,1444,11.525549
110,1388,11.525561
982,1287,11.525575
500,805,11.525578
50,355,11.525580
133,1411,11.525587
733,1038,11.525587
53,1331,11.525588
1006,1311,11.525625
1052,1357,11.525633
8,313,11.525646
75,380,11.525653
359,664,11.525654
113,418,11.525654
1072,1377,11.525656
708,1013,11.525665
286,1564,11.525708
279,1557,11.525722
155,482,11.525730
311,616,11.525735
795,1100,11.525741
278,583,11.525794
51,356,11.525796
324,629,11.525800
117,422,11.525812
28,333,11.525837
1144,1471,11.525839
1226,1531,11.525841
808,1113,11.525844
703,1008,11.525849
157,1435,11.525855
471,776,11.525857
739,1044,11.525874
68,395,11.525875
417,722,11.525883
874,1179,11.525884
540,845,11.525886
1212,1539,11.525886
112,1390,11.525893
189,1467,11.525900
618,945,11.525900
766,1071,11.525906
428,733,11.525920
487,792,11.525928
100,405,11.525929
787,1092,11.525929
1208,1513,11.525936
934,1239,11.525944
1081,1386,11.525945
237,1515,11.525965
784,1089,11.525974
1111,1416,11.526000
46,373,11.526000
870,1175,11.526004
1262,1567,11.526023
1151,1456,11.526028
1094,1399,11.526041
1115,1420,11.526052
43,348,11.526056
384,689,11.526060
332,659,11.526060
162,467,11.526062
1133,1438,11.526071
122,427,11.526078
139,1417,11.526082
877,1182,11.526098
671,976,11.526115
281,586,11.526123
754,1059,11.526133
187,1465,11.526134
302,1580,11.526146
6,1284,11.526158
195,500,11.526164
837,1164,11.526212
890,1195,11.526217
994,1299,11.526243
288,1566,11.526260
2,1280,11.526270
280,1558,11.526297
186,1464,11.526310
543,848,11.526311
204,1482,11.526313
998,1303,11.526326
687,992,11.526335
1129,1434,11.526342
913,1218,11.526343
470,775,11.526353
263,1519,11.526360
636,941,11.526364
1058,1385,11.526390
845,1150,11.526402
151,1429,11.526423
213,518,11.526439
342,647,11.526444
506,833,11.526447
668,973,11.526451
212,517,11.526452
1270,1575,11.526461
624,929,11.526480
422,727,11.526495
1252,1557,11.526505
1159,1464,11.526510
109,1365,11.526512
580,885,11.526525
826,1131,11.526548
169,1447,11.526554
476,781,11.526554
265,592,11.526563
929,1234,11.526570
892,1197,11.526576
173,1451,11.526581
560,865,11.526585
248,1526,11.526594
220,547,11.526595
971,1276,11.526606
395,700,11.526616
592,897,11.526617
1036,1363,11.526629
699,1004,11.526646
562,867,11.526652
252,557,11.526661
84,389,11.526665
709,1014,11.526667
87,1343,11.526668
248,553,11.526686
76,381,11.526695
42,1298,11.526707
931,1236,11.526708
15,320,11.526719
103,1381,11.526725
555,860,11.526743
549,854,11.526758
144,449,11.526758
129,1407,11.526761
281,1559,11.526765
221,1499,11.526796
935,1240,11.526798
561,866,11.526802
111,1389,11.526806
775,1080,11.526808
564,869,11.526810
20,325,11.526810
237,542,11.526817
1101,1428,11.526841
231,536,11.526848
170,1448,11.526859
1241,1546,11.526865
797,1102,11.526882
298,1576,11.526887
95,1373,11.526945
0,1278,11.526958
331,658,11.526968
20,1276,11.526980
466,771,11.527014
1098,1403,11.527017
637,942,11.527017
340,645,11.527038
197,502,11.527045
143,1421,11.527056
211,516,11.527064
1150,1455,11.527067
705,1032,11.527085
684,1011,11.527117
911,1216,11.527169
131,436,11.527173
597,902,11.527175
1232,1559,11.527190
193,498,11.527192
1032,1337,11.527195
954,1259,11.527221
889,1194,11.527245
1201,1506,11.527266
360,665,11.527277
433,738,11.527319
264,591,11.527343
639,966,11.527348
698,1003,11.527353
121,426,11.527367
179,1457,11.527369
1078,1405,11.527394
423,728,11.527413
291,596,11.527425
1219,1524,11.527432
64,369,11.527434
230,1508,11.527434
215,520,11.527438
208,1486,11.527466
242,569,11.527471
851,1156,11.527478
586,891,11.527489
200,1478,11.527493
198,1476,11.527494
62,367,11.527545
883,1188,11.527563
1238,1543,11.527595
807,1112,11.527599
256,1534,11.527607
250,1528,11.527611
986,1291,11.527627
23,1301,11.527630
1227,1532,11.527647
558,863,11.527655
44,371,11.527668
153,1409,11.527697
123,428,11.527743
1162,1467,11.527746
946,1273,11.527766
707,1012,11.527777
990,1317,11.527779
167,1445,11.527784
964,1269,11.527787
1200,1505,11.527792
90,417,11.527794
29,334,11.527807
222,549,11.527819
577,882,11.527835
727,1054,11.527853
295,600,11.527860
722,1027,11.527862
104,1382,11.527862
77,1355,11.527862
515,820,11.527867
209,1487,11.527867
69,1347,11.527879
226,531,11.527920
1017,1322,11.527920
534,839,11.527924
735,1040,11.527939
35,1313,11.527956
242,1520,11.527963
1260,1565,11.527971
32,1310,11.527973
638,965,11.527973
644,949,11.528004
121,1399,11.528011
195,1473,11.528032
884,1189,11.528043
19,324,11.528045
1253,1558,11.528047
411,716,11.528068
553,858,11.528081
51,1329,11.528100
1024,1329,11.528121
1033,1338,11.528131
489,794,11.528149
460,765,11.528152
79,384,11.528165
664,969,11.528180
782,1087,11.528218
11,316,11.528240
171,1449,11.528242
276,581,11.528259
239,544,11.528261
185,490,11.528268
813,1118,11.528313
968,1295,11.528314
864,1169,11.528316
1137,1442,11.528337
234,1512,11.528342
491,796,11.528343
57,1335,11.528359
119,424,11.528395
771,1098,11.528395
529,856,11.528400
268,1546,11.528412
386,691,11.528436
1140,1445,11.528443
591,896,11.528443
39,1317,11.528446
973,1278,11.528453
1060,1365,11.528505
41,1319,11.528526
815,1142,11.528536
472,777,11.528542
92,397,11.528542
184,489,11.528556
742,1047,11.528556
1163,1468,11.528562
282,587,11.528571
166,471,11.528590
141,1419,11.528591
492,797,11.528595
374,701,11.528603
682,1009,11.528633
1084,1389,11.528662
415,720,11.528677
537,842,11.528679
344,649,11.528706
148,453,11.528723
878,1183,11.528744
98,403,11.528781
12,317,11.528798
238,1516,11.528814
783,1088,11.528821
65,370,11.528825
270,575,11.528830
110,437,11.528842
251,1529,11.528843
408,713,11.528868
944,1249,11.528873
607,912,11.528939
10,1288,11.528951
429,734,11.528976
26,1304,11.529010
105,410,11.529026
106,411,11.529041
846,1151,11.529044
345,650,11.529054
619,924,11.529062
378,683,11.529083
259,564,11.529089
358,663,11.529092
61,1339,11.529097
745,1050,11.529108
9,314,11.529143
129,434,11.529151
434,739,11.529163
188,1466,11.529184
368,673,11.529184
843,1148,11.529197
101,406,11.529198
31,1309,11.529225
993,1298,11.529235
588,893,11.529242
290,1568,11.529244
1242,1547,11.529249
70,375,11.529250
788,1093,11.529263
882,1209,11.529267
635,940,11.529298
279,584,11.529304
617,944,11.529346
140,445,11.529383
156,1434,11.529386
1131,1436,11.529432
95,400,11.529440
863,1168,11.529460
155,1433,11.529464
711,1016,11.529483
966,1271,11.529487
1157,1462,11.529491
414,719,11.529492
261,566,11.529515
176,503,11.529547
382,687,11.529548
85,390,11.529554
662,989,11.529571
1245,1550,11.529581
24,351,11.529656
390,695,11.529717
88,1366,11.529751
527,832,11.529754
426,731,11.529798
869,1174,11.529805
1091,1396,11.529808
468,773,11.529818
329,634,11.529874
30,335,11.529891
1213,1518,11.529897
1085,1390,11.529946
764,1069,11.529964
937,1242,11.529987
573,900,11.530003
442,769,11.530005
106,1384,11.530019
245,550,11.530029
439,744,11.530031
876,1181,11.530036
253,1531,11.530051
696,1001,11.530067
1054,1359,11.530071
821,1126,11.530077
265,1543,11.530086
1023,1328,11.530116
450,755,11.530131
406,711,11.530169
253,558,11.530175
535,840,11.530180
37,342,11.530196
507,834,11.530200
72,377,11.530221
192,1470,11.530251
1142,1447,11.530252
156,483,11.530269
62,1340,11.530309
866,1171,11.530310
517,822,11.530339
391,696,11.530349
1148,1453,11.530376
1186,1491,11.530399
658,963,11.530429
1053,1358,11.530474
736,1041,11.530490
1016,1321,11.530496
9,1287,11.530507
268,573,11.530512
122,1400,11.530528
11,1289,11.530559
1185,1490,11.530629
362,667,11.530645
177,504,11.530649
497,802,11.530671
1001,1306,11.530672
430,735,11.530695
96,1374,11.530706
717,1022,11.530729
1013,1340,11.530746
419,746,11.530748
370,675,11.530754
940,1245,11.530774
54,1332,11.530784
235,540,11.530800
221,548,11.530843
80,385,11.530847
158,1436,11.530850
738,1043,11.530872
817,1122,11.530918
202,1480,11.530941
854,1159,11.530953
201,1479,11.530960
159,464,11.530981
1180,1485,11.530994
387,692,11.531010
118,1396,11.531060
287,614,11.531068
300,1578,11.531092
0,327,11.531124
799,1104,11.531144
182,1460,11.531157
984,1289,11.531204
241,546,11.531212
685,990,11.531218
1215,1520,11.531286
224,1502,11.531309
896,1201,11.531321
400,705,11.531362
169,474,11.531381
1182,1487,11.531401
325,630,11.531423
346,651,11.531462
538,843,11.531465
38,343,11.531503
1113,1418,11.531509
805,1110,11.531553
316,621,11.531620
960,1265,11.531621
227,532,11.531631
388,693,11.531740
228,1506,11.531744
533,838,11.531746
1171,1476,11.531750
199,526,11.531768
463,790,11.531839
1068,1373,11.531904
1272,1577,11.531963
132,459,11.531967
1165,1470,11.531967
13,318,11.532006
158,463,11.532038
632,937,11.532039
576,881,11.532051
74,379,11.532060
1249,1554,11.532070
716,1021,11.532085
1166,1493,11.532117
66,393,11.532160
779,1084,11.532218
313,618,11.532222
277,1555,11.532246
493,798,11.532331
926,1253,11.532376
1229,1534,11.532410
1095,1400,11.532513
921,1226,11.532521
306,1562,11.532567
569,874,11.532597
930,1235,11.532619
257,1535,11.532625
246,551,11.532722
1141,1446,11.532780
93,398,11.532862
1025,1330,11.532901
786,1091,11.532937
1010,1315,11.532973
8,1286,11.533050
547,852,11.533062
1170,1475,11.533098
1080,1407,11.533112
581,886,11.533121
752,1057,11.533135
640,967,11.533260
34,339,11.533262
674,979,11.533310
232,1510,11.533373
885,1190,11.533390
328,633,11.533398
259,1537,11.533400
55,1333,11.533452
1087,1392,11.533628
938,1243,11.533668
232,537,11.533690
178,1456,11.533695
1051,1356,11.533722
605,910,11.533742
858,1185,11.533921
160,465,11.533946
996,1301,11.534039
283,588,11.534054
933,1238,11.534183
809,1114,11.534251
114,1392,11.534281
458,763,11.534343
831,1136,11.534354
321,626,11.534358
589,894,11.534397
1066,1371,11.534517
790,1095,11.534573
719,1024,11.534578
595,922,11.534753
303,608,11.534755
85,1363,11.534786
289,594,11.534934
240,545,11.535092
437,742,11.535174
611,916,11.535180
676,981,11.535229
301,606,11.535235
956,1261,11.535307
243,1521,11.535322
142,447,11.535514
509,814,11.535638
196,1452,11.535749
201,506,11.535885
670,975,11.535924
694,999,11.535944
475,780,11.536044
99,404,11.536063
269,1547,11.536126
652,957,11.536168
350,655,11.536287
1194,1499,11.536301
849,1154,11.536314
570,875,11.536322
272,577,11.536333
1103,1408,11.536362
456,761,11.536451
181,486,11.536653
49,1327,11.536926
1043,1348,11.536951
1234,1561,11.536964
379,684,11.536972
972,1277,11.537351
1019,1324,11.537566
952,1257,11.537705
1099,1404,11.537773
114,419,11.537923
1047,1352,11.537924
1107,1412,11.537951
548,853,11.537959
327,632,11.537966
98,1376,11.538075
841,1146,11.538156
702,1007,11.538214
81,1359,11.538327
791,1096,11.538341
52,357,11.538372
728,1055,11.538454
130,1386,11.538671
622,927,11.538910
482,787,11.538963
695,1000,11.539004
448,753,11.539058
1172,1477,11.539157
420,747,11.539270
90,1368,11.539272
900,1205,11.539334
137,1415,11.539366
505,810,11.539583
262,567,11.539943
336,641,11.540000
842,1147,11.540110
1027,1332,11.540140
71,376,11.540154
189,494,11.540393
174,479,11.540613
1139,1444,11.540664
731,1036,11.540744
42,347,11.540762
125,1403,11.540792
550,877,11.540963
27,1305,11.540990
134,461,11.541026
283,1561,11.541134
1011,1316,11.541279
1198,1503,11.541325
584,889,11.541369
272,1550,11.541767
403,708,11.541832
978,1283,11.542236
823,1128,11.542380
678,983,11.542436
1158,1463,11.542514
523,828,11.542623
825,1130,11.542677
256,561,11.542690
1246,1551,11.542759
919,1224,11.542902
621,926,11.543196
758,1063,11.543407
109,414,11.543535
78,383,11.543775
107,412,11.543827
1190,1517,11.543989
245,1523,11.544365
872,1177,11.544687
111,438,11.544863
273,578,11.545093
897,1202,11.545176
54,359,11.545693
401,706,11.545892
218,1474,11.545948
125,430,11.545962
474,779,11.546040
1239,1544,11.546179
229,1507,11.546181
115,1393,11.546216
1121,1426,11.546682
236,1514,11.546731
1221,1526,11.546791
603,908,11.546899
1254,1581,11.547323
63,1341,11.547529
1174,1479,11.548158
5,310,11.548564
1044,1349,11.548824
629,934,11.548832
292,1570,11.548923
210,1488,11.548961
1268,1573,11.549090
284,1540,11.549887
67,1345,11.549902
409,714,11.550103
1191,1496,11.550145
354,681,11.550995
82,1360,11.551534
970,1297,11.551671
126,431,11.551851
145,1423,11.552056
743,1048,11.552613
1125,1430,11.553236
254,559,11.553415
725,1030,11.553458
212,1490,11.553584
750,1077,11.553815
905,1210,11.554704
65,1321,11.555109
1092,1397,11.555382
1074,1379,11.555938
280,585,11.556756
60,365,11.558077
163,1441,11.558188
574,901,11.559802
207,512,11.561017
776,1081,11.561847
556,861,11.563359
427,732,11.563652
945,1250,11.566260
16,1294,11.567371
106,1145,15.136951
186,708,15.136954
600,1122,15.136954
163,1224,15.136959
543,1065,15.136985
99,621,15.137010
723,1245,15.137012
810,1332,15.137016
464,1008,15.137029
27,1088,15.137032
441,1502,15.137038
523,1562,15.137038
384,1445,15.137040
264,1325,15.137044
520,1581,15.137048
129,651,15.137050
19,1058,15.137059
505,1027,15.137064
821,1343,15.137064
603,1125,15.137076
731,1275,15.137089
366,888,15.137089
900,1422,15.137093
1009,1531,15.137093
219,741,15.137109
960,1482,15.137118
532,1076,15.137119
412,934,15.137121
968,1512,15.137133
276,798,15.137139
403,1464,15.137149
46,1107,15.137158
294,1355,15.137159
28,550,15.137162
373,1412,15.137163
9,531,15.137164
196,1235,15.137169
77,599,15.137176
633,1155,15.137177
117,1178,15.137182
1036,1580,15.137185
456,978,15.137185
581,1103,15.137192
166,1227,15.137197
452,1513,15.137209
957,1479,15.137210
126,648,15.137219
144,1205,15.137230
924,1468,15.137233
340,1401,15.137245
728,1272,15.137261
273,795,15.137262
469,991,15.137267
374,918,15.137272
193,1232,15.137273
385,907,15.137287
161,683,15.137289
554,1098,15.137296
95,1156,15.137337
375,1436,15.137345
336,858,15.137353
616,1160,15.137357
228,1289,15.137366
246,790,15.137371
777,1299,15.137373
981,1503,15.137385
67,1128,15.137385
148,670,15.137390
14,536,15.137402
820,1342,15.137402
310,1371,15.137402
333,877,15.137411
354,1415,15.137416
453,975,15.137426
512,1034,15.137431
652,1174,15.137443
673,1195,15.137444
998,1520,15.137445
840,1384,15.137461
474,1535,15.137467
373,895,15.137479
32,1093,15.137495
308,852,15.137519
681,1203,15.137522
701,1223,15.137528
212,734,15.137530
204,726,15.137548
322,844,15.137555
365,887,15.137567
870,1392,15.137572
198,742,15.137598
520,1042,15.137606
359,881,15.137613
989,1511,15.137614
65,587,15.137614
434,956,15.137620
51,573,15.137620
253,1314,15.137627
0,544,15.137635
501,1540,15.137644
487,1548,15.137645
206,728,15.137661
236,1297,15.137666
889,1411,15.137667
834,1356,15.137676
224,768,15.137689
39,561,15.137700
81,1142,15.137707
367,889,15.137712
353,897,15.137715
911,1433,15.137715
59,581,15.137716
750,1294,15.137719
24,1085,15.137741
526,1048,15.137749
361,883,15.137751
420,964,15.137761
508,1052,15.137765
769,1291,15.137768
433,1494,15.137777
256,1317,15.137784
813,1335,15.137785
426,1487,15.137786
291,1352,15.137790
305,1344,15.137800
197,719,15.137807
785,1307,15.137813
897,1419,15.137814
214,736,15.137818
57,579,15.137822
828,1350,15.137832
690,1212,15.137836
16,1077,15.137838
677,1199,15.137856
506,1050,15.137856
832,1354,15.137859
389,1450,15.137869
522,1044,15.137872
979,1501,15.137872
418,1479,15.137875
317,839,15.137883
434,1495,15.137887
237,1276,15.137887
215,1254,15.137889
663,1207,15.137897
667,1189,15.137921
941,1463,15.137927
630,1152,15.137927
87,1126,15.137932
674,1196,15.137939
218,740,15.137940
514,1036,15.137955
513,1035,15.137967
45,589,15.137972
516,1038,15.137990
824,1346,15.138017
66,610,15.138021
504,1543,15.138023
234,1295,15.138036
477,999,15.138043
50,572,15.138044
238,760,15.138048
641,1185,15.138059
287,831,15.138063
75,1136,15.138069
624,1146,15.138081
279,1340,15.138101
313,1374,15.138111
669,1191,15.138125
76,1137,15.138126
771,1315,15.138134
369,891,15.138144
179,1240,15.138148
1047,1569,15.138169
220,1281,15.138169
381,1442,15.138178
584,1106,15.138178
242,1303,15.138179
265,1326,15.138179
145,667,15.138184
940,1462,15.138199
1031,1553,15.138208
420,1481,15.138217
383,1444,15.138218
169,691,15.138226
175,697,15.138231
156,700,15.138242
971,1515,15.138244
675,1197,15.138252
665,1209,15.138268
423,967,15.138270
26,1087,15.138275
73,1134,15.138278
780,1302,15.138307
432,1493,15.138308
343,1404,15.138317
271,1332,15.138319
661,1205,15.138321
357,901,15.138326
189,711,15.138326
975,1497,15.138352
6,528,15.138356
195,1234,15.138359
200,744,15.138362
973,1517,15.138381
147,1208,15.138405
814,1358,15.138415
987,1509,15.138421
407,929,15.138441
342,1403,15.138450
295,817,15.138454
693,1215,15.138456
112,656,15.138460
816,1360,15.138469
799,1321,15.138476
559,1081,15.138481
848,1370,15.138501
79,1140,15.138531
415,937,15.138533
207,1268,15.138539
489,1550,15.138544
332,1393,15.138551
204,1265,15.138551
49,593,15.138559
265,809,15.138559
273,1334,15.138561
110,1171,15.138573
118,1179,15.138599
818,1362,15.138602
65,1104,15.138621
932,1454,15.138623
732,1254,15.138627
901,1423,15.138628
585,1107,15.138631
1048,1570,15.138635
438,960,15.138641
114,658,15.138642
134,1195,15.138647
53,575,15.138649
269,813,15.138658
938,1460,15.138663
303,1342,15.138664
122,644,15.138682
752,1296,15.138684
450,1511,15.138686
742,1264,15.138691
605,1127,15.138691
921,1443,15.138694
589,1111,15.138701
75,597,15.138713
458,980,15.138713
497,1558,15.138714
227,749,15.138716
7,1068,15.138725
393,915,15.138733
283,805,15.138740
222,766,15.138745
289,833,15.138748
350,1389,15.138755
222,1283,15.138758
327,1366,15.138760
154,1215,15.138779
391,913,15.138784
822,1344,15.138793
142,664,15.138794
830,1352,15.138802
181,1242,15.138805
671,1193,15.138825
538,1060,15.138829
1044,1566,15.138837
430,952,15.138838
517,1578,15.138848
460,1499,15.138849
323,1384,15.138858
34,1095,15.138867
226,1287,15.138875
685,1229,15.138881
985,1507,15.138899
483,1005,15.138907
370,1409,15.138908
672,1194,15.138911
525,1047,15.138926
577,1121,15.138934
854,1376,15.138941
926,1470,15.138941
819,1363,15.138944
124,1185,15.138954
1017,1561,15.138959
136,1197,15.138966
470,1531,15.138966
201,1262,15.138973
356,900,15.138986
126,1187,15.139008
1001,1523,15.139010
428,1489,15.139010
285,1324,15.139016
746,1268,15.139027
779,1301,15.139029
988,1510,15.139030
8,530,15.139031
54,1115,15.139041
502,1024,15.139051
344,866,15.139070
83,1122,15.139073
983,1505,15.139081
109,1148,15.139081
209,731,15.139086
524,1046,15.139092
335,1396,15.139097
919,1441,15.139098
95,617,15.139106
316,838,15.139107
946,1490,15.139109
893,1415,15.139115
851,1373,15.139130
632,1154,15.139132
479,1518,15.139147
1032,1554,15.139153
518,1040,15.139171
644,1166,15.139173
74,1135,15.139173
348,1387,15.139179
764,1286,15.139181
210,732,15.139185
188,1249,15.139185
1040,1562,15.139198
306,828,15.139207
1024,1546,15.139211
62,584,15.139223
537,1059,15.139224
463,1007,15.139252
390,912,15.139259
395,1434,15.139270
148,1209,15.139274
242,786,15.139280
362,1423,15.139293
684,1228,15.139298
41,1080,15.139342
295,1356,15.139343
967,1489,15.139351
58,580,15.139362
221,1282,15.139377
977,1499,15.139392
437,1476,15.139392
221,765,15.139396
826,1348,15.139398
442,1503,15.139404
71,1132,15.139407
355,899,15.139409
798,1320,15.139411
69,613,15.139416
53,1114,15.139428
424,1485,15.139433
281,1320,15.139450
400,1461,15.139452
67,611,15.139456
42,564,15.139465
969,1513,15.139472
167,1228,15.139479
853,1375,15.139486
411,933,15.139494
236,758,15.139500
314,1375,15.139503
417,1456,15.139504
383,905,15.139534
248,1309,15.139536
530,1074,15.139558
101,1162,15.139559
933,1455,15.139563
1018,1540,15.139565
699,1221,15.139573
993,1537,15.139573
846,1368,15.139578
268,1329,15.139591
651,1173,15.139601
411,1472,15.139603
20,1059,15.139619
74,596,15.139629
390,1451,15.139647
200,1261,15.139649
414,1453,15.139670
391,1430,15.139672
281,803,15.139680
167,689,15.139689
483,1522,15.139697
20,542,15.139712
660,1204,15.139724
68,1129,15.139724
140,662,15.139727
558,1080,15.139748
170,692,15.139756
527,1049,15.139776
40,1079,15.139776
208,730,15.139778
482,1521,15.139784
1016,1560,15.139789
1000,1522,15.139795
837,1381,15.139803
121,1182,15.139815
491,1013,15.139831
786,1308,15.139843
916,1438,15.139848
863,1407,15.139849
314,836,15.139861
772,1316,15.139871
592,1114,15.139872
395,917,15.139881
69,1130,15.139910
425,1486,15.139912
504,1026,15.139915
912,1434,15.139916
428,950,15.139933
185,1246,15.139951
449,1510,15.139952
116,1177,15.139955
226,748,15.139967
112,1173,15.139973
230,1291,15.139987
15,537,15.139989
240,1279,15.139990
340,862,15.140001
487,1031,15.140011
638,1182,15.140015
877,1399,15.140020
118,640,15.140022
369,1408,15.140022
995,1539,15.140024
223,1284,15.140026
705,1249,15.140048
791,1313,15.140050
454,976,15.140055
1013,1557,15.140062
908,1430,15.140062
108,630,15.140071
736,1258,15.140072
542,1064,15.140081
85,1124,15.140085
235,757,15.140090
546,1068,15.140092
155,699,15.140095
862,1406,15.140139
399,943,15.140149
269,1330,15.140162
617,1161,15.140178
307,829,15.140202
61,583,15.140203
442,986,15.140214
807,1329,15.140220
108,1147,15.140231
871,1393,15.140236
601,1123,15.140253
568,1090,15.140253
325,847,15.140255
573,1117,15.140270
77,1138,15.140282
540,1062,15.140295
193,715,15.140300
133,1194,15.140300
739,1261,15.140308
152,1191,15.140319
866,1388,15.140327
79,601,15.140330
311,855,15.140333
63,585,15.140335
656,1178,15.140342
335,879,15.140346
575,1119,15.140351
302,1363,15.140360
765,1287,15.140361
494,1016,15.140361
437,959,15.140380
480,1002,15.140392
85,607,15.140396
371,893,15.140396
278,800,15.140397
874,1396,15.140397
927,1471,15.140401
162,684,15.140405
252,774,15.140416
60,1121,15.140423
954,1476,15.140450
490,1551,15.140458
223,767,15.140460
260,782,15.140465
562,1084,15.140480
425,947,15.140516
292,814,15.140551
516,1577,15.140554
470,992,15.140562
190,712,15.140563
1026,1548,15.140571
277,1338,15.140571
495,1556,15.140576
689,1211,15.140579
719,1241,15.140609
510,1571,15.140628
187,1248,15.140630
255,777,15.140633
387,1448,15.140641
43,565,15.140656
138,660,15.140683
436,1475,15.140689
716,1238,15.140694
164,686,15.140701
392,914,15.140702
477,1538,15.140702
62,1101,15.140705
76,598,15.140710
1050,1572,15.140718
131,653,15.140736
715,1237,15.140740
275,1336,15.140762
135,679,15.140764
679,1201,15.140768
1039,1583,15.140795
1021,1543,15.140799
255,1316,15.140801
16,538,15.140803
748,1292,15.140806
869,1391,15.140832
308,1369,15.140844
886,1408,15.140852
232,1293,15.140874
188,710,15.140887
627,1149,15.140891
238,1277,15.140896
24,568,15.140897
309,853,15.140902
550,1094,15.140903
158,1219,15.140904
596,1140,15.140947
454,1515,15.140959
899,1421,15.140964
422,1483,15.140973
334,1395,15.140973
209,1270,15.140989
323,845,15.140990
337,859,15.140995
803,1325,15.141003
708,1252,15.141010
724,1246,15.141030
697,1219,15.141036
363,1424,15.141040
105,627,15.141042
744,1266,15.141044
377,1438,15.141086
572,1116,15.141107
495,1017,15.141114
1030,1552,15.141132
102,624,15.141144
125,1186,15.141154
706,1250,15.141156
128,1167,15.141159
293,815,15.141187
5,1066,15.141196
403,925,15.141208
224,1285,15.141216
212,1273,15.141228
57,1118,15.141233
267,1328,15.141239
879,1401,15.141249
91,635,15.141251
141,663,15.141251
129,1168,15.141257
396,1457,15.141261
730,1274,15.141291
497,1019,15.141299
356,1417,15.141304
844,1366,15.141316
503,1542,15.141320
1046,1568,15.141336
642,1186,15.141336
80,602,15.141337
12,534,15.141355
509,1570,15.141357
231,1292,15.141358
836,1380,15.141383
440,984,15.141388
402,924,15.141389
324,846,15.141400
444,1505,15.141405
29,1090,15.141421
451,1512,15.141438
539,1061,15.141448
154,698,15.141460
304,826,15.141460
595,1139,15.141473
528,1072,15.141482
478,1000,15.141484
17,539,15.141486
513,1574,15.141487
1055,1577,15.141508
888,1410,15.141512
402,1463,15.141513
256,778,15.141519
484,1545,15.141522
41,563,15.141532
161,1222,15.141555
36,558,15.141595
348,870,15.141646
525,1564,15.141652
686,1230,15.141656
829,1351,15.141661
449,971,15.141668
128,650,15.141668
569,1091,15.141693
917,1439,15.141726
378,1439,15.141735
741,1263,15.141735
379,1440,15.141753
146,668,15.141770
276,1337,15.141776
205,727,15.141783
399,1460,15.141784
438,1477,15.141788
943,1465,15.141805
47,591,15.141806
510,1054,15.141811
109,631,15.141835
774,1318,15.141844
307,1346,15.141846
466,1527,15.141846
649,1171,15.141854
84,1123,15.141856
120,1181,15.141858
38,1099,15.141858
883,1427,15.141861
484,1028,15.141882
622,1144,15.141915
176,1237,15.141944
555,1099,15.141951
202,746,15.141953
436,958,15.141957
7,529,15.141966
130,1169,15.141983
216,1255,15.141985
950,1494,15.142005
275,797,15.142015
480,1519,15.142016
493,1554,15.142021
891,1413,15.142021
682,1226,15.142026
385,1446,15.142029
150,672,15.142035
407,1468,15.142071
103,1164,15.142081
710,1232,15.142089
722,1244,15.142090
288,832,15.142122
159,703,15.142126
163,685,15.142140
1020,1542,15.142149
462,1523,15.142153
234,756,15.142156
625,1147,15.142157
104,626,15.142171
87,609,15.142173
249,771,15.142185
561,1083,15.142187
515,1576,15.142192
107,629,15.142201
1035,1579,15.142229
299,1360,15.142246
363,885,15.142255
393,1432,15.142266
58,1119,15.142271
416,1455,15.142274
141,1202,15.142284
205,1266,15.142299
583,1105,15.142301
137,681,15.142317
811,1333,15.142328
120,642,15.142328
991,1535,15.142337
571,1093,15.142348
422,966,15.142358
423,1484,15.142359
2,546,15.142360
687,1231,15.142361
249,1310,15.142365
27,571,15.142371
377,921,15.142384
609,1131,15.142387
25,569,15.142406
232,754,15.142417
426,948,15.142417
132,1193,15.142422
297,819,15.142458
315,1376,15.142471
1049,1571,15.142485
382,1443,15.142504
1005,1527,15.142505
302,824,15.142515
700,1222,15.142521
267,811,15.142532
1012,1556,15.142550
190,1251,15.142558
861,1405,15.142558
982,1504,15.142570
358,880,15.142591
337,1398,15.142601
366,1427,15.142602
855,1377,15.142616
304,1343,15.142632
381,903,15.142638
611,1133,15.142656
1,545,15.142667
322,1383,15.142673
392,1431,15.142674
32,554,15.142678
351,873,15.142689
260,1299,15.142694
149,671,15.142694
591,1113,15.142695
4,548,15.142717
278,1339,15.142731
451,973,15.142732
216,738,15.142745
168,1229,15.142786
14,1075,15.142821
498,1020,15.142826
400,944,15.142855
1006,1528,15.142867
245,1306,15.142885
179,723,15.142916
880,1424,15.142918
444,988,15.142922
3,1064,15.142936
471,993,15.142938
252,1313,15.142948
328,850,15.142951
524,1563,15.142972
138,1199,15.142979
976,1498,15.142985
997,1519,15.142991
3,547,15.143003
408,930,15.143005
563,1085,15.143009
48,592,15.143011
738,1260,15.143025
235,1296,15.143070
881,1425,15.143072
952,1474,15.143084
847,1369,15.143087
648,1170,15.143087
21,1060,15.143095
247,1308,15.143108
521,1582,15.143118
653,1175,15.143136
2,1063,15.143171
457,979,15.143175
472,994,15.143183
288,1349,15.143185
709,1253,15.143193
299,821,15.143209
382,904,15.143223
319,1380,15.143236
130,652,15.143266
277,799,15.143276
505,1544,15.143276
1038,1582,15.143294
10,532,15.143303
424,946,15.143306
336,1397,15.143306
865,1387,15.143320
311,1372,15.143327
270,1331,15.143339
885,1429,15.143344
472,1533,15.143348
175,1214,15.143352
593,1115,15.143355
189,1250,15.143356
97,619,15.143368
284,806,15.143370
440,1501,15.143379
196,718,15.143384
345,1406,15.143391
913,1435,15.143398
457,1496,15.143404
531,1075,15.143418
740,1262,15.143425
18,540,15.143426
42,1081,15.143427
446,968,15.143427
613,1135,15.143430
35,1096,15.143439
47,1108,15.143449
133,677,15.143482
135,1196,15.143493
123,1184,15.143497
887,1409,15.143515
934,1456,15.143519
718,1240,15.143520
795,1339,15.143522
469,1530,15.143550
414,936,15.143559
115,659,15.143573
553,1097,15.143574
100,622,15.143584
352,1413,15.143598
1034,1578,15.143626
787,1309,15.143632
835,1357,15.143649
1054,1576,15.143653
66,1127,15.143661
105,1144,15.143663
310,854,15.143676
1022,1544,15.143679
766,1288,15.143691
268,812,15.143713
873,1395,15.143716
217,739,15.143737
636,1158,15.143756
142,1203,15.143758
173,695,15.143758
618,1162,15.143768
171,693,15.143801
475,997,15.143823
396,940,15.143837
55,577,15.143853
143,1204,15.143903
43,1082,15.143911
289,1350,15.143912
11,1072,15.143918
347,869,15.143942
140,1201,15.143948
296,818,15.143948
102,1163,15.143953
91,1152,15.143954
597,1141,15.143973
760,1282,15.143986
174,1213,15.143998
219,1258,15.144019
89,1150,15.144019
100,1161,15.144027
416,938,15.144030
297,1358,15.144030
182,704,15.144037
850,1372,15.144047
1052,1574,15.144054
134,678,15.144065
458,1497,15.144089
958,1480,15.144106
99,1160,15.144117
461,983,15.144127
478,1539,15.144131
183,705,15.144141
272,1333,15.144142
801,1323,15.144147
305,827,15.144176
350,872,15.144178
253,775,15.144186
261,783,15.144201
756,1278,15.144203
121,643,15.144206
287,1348,15.144228
654,1176,15.144229
301,1362,15.144238
714,1236,15.144241
450,972,15.144243
980,1502,15.144272
1003,1525,15.144285
930,1452,15.144285
83,605,15.144290
452,974,15.144305
892,1414,15.144349
475,1536,15.144386
312,1373,15.144400
501,1023,15.144406
139,661,15.144407
467,1011,15.144408
604,1126,15.144416
645,1167,15.144472
488,1032,15.144489
456,1517,15.144492
303,825,15.144499
103,625,15.144501
230,752,15.144516
364,886,15.144540
343,865,15.144559
508,1569,15.144562
1002,1524,15.144567
346,1407,15.144572
598,1142,15.144592
907,1451,15.144593
446,1507,15.144604
448,970,15.144609
1042,1564,15.144621
906,1450,15.144628
330,1391,15.144636
250,1311,15.144660
165,687,15.144689
157,701,15.144709
172,1211,15.144711
82,604,15.144716
352,896,15.144730
81,603,15.144738
431,953,15.144746
355,1416,15.144758
733,1255,15.144769
152,674,15.144771
657,1179,15.144814
247,791,15.144871
146,1207,15.144872
320,842,15.144872
379,923,15.144897
833,1355,15.144900
711,1233,15.144917
856,1378,15.144917
164,1225,15.144964
228,750,15.144966
39,1078,15.144969
326,848,15.144985
388,1449,15.145000
359,1420,15.145010
992,1536,15.145025
439,1478,15.145042
496,1557,15.145050
406,1467,15.145100
875,1397,15.145124
245,789,15.145134
325,1364,15.145135
994,1538,15.145139
279,801,15.145147
455,1516,15.145154
375,919,15.145174
729,1273,15.145179
172,694,15.145181
286,830,15.145187
244,788,15.145222
949,1493,15.145228
362,884,15.145247
215,737,15.145248
251,773,15.145248
15,1076,15.145255
233,755,15.145260
783,1305,15.145284
406,928,15.145290
254,776,15.145344
544,1066,15.145360
479,1001,15.145401
318,840,15.145402
800,1322,15.145417
961,1483,15.145418
511,1055,15.145426
499,1560,15.145436
615,1137,15.145451
368,1429,15.145475
1007,1529,15.145484
1015,1559,15.145489
691,1213,15.145525
664,1208,15.145540
92,636,15.145543
6,1067,15.145563
658,1180,15.145616
122,1183,15.145639
380,902,15.145656
481,1520,15.145668
838,1382,15.145668
582,1104,15.145673
564,1086,15.145689
106,628,15.145694
131,1170,15.145712
50,1111,15.145726
964,1486,15.145738
158,702,15.145740
361,1422,15.145749
165,1226,15.145749
293,1354,15.145755
384,906,15.145755
758,1280,15.145762
492,1553,15.145780
507,1051,15.145783
796,1340,15.145797
896,1418,15.145801
13,535,15.145809
666,1188,15.145825
704,1248,15.145848
751,1295,15.145853
1025,1547,15.145860
93,1154,15.145883
490,1012,15.145902
202,1263,15.145945
262,1301,15.145955
895,1417,15.145960
162,1223,15.145974
409,1470,15.146003
29,551,15.146004
94,616,15.146006
547,1069,15.146017
181,725,15.146024
34,556,15.146026
258,1319,15.146026
734,1256,15.146042
150,1189,15.146046
312,856,15.146049
845,1367,15.146096
309,1370,15.146103
430,1491,15.146106
565,1087,15.146117
535,1057,15.146151
184,1245,15.146154
567,1089,15.146190
517,1039,15.146191
514,1575,15.146208
331,1392,15.146238
931,1453,15.146312
767,1289,15.146313
878,1400,15.146328
136,680,15.146356
948,1492,15.146370
680,1202,15.146399
398,942,15.146403
211,733,15.146404
31,553,15.146426
489,1033,15.146445
194,716,15.146468
914,1436,15.146524
182,1243,15.146525
805,1327,15.146538
290,1351,15.146552
183,1244,15.146563
485,1029,15.146589
376,920,15.146617
186,1247,15.146628
376,1437,15.146635
935,1457,15.146637
676,1198,15.146645
378,922,15.146661
246,1307,15.146670
44,1105,15.146688
229,751,15.146702
341,863,15.146710
443,987,15.146758
599,1143,15.146772
512,1573,15.146777
1023,1545,15.146785
894,1416,15.146800
448,1509,15.146801
703,1225,15.146808
176,720,15.146839
370,892,15.146847
35,557,15.146848
903,1447,15.146851
259,1298,15.146861
17,1056,15.146915
98,620,15.146920
759,1281,15.146962
92,1153,15.146980
876,1398,15.146990
619,1163,15.147009
511,1572,15.147018
214,1275,15.147035
11,533,15.147037
467,1528,15.147039
858,1402,15.147063
241,1280,15.147154
465,1009,15.147155
330,874,15.147226
698,1220,15.147235
250,772,15.147240
259,781,15.147248
328,1367,15.147249
55,1116,15.147266
626,1148,15.147307
1043,1565,15.147313
98,1159,15.147365
925,1469,15.147365
747,1269,15.147380
71,615,15.147382
529,1073,15.147401
659,1181,15.147421
576,1120,15.147437
473,1534,15.147452
332,876,15.147454
827,1349,15.147464
321,1382,15.147487
920,1442,15.147496
481,1003,15.147499
201,745,15.147507
88,1149,15.147527
338,860,15.147597
521,1043,15.147638
792,1336,15.147650
177,1238,15.147686
804,1326,15.147716
171,1210,15.147717
898,1420,15.147727
397,1458,15.147747
262,784,15.147774
548,1070,15.147825
727,1271,15.147877
300,822,15.147880
473,995,15.147893
349,1388,15.147896
419,1480,15.147904
86,608,15.147911
482,1004,15.147947
137,1198,15.147961
978,1500,15.147977
327,849,15.147979
586,1108,15.148015
208,1269,15.148030
344,1405,15.148039
1014,1558,15.148058
357,1418,15.148062
545,1067,15.148076
351,1390,15.148078
527,1566,15.148089
578,1100,15.148092
447,969,15.148102
54,576,15.148167
46,590,15.148174
266,1327,15.148188
509,1053,15.148203
551,1095,15.148232
702,1224,15.148237
947,1491,15.148250
331,875,15.148283
319,841,15.148285
371,1410,15.148308
197,1236,15.148347
360,882,15.148413
45,1106,15.148414
429,951,15.148420
111,655,15.148455
33,1094,15.148470
110,654,15.148473
557,1079,15.148528
455,977,15.148577
922,1444,15.148588
301,823,15.148604
974,1496,15.148626
68,612,15.148629
64,586,15.148630
320,1381,15.148695
486,1547,15.148701
156,1217,15.148704
283,1322,15.148722
435,1474,15.148797
404,1465,15.148809
178,722,15.148823
429,1490,15.148824
111,1172,15.148876
180,1241,15.148885
608,1130,15.148890
413,935,15.148933
8,1069,15.148968
94,1155,15.148993
124,646,15.148996
694,1216,15.149004
628,1150,15.149033
712,1234,15.149039
806,1328,15.149042
634,1156,15.149051
745,1267,15.149086
117,639,15.149129
549,1071,15.149132
909,1431,15.149170
435,957,15.149174
401,945,15.149197
364,1425,15.149229
849,1371,15.149259
184,706,15.149274
868,1390,15.149289
326,1365,15.149305
762,1284,15.149306
417,939,15.149348
773,1317,15.149385
594,1138,15.149387
831,1353,15.149401
90,634,15.149456
282,1321,15.149475
237,759,15.149509
905,1449,15.149518
199,1260,15.149592
37,1098,15.149614
160,682,15.149614
587,1109,15.149642
965,1487,15.149643
620,1164,15.149655
18,1057,15.149683
51,1112,15.149697
499,1021,15.149698
629,1151,15.149724
410,932,15.149742
612,1134,15.149809
519,1041,15.149837
405,1466,15.149847
404,926,15.149855
959,1481,15.149880
82,1143,15.149889
500,1561,15.149900
1051,1573,15.149938
439,961,15.149940
506,1567,15.149945
802,1324,15.149971
263,1302,15.149976
415,1454,15.150014
726,1270,15.150032
753,1297,15.150036
210,1271,15.150049
263,785,15.150064
213,1274,15.150089
113,1174,15.150118
73,595,15.150125
286,1347,15.150188
459,1498,15.150195
93,637,15.150287
1041,1563,15.150385
646,1168,15.150393
533,1077,15.150399
409,931,15.150415
257,779,15.150430
526,1565,15.150443
0,1061,15.150464
173,1212,15.150518
367,1428,15.150560
397,941,15.150562
692,1214,15.150565
240,762,15.150566
784,1306,15.150624
342,864,15.150632
775,1319,15.150644
788,1310,15.150715
1027,1549,15.150749
114,1175,15.150806
867,1389,15.150819
149,1188,15.150877
191,713,15.150878
231,753,15.150901
56,1117,15.150925
778,1300,15.150930
159,1220,15.150995
306,1345,15.150996
953,1475,15.151016
823,1345,15.151034
781,1303,15.151083
410,1471,15.151099
491,1552,15.151139
793,1337,15.151141
36,1097,15.151187
695,1217,15.151188
217,1256,15.151194
462,1006,15.151205
707,1251,15.151206
313,857,15.151210
534,1056,15.151246
229,1290,15.151260
37,559,15.151279
498,1559,15.151297
333,1394,15.151320
22,566,15.151326
345,867,15.151350
30,1091,15.151379
812,1334,15.151426
668,1190,15.151457
257,1318,15.151516
789,1311,15.151521
755,1277,15.151523
388,910,15.151527
123,645,15.151529
768,1290,15.151603
1028,1550,15.151607
443,1504,15.151610
942,1464,15.151626
468,1529,15.151647
90,1151,15.151674
488,1549,15.151689
566,1088,15.151707
86,1125,15.151775
139,1200,15.151815
386,1447,15.151834
280,1341,15.151835
465,1526,15.151923
962,1484,15.151943
261,1300,15.151996
720,1242,15.152066
185,707,15.152206
72,1133,15.152237
944,1466,15.152326
466,1010,15.152334
474,996,15.152376
485,1546,15.152410
44,588,15.152424
1053,1575,15.152439
151,1190,15.152446
859,1403,15.152467
153,675,15.152467
4,1065,15.152515
113,657,15.152543
339,1400,15.152559
63,1102,15.152574
500,1022,15.152665
119,1180,15.152745
61,1100,15.152764
48,1109,15.152802
12,1073,15.152802
713,1235,15.152936
763,1285,15.153002
970,1514,15.153025
631,1153,15.153042
643,1187,15.153046
990,1534,15.153129
358,1419,15.153136
951,1495,15.153222
928,1472,15.153243
902,1446,15.153342
1045,1567,15.153346
264,808,15.153455
318,1379,15.153462
132,676,15.153476
936,1458,15.153484
28,1089,15.153499
280,802,15.153499
580,1102,15.153504
220,764,15.153521
839,1383,15.153537
461,1500,15.153575
157,1218,15.153628
248,770,15.153653
570,1092,15.153743
418,962,15.153886
427,1488,15.153886
13,1074,15.153906
1008,1530,15.153915
421,1482,15.153990
9,1070,15.154028
389,911,15.154050
116,638,15.154061
282,804,15.154084
387,909,15.154145
678,1200,15.154148
40,562,15.154164
101,623,15.154168
860,1404,15.154255
606,1128,15.154277
285,807,15.154291
360,1421,15.154325
882,1426,15.154336
518,1579,15.154390
213,735,15.154500
560,1082,15.154526
536,1058,15.154552
432,954,15.154558
52,1113,15.154559
602,1124,15.154608
60,582,15.154615
476,1537,15.154657
918,1440,15.154694
496,1018,15.154734
904,1448,15.154761
155,1216,15.154791
84,606,15.154849
579,1101,15.154863
721,1243,15.154871
842,1364,15.154971
683,1227,15.155025
329,1368,15.155118
198,1259,15.155122
315,837,15.155184
271,793,15.155344
852,1374,15.155467
22,1083,15.155538
160,1221,15.155550
996,1518,15.155640
266,810,15.155648
841,1385,15.155656
372,894,15.155658
1029,1551,15.155667
696,1218,15.155719
999,1521,15.155877
662,1206,15.156003
910,1432,15.156145
815,1359,15.156206
30,552,15.156238
107,1146,15.156255
168,690,15.156258
10,1071,15.156342
88,632,15.156385
329,851,15.156445
349,871,15.156484
386,908,15.156535
929,1473,15.156580
254,1315,15.156597
243,787,15.156748
776,1298,15.156777
270,792,15.156808
757,1279,15.156880
401,1462,15.156905
655,1177,15.156950
338,1399,15.156970
749,1293,15.157061
296,1357,15.157144
125,647,15.157175
26,570,15.157177
115,1176,15.157179
21,543,15.157329
635,1157,15.157344
195,717,15.157411
191,1252,15.157676
203,1264,15.157840
637,1159,15.157870
169,1230,15.158165
241,763,15.158173
556,1078,15.158250
151,673,15.158253
180,724,15.158291
374,1435,15.158394
408,1469,15.158433
38,560,15.158635
433,955,15.158776
284,1323,15.158794
915,1437,15.158826
717,1239,15.158965
341,1402,15.159002
166,688,15.159074
502,1541,15.159076
187,709,15.159136
412,1473,15.159152
1011,1533,15.159162
610,1132,15.159164
507,1568,15.159240
453,1514,15.159374
227,1288,15.159449
1004,1526,15.159503
492,1014,15.159567
211,1272,15.159886
239,1278,15.160092
33,555,15.160148
843,1365,15.160197
986,1508,15.160216
96,618,15.160349
966,1488,15.160393
621,1165,15.160491
80,1141,15.160492
431,1492,15.160517
233,1294,15.160835
923,1445,15.161080
298,1359,15.161234
884,1428,15.161249
59,1120,15.161362
972,1516,15.161518
441,985,15.161621
984,1506,15.161900
153,1192,15.162067
192,1253,15.162181
955,1477,15.162181
552,1096,15.162207
292,1353,15.162215
56,578,15.162353
1033,1555,15.162421
647,1169,15.162460
78,1139,15.162470
825,1347,15.162526
274,1335,15.162663
316,1377,15.163227
203,747,15.163259
782,1304,15.163333
97,1158,15.163748
427,949,15.163872
143,665,15.164221
294,816,15.164256
471,1532,15.164303
52,574,15.164666
864,1386,15.164848
334,878,15.164946
119,641,15.165059
1,1062,15.165267
459,981,15.165616
207,729,15.165678
735,1257,15.165713
177,721,15.165959
1010,1532,15.166004
324,1385,15.166094
72,594,15.166107
476,998,15.166330
147,669,15.166661
413,1452,15.166714
486,1030,15.166948
170,1231,15.166982
797,1341,15.167110
372,1411,15.167140
104,1165,15.167418
463,1524,15.167440
515,1037,15.167733
468,990,15.168013
272,794,15.168093
64,1103,15.168311
70,1131,15.168557
244,1305,15.168717
317,1378,15.168798
522,1583,15.169054
945,1467,15.169142
127,1166,15.169597
239,761,15.169665
754,1276,15.169833
127,649,15.169924
857,1379,15.170312
1019,1541,15.170323
464,1525,15.170719
872,1394,15.171007
817,1361,15.171052
405,927,15.171270
725,1247,15.171314
353,1414,15.171498
639,1183,15.171523
298,820,15.171527
503,1025,15.171610
194,1233,15.171941
206,1267,15.172159
89,633,15.172751
78,600,15.173131
25,1086,15.173450
650,1172,15.173452
445,1506,15.173706
145,1206,15.173794
19,541,15.173826
300,1361,15.173917
243,1304,15.174031
258,780,15.174897
939,1461,15.174939
380,1441,15.175189
447,1508,15.175350
346,868,15.175396
790,1312,15.176238
770,1314,15.176406
290,834,15.177237
761,1283,15.177263
494,1555,15.177370
794,1338,15.177701
623,1145,15.177847
737,1259,15.178177
956,1478,15.178385
23,1084,15.178703
808,1330,15.178807
519,1580,15.178850
574,1118,15.179607
339,861,15.179928
96,1157,15.180076
607,1129,15.180260
225,1286,15.180705
321,843,15.181015
493,1015,15.181390
354,898,15.182019
199,743,15.182244
614,1136,15.182397
419,963,15.182681
274,796,15.183889
588,1110,15.184002
688,1210,15.184061
368,890,15.184537
251,1312,15.184622
670,1192,15.184709
144,666,15.185878
31,1092,15.186850
640,1184,15.187754
445,989,15.187904
291,835,15.188173
1037,1581,15.188273
70,614,15.189719
809,1331,15.190080
460,982,15.190584
365,1426,15.191051
523,1045,15.191205
225,769,15.192296
347,1386,15.192540
394,1433,15.192700
937,1459,15.192935
590,1112,15.194276
5,549,15.194866
192,714,15.195849
421,965,15.196448
174,696,15.196838
963,1485,15.198414
541,1063,15.200711
743,1265,15.200728
218,1257,15.205091
890,1412,15.205612
398,1459,15.207278
178,1239,15.209924
49,1110,15.211773
23,567,15.214669
394,916,15.216892
350,980,18.238035
271,923,18.238047
299,1252,18.238050
764,1394,18.238056
628,1258,18.238059
895,1525,18.238060
21,952,18.238066
4,656,18.238067
32,985,18.238072
361,991,18.238073
389,1320,18.238075
356,1309,18.238081
718,1348,18.238086
566,1497,18.238105
626,1579,18.238118
94,746,18.238118
598,1250,18.238144
500,1130,18.238164
506,1459,18.238168
2,955,18.238173
685,1337,18.238176
122,1075,18.238185
140,770,18.238191
51,1004,18.238193
538,1168,18.238198
555,1508,18.238199
623,1576,18.238205
380,1032,18.238212
269,1222,18.238223
100,1053,18.238242
171,1102,18.238290
83,713,18.238297
604,1557,18.238299
576,1228,18.238299
429,1059,18.238305
451,1081,18.238307
149,1080,18.238318
263,893,18.238330
549,1179,18.238332
857,1487,18.238340
331,983,18.238341
317,947,18.238341
121,751,18.238343
772,1424,18.238353
884,1536,18.238355
492,1445,18.238355
296,1249,18.238360
625,1255,18.238361
209,1162,18.238361
23,675,18.238372
184,1137,18.238416
168,1121,18.238419
89,1042,18.238423
660,1312,18.238426
816,1468,18.238434
487,1440,18.238437
170,800,18.238441
37,968,18.238445
865,1517,18.238447
352,1004,18.238453
214,844,18.238462
481,1111,18.238473
408,1361,18.238480
595,1247,18.238485
44,696,18.238494
479,1410,18.238507
143,773,18.238507
829,1459,18.238513
9,639,18.238516
72,724,18.238518
220,1173,18.238524
418,1070,18.238538
152,1083,18.238545
536,1489,18.238554
388,1341,18.238557
535,1488,18.238575
521,1151,18.238581
227,1180,18.238584
345,1276,18.238587
213,843,18.238595
181,833,18.238620
571,1201,18.238626
205,857,18.238629
446,1399,18.238630
66,1019,18.238638
508,1160,18.238640
359,1312,18.238656
464,1116,18.238658
124,754,18.238663
549,1480,18.238667
513,1165,18.238673
374,1327,18.238685
775,1427,18.238690
179,1132,18.238694
247,1200,18.238696
80,1033,18.238696
198,1151,18.238701
647,1277,18.238703
497,1127,18.238705
858,1510,18.238711
173,803,18.238711
872,1502,18.238726
233,863,18.238727
74,1027,18.238729
235,1166,18.238733
331,1284,18.238743
933,1563,18.238762
457,1388,18.238771
577,1530,18.238778
866,1496,18.238780
767,1397,18.238784
241,1172,18.238787
941,1571,18.238791
82,1013,18.238795
808,1438,18.238811
478,1108,18.238826
745,1375,18.238827
52,682,18.238830
726,1378,18.238838
821,1473,18.238843
711,1363,18.238849
68,1021,18.238858
282,912,18.238859
443,1396,18.238875
237,1168,18.238887
268,920,18.238890
719,1349,18.238890
221,1174,18.238897
874,1504,18.238923
23,976,18.238924
229,1182,18.238931
360,990,18.238960
392,1323,18.238964
911,1541,18.238967
1,653,18.238972
539,1492,18.238981
543,1474,18.238990
906,1558,18.238994
668,1298,18.239001
382,1335,18.239003
805,1435,18.239004
725,1355,18.239005
384,1337,18.239007
223,1176,18.239012
525,1456,18.239021
864,1516,18.239030
737,1367,18.239048
156,808,18.239057
56,686,18.239059
696,1326,18.239072
397,1350,18.239086
438,1369,18.239089
705,1357,18.239090
527,1157,18.239109
358,1010,18.239110
58,688,18.239119
380,1333,18.239124
76,1029,18.239131
550,1202,18.239134
674,1304,18.239142
318,1271,18.239145
211,841,18.239148
564,1194,18.239150
688,1340,18.239159
376,1329,18.239180
203,855,18.239193
390,1321,18.239206
531,1484,18.239210
176,1129,18.239224
64,694,18.239227
184,814,18.239248
192,822,18.239253
366,996,18.239267
72,1025,18.239272
304,934,18.239292
199,851,18.239314
860,1512,18.239326
854,1484,18.239341
547,1478,18.239350
558,1188,18.239363
466,1118,18.239366
635,1265,18.239369
319,949,18.239370
261,1192,18.239375
782,1412,18.239379
372,1002,18.239380
633,1263,18.239382
172,802,18.239384
929,1581,18.239393
410,1040,18.239398
3,655,18.239409
145,1098,18.239411
500,1431,18.239417
241,871,18.239422
391,1021,18.239426
292,1245,18.239432
529,1482,18.239441
486,1439,18.239447
461,1392,18.239455
608,1561,18.239478
287,939,18.239482
556,1208,18.239484
48,700,18.239491
60,690,18.239492
339,1292,18.239499
125,755,18.239502
403,1055,18.239518
378,1331,18.239521
272,902,18.239524
545,1476,18.239535
476,1429,18.239544
419,1071,18.239546
588,1218,18.239566
192,1123,18.239568
507,1159,18.239579
735,1365,18.239585
717,1347,18.239596
713,1343,18.239601
882,1534,18.239602
519,1149,18.239613
98,1051,18.239617
417,1047,18.239624
245,1198,18.239630
414,1345,18.239641
230,860,18.239642
537,1490,18.239650
561,1514,18.239651
290,942,18.239659
135,1088,18.239660
78,708,18.239661
225,877,18.239670
394,1024,18.239679
81,1012,18.239689
541,1171,18.239690
310,1263,18.239692
416,1347,18.239701
815,1467,18.239703
786,1416,18.239706
231,1184,18.239745
411,1041,18.239750
309,961,18.239762
288,1241,18.239773
367,1298,18.239800
669,1299,18.239800
45,697,18.239825
340,1293,18.239841
514,1467,18.239841
217,847,18.239846
612,1543,18.239851
212,1165,18.239853
17,647,18.239862
233,1186,18.239874
892,1522,18.239875
62,993,18.239883
666,1318,18.239890
86,716,18.239891
31,661,18.239894
258,1189,18.239905
73,1026,18.239918
437,1067,18.239926
541,1494,18.239932
794,1446,18.239941
53,683,18.239942
484,1437,18.239946
312,964,18.239951
178,830,18.239958
566,1196,18.239963
325,955,18.239968
113,765,18.239974
62,692,18.239991
368,998,18.240016
878,1508,18.240023
84,1015,18.240026
347,977,18.240036
46,698,18.240037
315,1268,18.240040
164,794,18.240041
256,886,18.240048
581,1534,18.240054
434,1365,18.240060
98,728,18.240081
402,1054,18.240083
265,1218,18.240096
587,1217,18.240118
494,1124,18.240129
936,1566,18.240136
677,1307,18.240144
245,897,18.240145
118,1071,18.240158
409,1039,18.240171
207,837,18.240181
835,1465,18.240206
914,1544,18.240210
219,849,18.240216
639,1291,18.240220
54,684,18.240221
311,963,18.240230
641,1293,18.240241
902,1554,18.240243
414,1044,18.240248
242,894,18.240257
38,969,18.240263
615,1546,18.240267
364,994,18.240268
248,900,18.240276
29,982,18.240277
348,1279,18.240283
185,1138,18.240285
822,1452,18.240303
430,1383,18.240328
590,1220,18.240336
944,1574,18.240346
755,1407,18.240348
320,950,18.240351
99,729,18.240365
868,1498,18.240367
332,1285,18.240373
810,1440,18.240373
561,1191,18.240396
675,1305,18.240400
570,1200,18.240401
607,1560,18.240407
397,1049,18.240415
843,1495,18.240416
480,1110,18.240426
110,762,18.240432
676,1306,18.240442
608,1238,18.240470
279,909,18.240471
34,664,18.240481
780,1410,18.240499
4,957,18.240528
501,1432,18.240532
209,839,18.240542
506,1158,18.240548
687,1339,18.240586
708,1360,18.240591
426,1056,18.240607
461,1091,18.240607
644,1296,18.240609
540,1170,18.240610
627,1257,18.240627
759,1389,18.240667
31,984,18.240678
856,1486,18.240686
173,1104,18.240707
50,702,18.240722
465,1418,18.240722
17,948,18.240731
109,739,18.240733
164,1117,18.240737
359,1011,18.240745
393,1023,18.240752
511,1163,18.240752
292,944,18.240756
18,648,18.240767
585,1538,18.240767
721,1351,18.240774
579,1231,18.240775
215,845,18.240786
339,969,18.240795
774,1426,18.240831
877,1507,18.240837
573,1225,18.240846
425,1378,18.240852
801,1431,18.240873
278,1231,18.240874
95,747,18.240889
388,1018,18.240896
311,1264,18.240898
92,1045,18.240899
37,667,18.240903
201,853,18.240913
145,775,18.240914
320,1273,18.240914
50,1003,18.240916
86,1017,18.240929
515,1145,18.240929
304,1235,18.240950
250,880,18.240965
212,842,18.240985
224,876,18.241004
533,1486,18.241014
572,1525,18.241016
943,1573,18.241035
354,1006,18.241049
709,1361,18.241049
131,1062,18.241072
262,892,18.241074
628,1581,18.241078
394,1325,18.241080
165,795,18.241083
135,787,18.241114
101,731,18.241116
71,1024,18.241140
467,1420,18.241152
654,1284,18.241158
42,672,18.241160
617,1269,18.241163
356,1008,18.241180
162,792,18.241182
284,914,18.241186
742,1372,18.241195
127,1058,18.241197
480,1411,18.241224
115,767,18.241234
472,1102,18.241236
137,1090,18.241238
563,1516,18.241243
481,1412,18.241247
552,1204,18.241249
658,1288,18.241253
250,1203,18.241260
65,695,18.241265
129,759,18.241274
219,1150,18.241284
680,1310,18.241294
557,1209,18.241304
229,859,18.241306
376,1028,18.241318
141,1094,18.241319
386,1339,18.241346
77,707,18.241362
89,741,18.241372
343,973,18.241372
337,1290,18.241376
431,1061,18.241413
312,1265,18.241419
636,1567,18.241422
108,1039,18.241429
306,1237,18.241438
584,1214,18.241439
915,1545,18.241439
401,1053,18.241455
288,940,18.241497
240,1171,18.241502
490,1142,18.241530
457,1087,18.241530
823,1453,18.241541
196,826,18.241545
598,1551,18.241547
459,1089,18.241556
485,1137,18.241576
592,1523,18.241578
548,1479,18.241579
82,712,18.241590
165,1118,18.241591
103,733,18.241616
453,1406,18.241633
300,1253,18.241635
255,885,18.241636
545,1175,18.241637
447,1400,18.241640
153,1084,18.241644
578,1531,18.241653
594,1547,18.241658
889,1519,18.241659
937,1567,18.241665
596,1549,18.241665
369,999,18.241668
48,1001,18.241670
362,992,18.241678
163,1116,18.241689
111,763,18.241689
790,1420,18.241700
370,1000,18.241719
569,1500,18.241720
627,1580,18.241720
239,1170,18.241723
153,783,18.241729
280,910,18.241733
621,1273,18.241750
200,852,18.241751
18,949,18.241760
314,966,18.241765
65,996,18.241774
427,1057,18.241791
228,1181,18.241795
366,1319,18.241797
405,1035,18.241800
474,1104,18.241814
560,1513,18.241817
141,771,18.241820
600,1553,18.241821
167,797,18.241829
574,1226,18.241862
10,963,18.241862
112,764,18.241875
222,874,18.241882
827,1457,18.241889
281,911,18.241890
327,957,18.241893
525,1155,18.241901
79,709,18.241915
178,1131,18.241915
578,1230,18.241924
379,1332,18.241926
802,1432,18.241927
387,1340,18.241929
258,888,18.241930
604,1234,18.241931
789,1419,18.241932
743,1373,18.241948
768,1398,18.241967
158,810,18.241989
24,676,18.241997
927,1579,18.241999
117,769,18.242001
516,1146,18.242009
659,1289,18.242030
27,679,18.242037
662,1314,18.242043
890,1520,18.242048
456,1086,18.242056
108,738,18.242068
226,878,18.242074
300,930,18.242075
655,1285,18.242088
523,1153,18.242088
11,641,18.242102
474,1427,18.242104
451,1404,18.242115
377,1029,18.242118
338,968,18.242121
70,1023,18.242147
584,1537,18.242150
483,1113,18.242156
419,1372,18.242160
565,1496,18.242160
106,1037,18.242164
507,1460,18.242166
264,916,18.242172
528,1481,18.242182
522,1152,18.242189
621,1574,18.242190
93,745,18.242201
329,1260,18.242232
421,1073,18.242232
494,1447,18.242233
486,1138,18.242242
105,1036,18.242245
562,1515,18.242264
692,1322,18.242273
879,1509,18.242276
253,1206,18.242297
870,1500,18.242297
193,1124,18.242298
232,1185,18.242299
433,1063,18.242332
595,1548,18.242334
20,650,18.242336
272,1225,18.242340
59,990,18.242351
562,1192,18.242361
413,1344,18.242366
193,823,18.242371
586,1539,18.242376
347,1278,18.242383
428,1058,18.242391
144,774,18.242395
935,1565,18.242404
130,1061,18.242406
492,1122,18.242416
620,1272,18.242420
534,1487,18.242424
400,1353,18.242447
733,1385,18.242456
513,1466,18.242462
447,1099,18.242463
580,1210,18.242480
624,1577,18.242487
405,1358,18.242487
531,1183,18.242526
43,974,18.242531
431,1384,18.242556
788,1418,18.242558
824,1454,18.242567
225,1178,18.242574
588,1519,18.242582
327,1258,18.242582
423,1376,18.242593
190,1143,18.242599
351,981,18.242601
727,1379,18.242615
876,1506,18.242621
517,1147,18.242631
599,1251,18.242649
846,1476,18.242666
149,779,18.242674
85,1016,18.242697
672,1302,18.242699
509,1161,18.242707
751,1403,18.242711
747,1377,18.242729
896,1526,18.242736
586,1216,18.242744
395,1025,18.242753
734,1364,18.242765
254,884,18.242767
663,1315,18.242786
283,1214,18.242787
191,821,18.242787
375,1328,18.242811
495,1448,18.242818
510,1463,18.242839
90,1043,18.242843
619,1271,18.242850
138,790,18.242855
360,1313,18.242863
39,970,18.242866
591,1522,18.242871
806,1436,18.242882
700,1330,18.242885
195,1126,18.242888
880,1532,18.242888
594,1246,18.242897
462,1415,18.242909
384,1014,18.242915
498,1128,18.242923
535,1187,18.242927
259,1190,18.242934
151,1082,18.242943
252,1205,18.242959
473,1103,18.242963
467,1119,18.242967
924,1576,18.242989
51,703,18.242993
296,926,18.242996
244,1197,18.243000
634,1565,18.243005
396,1349,18.243006
138,1091,18.243009
406,1359,18.243010
630,1260,18.243014
182,834,18.243056
898,1528,18.243067
553,1506,18.243069
849,1479,18.243076
15,645,18.243098
415,1346,18.243106
125,1056,18.243107
70,722,18.243112
869,1499,18.243115
702,1332,18.243117
276,906,18.243131
575,1227,18.243133
744,1374,18.243137
239,869,18.243138
533,1185,18.243140
470,1100,18.243146
386,1016,18.243148
707,1359,18.243150
632,1563,18.243158
777,1429,18.243175
26,979,18.243214
612,1242,18.243220
839,1491,18.243238
102,732,18.243240
439,1370,18.243250
448,1401,18.243254
544,1475,18.243256
291,943,18.243257
503,1434,18.243271
30,660,18.243285
670,1300,18.243291
460,1391,18.243297
340,970,18.243300
80,710,18.243310
520,1473,18.243321
831,1461,18.243350
542,1172,18.243358
763,1393,18.243380
437,1368,18.243388
731,1383,18.243414
925,1577,18.243422
342,1295,18.243460
255,1208,18.243475
452,1082,18.243477
477,1408,18.243489
246,898,18.243535
722,1352,18.243550
326,956,18.243555
576,1529,18.243563
22,674,18.243566
819,1471,18.243568
284,1215,18.243605
551,1504,18.243609
158,1111,18.243610
270,922,18.243616
105,735,18.243620
517,1470,18.243639
198,850,18.243640
664,1316,18.243645
97,1050,18.243715
813,1443,18.243724
0,953,18.243725
439,1069,18.243735
140,1093,18.243736
560,1190,18.243737
371,1302,18.243749
123,753,18.243773
276,1229,18.243783
618,1571,18.243790
399,1352,18.243808
894,1524,18.243839
678,1308,18.243866
143,1096,18.243868
920,1550,18.243882
432,1062,18.243893
202,1155,18.243902
910,1540,18.243916
363,1316,18.243939
449,1402,18.243946
415,1045,18.243967
723,1353,18.243991
553,1205,18.243998
847,1477,18.244008
832,1462,18.244012
132,1085,18.244022
704,1356,18.244029
422,1375,18.244035
237,867,18.244035
645,1297,18.244037
68,720,18.244052
96,1049,18.244056
213,1144,18.244075
891,1521,18.244107
307,937,18.244112
249,1202,18.244118
443,1095,18.244141
736,1366,18.244167
606,1236,18.244182
298,1251,18.244191
157,809,18.244191
185,815,18.244201
534,1186,18.244232
270,1223,18.244243
169,1100,18.244267
35,665,18.244271
177,829,18.244274
334,1287,18.244282
466,1419,18.244286
460,1090,18.244313
107,737,18.244347
367,997,18.244369
413,1043,18.244385
404,1357,18.244389
883,1535,18.244397
186,1139,18.244407
78,1031,18.244424
246,1199,18.244429
463,1416,18.244431
305,935,18.244443
909,1561,18.244447
157,1110,18.244451
387,1017,18.244451
527,1458,18.244452
406,1036,18.244456
117,1070,18.244469
189,819,18.244477
35,988,18.244502
881,1533,18.244505
126,1057,18.244508
16,947,18.244515
55,1008,18.244540
264,1217,18.244558
61,691,18.244586
689,1341,18.244602
301,1232,18.244622
817,1469,18.244648
103,1034,18.244648
274,1227,18.244724
833,1463,18.244752
102,1055,18.244753
274,904,18.244753
635,1566,18.244757
938,1568,18.244763
504,1134,18.244784
133,785,18.244789
568,1499,18.244799
206,1159,18.244799
487,1139,18.244800
115,1068,18.244806
853,1483,18.244811
308,1261,18.244813
436,1367,18.244821
489,1141,18.244835
268,1221,18.244837
25,978,18.244841
38,668,18.244855
518,1471,18.244858
10,640,18.244868
87,1018,18.244871
259,889,18.244922
684,1336,18.244941
489,1442,18.244951
332,984,18.245071
601,1554,18.245076
244,896,18.245100
606,1559,18.245111
217,1148,18.245144
825,1455,18.245146
335,987,18.245153
129,1060,18.245157
273,1226,18.245160
429,1382,18.245167
11,964,18.245174
514,1144,18.245186
353,1306,18.245202
88,1041,18.245263
252,882,18.245291
216,1147,18.245327
136,788,18.245330
277,1230,18.245355
319,1272,18.245362
123,1076,18.245362
616,1569,18.245380
90,742,18.245392
589,1219,18.245392
423,1075,18.245411
345,975,18.245416
287,1240,18.245434
346,976,18.245437
358,1311,18.245438
114,1067,18.245454
323,953,18.245486
182,1135,18.245496
682,1334,18.245498
703,1333,18.245514
498,1451,18.245523
275,1228,18.245547
381,1334,18.245549
607,1237,18.245572
493,1446,18.245581
75,705,18.245585
837,1489,18.245608
267,1220,18.245613
710,1362,18.245616
353,1005,18.245618
522,1453,18.245642
118,748,18.245650
488,1140,18.245672
546,1176,18.245706
139,791,18.245759
234,1187,18.245778
44,997,18.245787
24,977,18.245826
900,1530,18.245839
871,1501,18.245844
573,1526,18.245863
420,1373,18.245875
583,1536,18.245881
97,727,18.245884
227,879,18.245886
40,971,18.245890
603,1233,18.245891
729,1381,18.245893
63,994,18.245911
187,1140,18.245916
85,715,18.245937
27,980,18.245948
923,1553,18.245953
792,1444,18.245962
243,1196,18.245976
454,1084,18.245978
151,781,18.245978
402,1355,18.246001
554,1206,18.246019
302,932,18.246023
307,1238,18.246026
107,1038,18.246062
693,1323,18.246083
290,1243,18.246096
778,1408,18.246096
661,1313,18.246096
99,1052,18.246105
316,1269,18.246112
39,669,18.246120
240,870,18.246148
552,1505,18.246149
33,986,18.246152
333,1286,18.246156
445,1398,18.246162
921,1551,18.246166
590,1521,18.246204
651,1281,18.246211
344,974,18.246232
433,1364,18.246241
12,642,18.246283
346,1277,18.246325
426,1379,18.246333
886,1538,18.246344
762,1392,18.246346
257,1188,18.246369
161,1114,18.246448
622,1575,18.246449
47,1000,18.246453
13,643,18.246457
454,1407,18.246465
625,1578,18.246469
249,901,18.246490
478,1409,18.246499
121,1074,18.246506
194,1125,18.246508
211,1164,18.246517
373,1304,18.246519
636,1266,18.246541
41,972,18.246542
351,1282,18.246544
341,971,18.246577
907,1559,18.246613
186,816,18.246638
862,1514,18.246642
589,1520,18.246659
398,1050,18.246685
690,1320,18.246698
197,827,18.246722
913,1543,18.246722
699,1329,18.246731
294,1247,18.246742
580,1533,18.246742
147,1078,18.246747
619,1572,18.246760
769,1399,18.246768
493,1123,18.246780
279,1210,18.246798
152,782,18.246800
49,701,18.246807
53,1006,18.246815
537,1167,18.246817
208,838,18.246819
302,1233,18.246830
836,1488,18.246866
438,1068,18.246878
656,1286,18.246883
787,1417,18.246892
791,1421,18.246915
154,806,18.246966
631,1562,18.247002
521,1452,18.247010
282,1213,18.247022
754,1406,18.247041
496,1449,18.247059
177,1130,18.247097
657,1287,18.247097
830,1460,18.247104
67,719,18.247128
201,1154,18.247130
183,1136,18.247146
614,1545,18.247152
330,1283,18.247159
333,985,18.247200
196,1127,18.247225
232,862,18.247230
110,1063,18.247257
795,1447,18.247261
188,818,18.247295
471,1424,18.247339
916,1546,18.247349
291,1244,18.247355
6,658,18.247376
128,1059,18.247396
286,938,18.247430
715,1345,18.247468
501,1131,18.247488
106,736,18.247515
753,1405,18.247520
550,1503,18.247529
873,1503,18.247556
694,1324,18.247563
712,1342,18.247585
399,1051,18.247607
459,1390,18.247611
532,1485,18.247614
131,761,18.247622
497,1450,18.247650
370,1301,18.247670
64,995,18.247684
326,1257,18.247691
752,1404,18.247692
840,1492,18.247735
934,1564,18.247764
469,1422,18.247770
234,864,18.247792
180,1133,18.247796
502,1132,18.247809
148,1079,18.247853
19,950,18.247864
583,1213,18.247881
30,983,18.247891
127,757,18.247911
172,1103,18.247961
850,1480,18.247987
216,846,18.247991
760,1390,18.248002
7,960,18.248031
188,1141,18.248045
567,1197,18.248046
420,1072,18.248049
278,908,18.248079
363,993,18.248085
472,1425,18.248097
592,1222,18.248099
456,1387,18.248100
502,1433,18.248103
841,1493,18.248121
568,1198,18.248131
601,1253,18.248134
269,921,18.248179
800,1430,18.248187
285,915,18.248211
265,917,18.248214
120,1073,18.248231
368,1299,18.248237
251,881,18.248273
640,1292,18.248313
515,1468,18.248314
341,1294,18.248341
491,1143,18.248346
421,1374,18.248347
14,967,18.248385
407,1037,18.248392
905,1557,18.248402
253,883,18.248448
649,1279,18.248466
766,1396,18.248486
425,1077,18.248520
932,1562,18.248541
600,1252,18.248572
343,1296,18.248577
851,1481,18.248598
160,812,18.248608
581,1211,18.248610
210,1163,18.248612
730,1382,18.248637
585,1215,18.248649
412,1343,18.248664
724,1354,18.248670
930,1582,18.248681
379,1031,18.248685
94,1047,18.248701
814,1466,18.248704
8,961,18.248712
582,1212,18.248719
615,1245,18.248789
100,730,18.248818
565,1195,18.248837
848,1478,18.248933
572,1224,18.248943
336,988,18.248951
739,1369,18.248951
374,1026,18.248957
453,1083,18.248982
218,848,18.248988
571,1502,18.248992
254,1207,18.249019
176,828,18.249038
424,1377,18.249040
618,1270,18.249054
142,772,18.249078
543,1173,18.249086
449,1079,18.249107
328,1259,18.249114
309,1262,18.249137
113,1066,18.249138
14,644,18.249138
796,1448,18.249175
87,717,18.249211
194,824,18.249269
887,1539,18.249270
313,965,18.249280
482,1112,18.249282
71,723,18.249298
166,796,18.249306
629,1259,18.249312
741,1371,18.249348
631,1261,18.249355
19,649,18.249360
776,1428,18.249369
306,936,18.249375
605,1235,18.249392
945,1575,18.249455
563,1193,18.249460
400,1052,18.249461
798,1450,18.249462
475,1428,18.249473
166,1119,18.249488
505,1135,18.249491
931,1583,18.249509
146,1099,18.249522
441,1394,18.249525
667,1319,18.249532
613,1243,18.249536
325,1256,18.249544
803,1433,18.249565
139,1092,18.249570
912,1542,18.249570
349,1280,18.249571
298,928,18.249624
335,1288,18.249650
634,1264,18.249663
54,1007,18.249709
286,1239,18.249713
888,1518,18.249731
350,1281,18.249735
364,1317,18.249741
137,789,18.249749
342,972,18.249770
28,680,18.249784
488,1441,18.249817
236,866,18.249839
859,1511,18.249855
648,1278,18.249855
134,786,18.249880
455,1386,18.249885
434,1064,18.249923
579,1532,18.249928
12,965,18.249940
355,1007,18.249972
490,1443,18.249999
665,1317,18.250005
809,1439,18.250041
381,1033,18.250042
25,677,18.250068
445,1097,18.250071
602,1555,18.250088
104,1035,18.250092
885,1537,18.250093
620,1573,18.250102
781,1411,18.250103
206,836,18.250107
36,989,18.250128
52,1005,18.250167
499,1430,18.250199
169,799,18.250217
701,1331,18.250256
40,670,18.250276
174,1105,18.250280
260,890,18.250302
548,1178,18.250309
617,1570,18.250317
119,749,18.250321
133,1086,18.250333
200,1153,18.250348
450,1403,18.250354
520,1150,18.250372
547,1177,18.250390
390,1020,18.250414
251,1204,18.250429
473,1426,18.250433
299,929,18.250437
622,1274,18.250453
597,1249,18.250457
396,1048,18.250500
204,1157,18.250512
758,1388,18.250535
558,1511,18.250556
569,1199,18.250559
266,918,18.250586
230,1183,18.250586
83,1014,18.250595
389,1019,18.250605
7,659,18.250619
352,1305,18.250642
582,1535,18.250655
159,811,18.250656
398,1351,18.250741
436,1066,18.250749
175,805,18.250754
159,1112,18.250762
295,1248,18.250782
756,1386,18.250822
407,1360,18.250863
69,721,18.250869
804,1434,18.250879
435,1065,18.250884
5,657,18.250936
273,903,18.250955
750,1402,18.250964
403,1356,18.251009
567,1498,18.251027
536,1166,18.251030
116,768,18.251031
609,1239,18.251036
783,1413,18.251052
156,1109,18.251094
652,1282,18.251146
41,671,18.251184
303,1234,18.251218
373,1003,18.251219
444,1096,18.251222
458,1088,18.251272
84,714,18.251285
504,1435,18.251350
748,1400,18.251353
385,1338,18.251377
316,946,18.251395
842,1494,18.251409
47,699,18.251426
455,1085,18.251491
728,1380,18.251506
231,861,18.251514
919,1549,18.251523
922,1552,18.251555
532,1184,18.251649
303,933,18.251656
150,1081,18.251703
378,1030,18.251715
610,1541,18.251722
510,1162,18.251745
716,1346,18.251747
603,1556,18.251752
446,1098,18.251761
324,1255,18.251775
144,1097,18.251811
199,1152,18.251837
799,1451,18.251840
58,1011,18.251864
67,1020,18.251868
523,1454,18.251882
322,1275,18.251932
96,726,18.251969
3,956,18.251973
56,1009,18.251986
263,1194,18.251986
765,1395,18.252059
518,1148,18.252065
204,856,18.252070
321,1274,18.252086
530,1182,18.252099
57,1010,18.252099
32,662,18.252106
695,1325,18.252109
357,1310,18.252125
559,1512,18.252136
45,998,18.252210
148,778,18.252300
155,1108,18.252306
738,1368,18.252322
5,958,18.252338
714,1344,18.252390
440,1092,18.252417
66,718,18.252435
122,752,18.252520
91,743,18.252536
101,1054,18.252548
126,756,18.252550
450,1080,18.252642
904,1556,18.252648
928,1580,18.252700
653,1283,18.252721
9,962,18.252740
104,734,18.252779
785,1415,18.252810
220,872,18.252885
574,1527,18.252905
611,1241,18.252913
57,687,18.252922
401,1354,18.252997
863,1515,18.253029
899,1529,18.253055
297,927,18.253064
638,1290,18.253093
432,1385,18.253095
385,1015,18.253105
21,651,18.253137
897,1527,18.253172
462,1114,18.253213
834,1464,18.253222
554,1507,18.253262
508,1461,18.253322
555,1207,18.253322
289,941,18.253340
593,1524,18.253443
154,1107,18.253506
732,1384,18.253526
329,959,18.253540
435,1366,18.253541
247,899,18.253657
171,801,18.253692
440,1393,18.253761
540,1493,18.253771
0,652,18.253805
293,1246,18.253838
354,1307,18.253868
29,681,18.253894
465,1117,18.253943
442,1094,18.254035
524,1154,18.254063
596,1248,18.254065
187,817,18.254100
614,1244,18.254161
365,995,18.254190
471,1101,18.254215
305,1236,18.254222
161,813,18.254235
570,1501,18.254264
162,1115,18.254351
75,1028,18.254360
79,1032,18.254411
260,1191,18.254416
416,1046,18.254458
939,1569,18.254468
793,1445,18.254474
174,804,18.254495
393,1324,18.254615
238,868,18.254619
328,958,18.254695
597,1550,18.254838
452,1405,18.254861
313,1266,18.254870
784,1414,18.254995
168,798,18.255005
740,1370,18.255020
150,780,18.255072
322,952,18.255103
134,1087,18.255266
811,1441,18.255267
475,1105,18.255355
181,1134,18.255357
917,1547,18.255362
838,1490,18.255372
511,1464,18.255389
679,1309,18.255441
224,1177,18.255450
470,1423,18.255615
59,689,18.255675
410,1363,18.255682
383,1013,18.255695
221,873,18.255705
205,1158,18.255727
318,948,18.255824
867,1497,18.255824
377,1330,18.255841
226,1179,18.255897
528,1180,18.255996
820,1472,18.256070
195,825,18.256080
903,1555,18.256109
369,1300,18.256233
116,1069,18.256268
77,1030,18.256273
222,1175,18.256284
646,1276,18.256292
16,646,18.256297
235,865,18.256317
214,1145,18.256321
76,706,18.256409
120,750,18.256410
526,1457,18.256468
266,1219,18.256773
524,1455,18.256794
411,1342,18.256816
15,946,18.256863
683,1335,18.256871
236,1167,18.256948
315,967,18.256949
20,951,18.257047
293,945,18.257076
861,1513,18.257081
591,1221,18.257157
321,951,18.257183
267,919,18.257205
633,1564,18.257251
88,740,18.257343
442,1395,18.257363
599,1552,18.257429
395,1326,18.257492
256,1209,18.257534
175,1106,18.257841
463,1115,18.257905
602,1232,18.257971
238,1169,18.258062
484,1136,18.258134
499,1129,18.258186
361,1314,18.258346
530,1483,18.258353
295,925,18.258439
297,1250,18.258738
757,1387,18.258838
203,1156,18.258863
671,1301,18.259109
91,1044,18.259197
542,1495,18.259202
770,1422,18.259250
243,895,18.259260
427,1380,18.259292
371,1001,18.259350
468,1421,18.259378
512,1465,18.259405
73,725,18.259472
464,1417,18.259608
179,831,18.259645
468,1120,18.259731
408,1038,18.259774
557,1510,18.259776
2,654,18.259794
111,1064,18.259801
605,1558,18.259865
749,1401,18.259871
609,1540,18.260035
323,1254,18.260129
330,982,18.260151
476,1106,18.260166
587,1518,18.260167
119,1072,18.260361
248,1201,18.260405
469,1121,18.260441
807,1437,18.260502
280,1211,18.260556
616,1268,18.260622
382,1012,18.260624
93,1046,18.261167
918,1548,18.261384
285,1216,18.261425
223,875,18.261497
901,1531,18.261538
43,673,18.261657
28,981,18.261757
136,1089,18.261836
418,1371,18.262119
317,1270,18.262150
505,1436,18.262150
183,835,18.262179
207,1160,18.262205
74,704,18.262249
593,1223,18.262293
324,954,18.262341
637,1267,18.262397
512,1164,18.262441
623,1275,18.262579
271,1224,18.262724
383,1336,18.262777
308,960,18.262872
112,1065,18.262993
124,1077,18.263294
334,986,18.263395
761,1391,18.263485
392,1022,18.263638
908,1560,18.263828
482,1413,18.264043
691,1321,18.264084
355,1308,18.264097
539,1169,18.264152
36,666,18.264265
257,887,18.264340
485,1438,18.264348
242,1195,18.264383
337,989,18.264443
34,987,18.264477
516,1469,18.264498
686,1338,18.264626
281,1212,18.264704
114,766,18.264707
826,1456,18.264840
170,1101,18.264885
673,1303,18.264937
855,1485,18.265060
818,1470,18.265128
529,1181,18.265344
642,1294,18.265352
940,1570,18.265383
49,1002,18.265451
6,959,18.265470
163,793,18.265484
167,1120,18.265627
338,1291,18.265633
697,1327,18.265688
365,1318,18.265785
218,1149,18.265800
720,1350,18.266226
546,1477,18.266399
519,1472,18.266404
428,1381,18.266522
610,1240,18.266774
191,1122,18.266905
391,1322,18.267027
109,1040,18.267066
611,1542,18.267627
69,1022,18.267632
190,820,18.267709
448,1078,18.267769
1,954,18.267819
261,891,18.267998
22,975,18.268163
852,1482,18.268167
372,1303,18.268395
575,1528,18.268450
444,1397,18.268900
146,776,18.268908
422,1074,18.269043
828,1458,18.269401
632,1262,18.269786
458,1389,18.270177
698,1328,18.270463
92,744,18.270494
681,1311,18.270618
424,1076,18.270734
404,1034,18.270800
348,978,18.270965
202,854,18.271831
412,1042,18.271838
301,931,18.272193
637,1568,18.272193
629,1582,18.272445
95,1048,18.272716
262,1193,18.273005
208,1161,18.273068
556,1509,18.273125
155,807,18.273394
417,1348,18.273699
812,1442,18.274792
33,663,18.275168
477,1107,18.275382
197,1128,18.275646
544,1174,18.275807
845,1475,18.275969
314,1267,18.276208
441,1093,18.276428
526,1156,18.276693
132,784,18.276982
336,1289,18.277456
60,991,18.277623
942,1572,18.277638
310,962,18.277788
551,1203,18.277912
503,1133,18.278196
483,1414,18.278202
844,1474,18.279148
893,1523,18.279568
283,913,18.279998
875,1505,18.280051
630,1583,18.280304
277,907,18.280487
706,1358,18.280984
128,758,18.281604
559,1189,18.281789
61,992,18.281848
613,1544,18.282217
63,693,18.282293
771,1423,18.282474
147,777,18.282520
495,1125,18.282532
42,973,18.283124
289,1242,18.283420
773,1425,18.284209
294,924,18.284854
46,999,18.284952
643,1295,18.285779
626,1256,18.285919
26,678,18.286075
538,1491,18.286629
160,1113,18.286668
779,1409,18.287070
8,638,18.287338
479,1109,18.287601
275,905,18.287917
180,832,18.288269
409,1362,18.288598
55,685,18.289435
375,1027,18.290501
357,1009,18.291299
624,1254,18.291491
130,760,18.291572
13,966,18.292270
564,1517,18.292464
344,1297,18.294920
746,1376,18.295002
189,1142,18.297915
797,1449,18.298250
496,1126,18.298403
650,1280,18.298535
142,1095,18.299553
349,979,18.299918
430,1060,18.300740
509,1462,18.302964
210,840,18.303554
491,1444,18.304133
215,1146,18.307254
228,858,18.308128
926,1578,18.309786
577,1229,18.313327
81,711,18.316727
362,1315,18.322785
