sat_i,sat_j,min_dist_km
3644,4538,0.525331
658,4763,0.525335
3053,3997,0.525336
3513,4407,0.525350
351,4456,0.525358
151,1095,0.525361
1144,2038,0.525364
3820,4714,0.525368
4046,4940,0.525377
2072,2966,0.525377
1129,2023,0.525377
2651,3595,0.525385
3518,4412,0.525398
2575,3469,0.525409
2110,3004,0.525413
356,4461,0.525423
186,1080,0.525434
3015,3909,0.525435
482,4587,0.525436
102,4207,0.525436
2570,3464,0.525439
707,1601,0.525442
2087,2981,0.525444
951,1895,0.525445
8,902,0.525452
1944,2838,0.525454
1632,2526,0.525457
400,1344,0.525465
4064,4958,0.525475
2887,3781,0.525480
405,1349,0.525486
3121,4015,0.525513
3830,4724,0.525523
884,4989,0.525538
2877,3771,0.525539
689,1583,0.525541
137,4242,0.525548
3958,4852,0.525550
2178,3072,0.525568
668,4773,0.525583
1398,2292,0.525586
3264,4158,0.525588
1708,2602,0.525598
3030,3924,0.525603
1167,2061,0.525607
1627,2521,0.525626
1235,2129,0.525637
640,4745,0.525660
717,1611,0.525661
1393,2287,0.525672
1650,2594,0.525689
531,1425,0.525702
3299,4193,0.525717
292,1186,0.525721
846,4901,0.525724
2341,3235,0.525725
519,1413,0.525756
1660,2554,0.525756
470,4575,0.525759
1462,2356,0.525769
3632,4526,0.525778
2405,3349,0.525798
2689,3583,0.525814
3752,4696,0.525815
2321,3215,0.525816
933,1827,0.525819
243,4348,0.525819
3973,4867,0.525841
3398,4292,0.525843
1934,2828,0.525847
3905,4849,0.525865
1746,2640,0.525867
2603,3547,0.525870
793,4898,0.525871
2962,3856,0.525896
3284,4178,0.525902
236,4341,0.525903
684,1578,0.525908
842,1736,0.525913
224,1118,0.525919
3355,4299,0.525932
753,1697,0.525938
2306,3200,0.525941
2299,3193,0.525952
895,1789,0.525958
2019,2913,0.525964
3242,4136,0.525966
765,1659,0.525969
2336,3230,0.525978
285,1179,0.525978
1785,2679,0.525991
1306,2200,0.525995
3596,4490,0.526003
2809,3703,0.526003
704,4809,0.526026
125,1019,0.526028
80,4185,0.526038
76,4181,0.526058
2412,3306,0.526058
1228,2122,0.526067
1076,1970,0.526070
1068,1962,0.526076
2643,3537,0.526077
363,1257,0.526095
2728,3622,0.526105
3659,4553,0.526109
2716,3610,0.526114
1378,2272,0.526119
122,4227,0.526119
1474,2368,0.526130
3866,4760,0.526132
434,4539,0.526154
811,4916,0.526160
129,1023,0.526165
3238,4132,0.526166
2171,3065,0.526171
74,968,0.526177
1017,1911,0.526187
1469,2363,0.526199
2011,2905,0.526201
547,4602,0.526203
133,1027,0.526214
1773,2667,0.526217
1363,2257,0.526220
1876,2770,0.526220
1866,2760,0.526226
261,1155,0.526245
1838,2732,0.526251
1204,2148,0.526252
3671,4565,0.526254
314,4419,0.526254
2923,3817,0.526257
635,4740,0.526286
25,4130,0.526287
3114,4008,0.526289
991,1885,0.526292
3327,4221,0.526292
1960,2854,0.526314
483,1377,0.526325
175,4280,0.526346
1072,1966,0.526348
526,1420,0.526352
2295,3189,0.526353
2384,3278,0.526365
2337,3231,0.526372
171,1065,0.526375
3280,4174,0.526376
212,4317,0.526377
165,4270,0.526379
3279,4173,0.526385
596,1490,0.526392
2197,3091,0.526397
84,4189,0.526397
1980,2874,0.526401
2954,3898,0.526402
830,1724,0.526419
71,4176,0.526420
4057,4951,0.526420
509,4614,0.526437
3233,4127,0.526454
3476,4370,0.526472
1016,1910,0.526475
923,1817,0.526482
716,4821,0.526496
435,1329,0.526496
1426,2320,0.526515
3187,4081,0.526516
477,4582,0.526518
1959,2853,0.526519
686,4791,0.526523
1394,2288,0.526548
420,1314,0.526552
2903,3847,0.526558
860,1754,0.526558
118,4223,0.526560
1037,1931,0.526563
1,945,0.526565
355,4460,0.526575
120,1014,0.526585
2015,2909,0.526586
1441,2335,0.526598
2781,3675,0.526604
735,1629,0.526606
3586,4480,0.526606
1302,2246,0.526619
3246,4140,0.526619
214,1108,0.526623
123,1017,0.526626
3374,4268,0.526649
73,967,0.526651
558,1452,0.526654
1114,2008,0.526671
3947,4841,0.526678
1539,2433,0.526678
3140,4034,0.526680
3848,4742,0.526681
404,1348,0.526682
1728,2622,0.526690
2290,3184,0.526690
3639,4533,0.526697
2417,3311,0.526719
781,4886,0.526721
994,1888,0.526723
2369,3263,0.526724
3517,4411,0.526729
3333,4227,0.526737
2819,3713,0.526743
94,988,0.526745
2533,3427,0.526750
785,1679,0.526757
3797,4691,0.526758
74,4179,0.526762
874,4979,0.526771
1066,1960,0.526773
2902,3846,0.526784
882,1776,0.526811
171,4276,0.526824
1825,2719,0.526833
268,4373,0.526842
2244,3138,0.526865
48,942,0.526871
2958,3852,0.526877
2253,3197,0.526881
3337,4231,0.526887
2696,3590,0.526888
117,4222,0.526893
1937,2831,0.526894
3808,4702,0.526895
401,1345,0.526904
1501,2445,0.526905
3896,4790,0.526918
167,1061,0.526921
317,1211,0.526924
2671,3565,0.526924
1678,2572,0.526929
371,4476,0.526937
45,4100,0.526946
386,4491,0.526946
1063,1957,0.526948
3293,4187,0.526950
3312,4206,0.526954
359,1253,0.526965
2865,3759,0.526969
2390,3284,0.526973
498,1392,0.526992
2057,2951,0.527007
2300,3244,0.527010
3724,4618,0.527018
3106,4000,0.527020
1157,2051,0.527025
785,4890,0.527028
1803,2747,0.527038
1397,2291,0.527048
24,4129,0.527049
2482,3376,0.527059
2431,3325,0.527062
2880,3774,0.527077
2855,3799,0.527081
1590,2484,0.527087
1703,2647,0.527091
4036,4930,0.527092
3534,4428,0.527095
4083,4977,0.527098
750,4855,0.527114
3430,4324,0.527123
3943,4837,0.527124
736,4841,0.527126
1347,2241,0.527127
833,4938,0.527132
2574,3468,0.527146
372,4477,0.527164
3157,4051,0.527168
1227,2121,0.527169
3878,4772,0.527177
3236,4130,0.527179
1310,2204,0.527183
2494,3388,0.527188
2768,3662,0.527197
2009,2903,0.527199
696,4751,0.527203
150,4255,0.527205
3901,4845,0.527223
3541,4435,0.527231
220,1114,0.527232
4099,4993,0.527237
2163,3057,0.527247
3895,4789,0.527266
3823,4717,0.527272
424,4529,0.527277
131,4236,0.527293
760,1654,0.527306
757,4862,0.527310
849,1743,0.527313
2170,3064,0.527317
806,1700,0.527322
2598,3492,0.527323
2804,3748,0.527324
1251,2195,0.527335
3120,4014,0.527339
1260,2154,0.527368
3533,4427,0.527375
3000,3944,0.527385
3762,4656,0.527388
310,4415,0.527391
2177,3071,0.527393
734,4839,0.527393
3912,4806,0.527401
3692,4586,0.527406
2214,3108,0.527409
1922,2816,0.527428
352,4457,0.527443
3093,3987,0.527446
834,1728,0.527452
1900,2844,0.527458
3614,4508,0.527459
1110,2004,0.527459
3548,4442,0.527470
158,1052,0.527470
3360,4254,0.527471
1357,2251,0.527475
249,1143,0.527476
661,4766,0.527479
647,1541,0.527485
2621,3515,0.527490
2591,3485,0.527490
562,4667,0.527493
166,1060,0.527502
3437,4331,0.527504
2006,2900,0.527508
367,1261,0.527525
284,1178,0.527526
2749,3643,0.527531
711,4816,0.527532
1447,2341,0.527533
3425,4319,0.527534
2394,3288,0.527542
449,4504,0.527547
3415,4309,0.527551
2616,3510,0.527553
957,1851,0.527565
2100,3044,0.527582
4054,4998,0.527584
1817,2711,0.527595
2796,3690,0.527599
1488,2382,0.527617
789,4894,0.527621
2950,3894,0.527627
1018,1912,0.527639
253,4358,0.527649
27,921,0.527652
379,4484,0.527663
3186,4080,0.527670
1271,2165,0.527671
2340,3234,0.527674
421,1315,0.527698
710,1604,0.527698
1912,2806,0.527723
109,4214,0.527724
219,1113,0.527747
354,1298,0.527766
1192,2086,0.527768
2487,3381,0.527769
3873,4767,0.527770
3995,4889,0.527798
1162,2056,0.527800
3898,4792,0.527800
507,1401,0.527802
3993,4887,0.527803
1631,2525,0.527826
3919,4813,0.527845
4063,4957,0.527851
275,4380,0.527852
3559,4453,0.527863
1101,2045,0.527865
2590,3484,0.527865
651,1595,0.527876
1799,2693,0.527879
2293,3187,0.527881
530,4635,0.527888
989,1883,0.527889
745,1639,0.527893
845,1739,0.527895
43,937,0.527897
3472,4366,0.527899
3711,4605,0.527901
2952,3896,0.527903
318,4423,0.527908
1220,2114,0.527919
874,1768,0.527926
308,1202,0.527926
1653,2597,0.527928
1673,2567,0.527931
1961,2855,0.527933
602,4707,0.527934
458,4563,0.527941
1605,2549,0.527942
598,4653,0.527944
1777,2671,0.527949
328,1222,0.527954
1133,2027,0.527957
1163,2057,0.527959
733,4838,0.527964
3113,4007,0.527969
2760,3654,0.527972
2220,3114,0.527975
2893,3787,0.527977
1861,2755,0.527981
783,1677,0.527982
1792,2686,0.527995
2935,3829,0.528012
1234,2128,0.528014
796,4851,0.528014
2930,3824,0.528018
611,1505,0.528030
180,1074,0.528037
2555,3499,0.528065
838,1732,0.528071
75,969,0.528075
2135,3029,0.528081
473,1367,0.528091
3307,4201,0.528099
263,4368,0.528102
3451,4395,0.528114
2472,3366,0.528122
2364,3258,0.528137
2076,2970,0.528148
483,4588,0.528152
600,4705,0.528155
3514,4408,0.528163
2646,3540,0.528169
2203,3147,0.528171
2053,2997,0.528171
2969,3863,0.528174
2706,3600,0.528186
3843,4737,0.528212
46,940,0.528213
1109,2003,0.528214
339,4444,0.528215
2007,2901,0.528232
324,1218,0.528232
1619,2513,0.528237
3739,4633,0.528242
676,1570,0.528249
279,4384,0.528258
532,1426,0.528263
831,4936,0.528263
2999,3893,0.528264
3561,4455,0.528264
1756,2650,0.528265
979,1873,0.528271
1277,2171,0.528275
1987,2881,0.528277
3564,4458,0.528287
452,4557,0.528291
14,908,0.528300
1401,2345,0.528308
545,1439,0.528313
4041,4935,0.528317
3480,4374,0.528332
970,1864,0.528339
414,1308,0.528345
1648,2542,0.528352
248,4303,0.528385
235,4340,0.528390
3102,4046,0.528398
1647,2541,0.528405
302,1246,0.528413
1932,2826,0.528415
3078,3972,0.528417
454,1398,0.528417
3589,4483,0.528421
3111,4005,0.528430
183,1077,0.528430
170,4275,0.528445
1450,2394,0.528453
1763,2657,0.528457
3710,4604,0.528465
825,4930,0.528472
2213,3107,0.528481
2529,3423,0.528488
2243,3137,0.528513
2720,3614,0.528518
2904,3848,0.528532
1044,1938,0.528546
3283,4177,0.528555
681,4786,0.528557
2267,3161,0.528559
3163,4057,0.528567
1781,2675,0.528573
3441,4335,0.528584
2105,3049,0.528600
1788,2682,0.528606
305,4410,0.528608
969,1863,0.528609
428,1322,0.528618
188,4293,0.528621
3271,4165,0.528626
1644,2538,0.528626
1554,2498,0.528628
190,1084,0.528638
242,4347,0.528640
259,4364,0.528640
1267,2161,0.528642
427,4532,0.528683
1726,2620,0.528684
237,1131,0.528686
1364,2258,0.528691
918,1812,0.528730
1612,2506,0.528731
399,1293,0.528746
2375,3269,0.528757
312,1206,0.528762
880,1774,0.528765
688,1582,0.528769
3372,4266,0.528771
4021,4915,0.528774
345,1239,0.528775
2905,3849,0.528777
1544,2438,0.528779
258,1152,0.528783
209,4314,0.528784
1201,2145,0.528785
3371,4265,0.528787
2194,3088,0.528788
2428,3322,0.528792
3137,4031,0.528793
879,4984,0.528796
2537,3431,0.528798
1485,2379,0.528799
4080,4974,0.528801
3764,4658,0.528804
3002,3946,0.528807
542,1436,0.528808
1396,2290,0.528810
24,918,0.528810
493,4598,0.528820
967,1861,0.528822
51,995,0.528825
3605,4549,0.528833
2159,3053,0.528833
1910,2804,0.528836
2662,3556,0.528848
2853,3797,0.528851
296,4351,0.528852
447,4502,0.528858
291,1185,0.528865
1300,2244,0.528866
1719,2613,0.528866
264,4369,0.528868
3846,4740,0.528869
3620,4514,0.528870
782,1676,0.528877
3156,4050,0.528878
2850,3794,0.528881
3945,4839,0.528883
776,1670,0.528886
684,4789,0.528890
2094,2988,0.528903
727,4832,0.528908
3699,4593,0.528908
3098,3992,0.528911
733,1627,0.528912
7,901,0.528925
2976,3870,0.528927
3889,4783,0.528932
2498,3392,0.528932
1676,2570,0.528937
1064,1958,0.528938
599,4654,0.528942
228,4333,0.528945
2508,3402,0.528947
476,1370,0.528955
1324,2218,0.528955
2946,3840,0.528958
1688,2582,0.528960
2619,3513,0.528963
3908,4802,0.528964
134,4239,0.528965
577,4682,0.528968
195,4250,0.528971
579,1473,0.528972
2742,3636,0.528978
2393,3287,0.528980
3318,4212,0.528985
1953,2897,0.528986
3562,4456,0.528992
3645,4539,0.528995
986,1880,0.528996
654,1598,0.528996
1992,2886,0.528998
730,1624,0.528999
2106,3000,0.529002
1010,1904,0.529017
400,4505,0.529024
2052,2996,0.529028
1274,2168,0.529029
1126,2020,0.529030
277,1171,0.529038
699,1593,0.529044
2767,3661,0.529047
1416,2310,0.529047
67,961,0.529050
3703,4647,0.529055
3046,3940,0.529057
499,1393,0.529057
2571,3465,0.529066
4095,4989,0.529077
2210,3104,0.529083
18,4123,0.529085
1421,2315,0.529087
662,1556,0.529088
3214,4108,0.529089
2307,3201,0.529089
1442,2336,0.529093
2,4107,0.529114
3836,4730,0.529120
4056,4950,0.529121
3180,4074,0.529123
2724,3618,0.529126
3336,4230,0.529127
2385,3279,0.529132
2618,3512,0.529144
496,4551,0.529151
859,4964,0.529153
2735,3629,0.529156
3663,4557,0.529158
1913,2807,0.529159
1586,2480,0.529159
2237,3131,0.529163
3328,4222,0.529172
1342,2236,0.529176
2181,3075,0.529177
1123,2017,0.529178
192,4297,0.529183
458,1352,0.529186
2562,3456,0.529196
1294,2188,0.529205
3019,3913,0.529208
3942,4836,0.529213
166,4271,0.529216
627,4732,0.529234
1419,2313,0.529237
26,4131,0.529240
1270,2164,0.529240
388,1282,0.529245
3250,4194,0.529250
301,1245,0.529250
313,1207,0.529255
215,1109,0.529261
3088,3982,0.529262
16,4121,0.529272
2005,2949,0.529284
2547,3441,0.529290
210,4315,0.529296
252,4357,0.529298
241,1135,0.529301
1505,2449,0.529301
1594,2488,0.529306
1158,2052,0.529310
1823,2717,0.529310
402,4507,0.529317
2339,3233,0.529321
972,1866,0.529323
1475,2369,0.529323
3196,4090,0.529331
155,1099,0.529345
3414,4308,0.529348
1148,2042,0.529357
3210,4104,0.529359
2101,3045,0.529360
1529,2423,0.529362
4052,4996,0.529389
2471,3365,0.529400
2168,3062,0.529406
3164,4058,0.529412
3094,3988,0.529414
501,1445,0.529417
2026,2920,0.529433
1528,2422,0.529455
2732,3626,0.529460
297,1191,0.529462
334,1228,0.529466
669,1563,0.529466
4037,4931,0.529470
3421,4315,0.529475
1699,2593,0.529489
3855,4799,0.529491
2669,3563,0.529497
36,930,0.529499
585,1479,0.529513
1255,2199,0.529513
2362,3256,0.529529
875,4980,0.529529
1238,2132,0.529532
3765,4659,0.529550
3153,4097,0.529553
908,1802,0.529555
65,959,0.529558
2429,3323,0.529562
331,1225,0.529567
869,4974,0.529569
536,4641,0.529573
1250,2194,0.529579
924,1818,0.529590
813,1707,0.529605
297,4352,0.529611
300,4405,0.529613
365,4470,0.529620
405,4510,0.529624
3390,4284,0.529628
3354,4298,0.529630
403,1347,0.529635
3698,4592,0.529636
605,4710,0.529637
3467,4361,0.529652
1867,2761,0.529655
4070,4964,0.529664
655,1599,0.529679
743,4848,0.529681
3987,4881,0.529683
2822,3716,0.529686
121,4226,0.529689
1824,2718,0.529691
562,1456,0.529693
3229,4123,0.529693
2705,3649,0.529702
1559,2453,0.529714
387,4492,0.529719
2221,3115,0.529719
820,1714,0.529720
2810,3704,0.529722
4031,4925,0.529727
3667,4561,0.529728
3300,4244,0.529731
616,1510,0.529731
3139,4033,0.529737
26,920,0.529738
121,1015,0.529747
3397,4291,0.529760
1762,2656,0.529771
52,4157,0.529774
626,1520,0.529776
2875,3769,0.529787
3897,4791,0.529789
3753,4697,0.529792
1432,2326,0.529805
3305,4249,0.529829
2998,3892,0.529830
1295,2189,0.529838
3426,4320,0.529839
1786,2680,0.529843
819,1713,0.529843
1915,2809,0.529852
601,1545,0.529856
157,4262,0.529857
641,4746,0.529865
501,4606,0.529868
1696,2590,0.529876
3319,4213,0.529880
1966,2860,0.529882
2443,3337,0.529887
436,1330,0.529888
3332,4226,0.529892
2766,3660,0.529897
2271,3165,0.529903
643,1537,0.529912
1556,2450,0.529913
770,4875,0.529918
1180,2074,0.529925
3049,3943,0.529927
690,1584,0.529942
1466,2360,0.529944
3045,3939,0.529945
2217,3111,0.529949
1288,2182,0.529951
1376,2270,0.529973
639,4744,0.529975
1851,2795,0.529980
3932,4826,0.529996
1725,2619,0.530002
3490,4384,0.530013
1286,2180,0.530015
1633,2527,0.530021
1789,2683,0.530029
2056,2950,0.530032
1278,2172,0.530036
1,4106,0.530044
41,4146,0.530053
1642,2536,0.530056
1962,2856,0.530058
2989,3883,0.530076
1371,2265,0.530091
1196,2090,0.530097
2642,3536,0.530101
2576,3470,0.530103
513,4618,0.530108
2856,3750,0.530109
3989,4883,0.530114
3608,4502,0.530132
357,1251,0.530134
1049,1943,0.530134
783,4888,0.530136
193,4298,0.530139
2731,3625,0.530140
1819,2713,0.530143
2359,3253,0.530146
1628,2522,0.530152
551,1495,0.530154
2059,2953,0.530161
2046,2940,0.530161
409,4514,0.530173
2328,3222,0.530175
2587,3481,0.530180
3408,4302,0.530186
1675,2569,0.530186
141,4246,0.530189
3519,4413,0.530189
2909,3803,0.530195
1400,2344,0.530210
1729,2623,0.530226
1909,2803,0.530231
2492,3386,0.530234
1053,1997,0.530248
1056,1950,0.530259
620,4725,0.530271
357,4462,0.530278
648,1542,0.530316
3205,4149,0.530317
3767,4661,0.530326
1062,1956,0.530337
110,1004,0.530339
3124,4018,0.530340
2196,3090,0.530341
928,1822,0.530344
67,4172,0.530350
780,4885,0.530352
2248,3142,0.530354
3099,3993,0.530358
335,1229,0.530360
3968,4862,0.530369
406,1300,0.530371
2145,3039,0.530377
505,4610,0.530380
1216,2110,0.530382
3409,4303,0.530391
2582,3476,0.530391
881,1775,0.530398
2631,3525,0.530401
29,923,0.530414
2049,2943,0.530416
3612,4506,0.530419
44,4149,0.530424
2844,3738,0.530428
61,4166,0.530433
2478,3372,0.530433
626,4731,0.530436
2352,3296,0.530439
552,4657,0.530449
242,1136,0.530458
1399,2293,0.530467
3115,4009,0.530481
2821,3715,0.530483
156,4261,0.530485
1225,2119,0.530510
3709,4603,0.530528
1929,2823,0.530529
3223,4117,0.530530
496,1390,0.530533
3304,4248,0.530544
3178,4072,0.530545
381,1275,0.530545
3675,4569,0.530546
1348,2242,0.530550
966,1860,0.530551
2033,2927,0.530555
950,1894,0.530556
2151,3095,0.530557
1907,2801,0.530562
1639,2533,0.530566
2342,3236,0.530566
451,1395,0.530580
3037,3931,0.530581
90,984,0.530582
2677,3571,0.530588
706,1600,0.530597
3685,4579,0.530613
537,4642,0.530616
2280,3174,0.530631
346,1240,0.530632
3296,4190,0.530633
2139,3033,0.530636
550,1494,0.530648
174,4279,0.530648
1522,2416,0.530654
72,4177,0.530658
3345,4239,0.530664
1569,2463,0.530667
3285,4179,0.530669
3004,3948,0.530682
286,4391,0.530693
1240,2134,0.530702
1565,2459,0.530710
2066,2960,0.530714
495,1389,0.530716
1337,2231,0.530736
2729,3623,0.530740
2965,3859,0.530743
244,1138,0.530747
594,4699,0.530748
474,1368,0.530756
2069,2963,0.530758
613,1507,0.530758
613,4718,0.530759
1327,2221,0.530767
0,944,0.530769
515,4620,0.530771
4058,4952,0.530776
123,4228,0.530776
703,1647,0.530777
1185,2079,0.530785
2652,3596,0.530788
3678,4572,0.530792
2180,3074,0.530793
328,4433,0.530800
2672,3566,0.530802
523,1417,0.530822
3033,3927,0.530830
1494,2388,0.530836
591,4696,0.530837
2229,3123,0.530842
34,4139,0.530843
394,1288,0.530844
138,4243,0.530845
1438,2332,0.530852
39,933,0.530864
307,1201,0.530867
106,4211,0.530871
3857,4751,0.530876
2286,3180,0.530878
674,4779,0.530880
3886,4780,0.530884
172,1066,0.530887
843,1737,0.530887
1184,2078,0.530893
2285,3179,0.530897
3787,4681,0.530899
2524,3418,0.530900
2091,2985,0.530905
2639,3533,0.530937
478,1372,0.530946
345,4400,0.530956
2914,3808,0.530957
2912,3806,0.530962
3988,4882,0.530965
634,4739,0.530966
433,1327,0.530975
4082,4976,0.530993
1256,2150,0.530993
2319,3213,0.530994
1115,2009,0.531001
843,4948,0.531032
3448,4342,0.531035
876,1770,0.531038
2549,3443,0.531050
2824,3718,0.531063
2409,3303,0.531068
3457,4351,0.531072
170,1064,0.531074
554,1498,0.531080
3714,4608,0.531085
603,4708,0.531090
593,1487,0.531094
3401,4345,0.531102
4092,4986,0.531111
3505,4449,0.531118
2058,2952,0.531119
2128,3022,0.531120
2262,3156,0.531128
3962,4856,0.531128
259,1153,0.531132
3188,4082,0.531132
1033,1927,0.531139
3782,4676,0.531144
327,1221,0.531152
3567,4461,0.531154
3282,4176,0.531163
832,4937,0.531168
1083,1977,0.531176
2061,2955,0.531187
3849,4743,0.531188
3789,4683,0.531189
2585,3479,0.531191
2514,3408,0.531191
1331,2225,0.531197
1904,2848,0.531198
597,4652,0.531202
2389,3283,0.531204
343,1237,0.531232
752,1696,0.531238
3001,3945,0.531242
2665,3559,0.531256
498,4553,0.531256
1549,2443,0.531260
199,4254,0.531267
3571,4465,0.531267
586,1480,0.531268
3191,4085,0.531284
1446,2340,0.531296
3527,4421,0.531298
3025,3919,0.531300
1051,1995,0.531305
564,1458,0.531313
1571,2465,0.531315
2418,3312,0.531325
3549,4443,0.531331
2668,3562,0.531337
827,4932,0.531341
98,4153,0.531344
2291,3185,0.531345
675,1569,0.531347
1536,2430,0.531365
3994,4888,0.531368
797,4852,0.531369
2762,3656,0.531370
2455,3399,0.531383
3302,4246,0.531388
732,1626,0.531390
3435,4329,0.531391
625,4730,0.531395
1008,1902,0.531398
295,1189,0.531405
3109,4003,0.531413
56,950,0.531418
685,1579,0.531420
2502,3446,0.531434
628,1522,0.531443
3751,4695,0.531443
450,4555,0.531451
3071,3965,0.531463
1023,1917,0.531469
606,4711,0.531470
567,4672,0.531489
1417,2311,0.531495
1543,2437,0.531495
1879,2773,0.531502
1535,2429,0.531514
683,1577,0.531516
407,1301,0.531517
792,1686,0.531525
1998,2892,0.531526
285,4390,0.531545
764,4869,0.531551
1208,2102,0.531558
1745,2639,0.531559
2757,3651,0.531560
282,4387,0.531561
579,4684,0.531575
3700,4644,0.531588
3056,3950,0.531604
3794,4688,0.531616
203,1147,0.531621
2270,3164,0.531626
3240,4134,0.531630
724,4829,0.531632
2404,3348,0.531634
1019,1913,0.531641
2512,3406,0.531641
377,1271,0.531651
3127,4021,0.531652
206,1100,0.531652
832,1726,0.531659
3706,4600,0.531667
1486,2380,0.531668
3234,4128,0.531672
829,1723,0.531681
308,4413,0.531684
1444,2338,0.531691
3123,4017,0.531694
3976,4870,0.531695
3992,4886,0.531701
806,4911,0.531702
3741,4635,0.531711
2376,3270,0.531723
1976,2870,0.531724
2447,3341,0.531726
37,931,0.531726
93,4198,0.531729
1512,2406,0.531740
282,1176,0.531743
152,1096,0.531746
2771,3665,0.531764
3462,4356,0.531773
1350,2294,0.531784
248,1142,0.531784
786,1680,0.531792
354,4459,0.531794
108,1002,0.531802
3075,3969,0.531809
4014,4908,0.531813
4049,4943,0.531816
1279,2173,0.531818
1547,2441,0.531828
3788,4682,0.531830
766,4871,0.531830
2411,3305,0.531832
1379,2273,0.531833
1881,2775,0.531847
2798,3692,0.531852
1116,2010,0.531856
1668,2562,0.531867
377,4482,0.531879
502,4607,0.531890
3464,4358,0.531907
674,1568,0.531914
2238,3132,0.531918
646,1540,0.531919
3044,3938,0.531923
1833,2727,0.531936
3144,4038,0.531940
101,1045,0.531949
542,4647,0.531955
591,1485,0.531956
3941,4835,0.531968
771,4876,0.531971
3853,4797,0.531987
2858,3752,0.531992
3818,4712,0.531996
1805,2749,0.531997
1145,2039,0.531998
846,1740,0.532000
650,1594,0.532004
2852,3796,0.532010
2357,3251,0.532011
1113,2007,0.532016
2686,3580,0.532017
1591,2485,0.532019
4042,4936,0.532023
2496,3390,0.532027
892,1786,0.532035
187,4292,0.532072
2314,3208,0.532075
2839,3733,0.532084
735,4840,0.532086
826,4931,0.532088
3386,4280,0.532097
569,1463,0.532103
2183,3077,0.532105
355,1299,0.532119
489,1383,0.532125
862,1756,0.532147
1089,1983,0.532155
2483,3377,0.532163
852,4957,0.532171
113,1007,0.532184
1328,2222,0.532211
3574,4468,0.532212
3629,4523,0.532221
1014,1908,0.532222
112,4217,0.532249
890,1784,0.532260
2885,3779,0.532298
29,4134,0.532300
813,4918,0.532301
3160,4054,0.532316
2123,3017,0.532324
87,4192,0.532332
2919,3813,0.532336
1581,2475,0.532349
1385,2279,0.532368
2231,3125,0.532370
3525,4419,0.532376
258,4363,0.532378
2421,3315,0.532394
687,4792,0.532395
50,994,0.532397
2897,3791,0.532402
3852,4796,0.532404
2458,3352,0.532405
2486,3380,0.532410
384,1278,0.532413
525,1419,0.532415
1237,2131,0.532416
1409,2303,0.532417
2396,3290,0.532421
3585,4479,0.532424
2172,3066,0.532430
3528,4422,0.532449
1617,2511,0.532458
3975,4869,0.532460
2628,3522,0.532468
520,4625,0.532474
2801,3745,0.532474
1828,2722,0.532487
3674,4568,0.532490
2387,3281,0.532490
2872,3766,0.532492
3610,4504,0.532495
1857,2751,0.532501
425,4530,0.532502
3495,4389,0.532506
2090,2984,0.532511
1722,2616,0.532522
3530,4424,0.532527
576,4681,0.532529
901,1845,0.532536
2437,3331,0.532543
289,4394,0.532544
426,1320,0.532548
1320,2214,0.532565
1443,2337,0.532574
3997,4891,0.532580
549,1443,0.532589
3253,4197,0.532605
625,1519,0.532617
2490,3384,0.532624
3032,3926,0.532624
3728,4622,0.532636
3009,3903,0.532637
4093,4987,0.532642
2992,3886,0.532650
61,955,0.532661
2763,3657,0.532669
938,1832,0.532679
1589,2483,0.532681
3677,4571,0.532694
3455,4399,0.532699
2943,3837,0.532701
83,977,0.532704
3955,4899,0.532715
592,1486,0.532717
1090,1984,0.532725
2775,3669,0.532737
1943,2837,0.532737
683,4788,0.532757
3909,4803,0.532761
3239,4133,0.532764
2465,3359,0.532769
190,4295,0.532773
2941,3835,0.532776
523,4628,0.532777
2311,3205,0.532781
2089,2983,0.532793
961,1855,0.532799
515,1409,0.532800
1203,2147,0.532803
457,1351,0.532811
531,4636,0.532815
116,1010,0.532838
7,4112,0.532847
3682,4576,0.532851
547,1441,0.532862
636,4741,0.532871
1478,2372,0.532878
3611,4505,0.532879
1439,2333,0.532879
3828,4722,0.532885
2222,3116,0.532886
3980,4874,0.532888
1897,2791,0.532890
516,4621,0.532897
696,1590,0.532901
993,1887,0.532905
1894,2788,0.532908
3653,4597,0.532921
446,4501,0.532923
3708,4602,0.532945
1871,2765,0.532948
1498,2392,0.532951
3775,4669,0.532952
1878,2772,0.532966
2466,3360,0.532966
1146,2040,0.532967
23,917,0.532972
3862,4756,0.532975
1034,1928,0.532982
119,1013,0.532984
3796,4690,0.533000
2624,3518,0.533006
4067,4961,0.533006
2560,3454,0.533026
273,1167,0.533037
3773,4667,0.533042
1099,1993,0.533057
541,4646,0.533063
1152,2096,0.533064
183,4288,0.533086
1896,2790,0.533089
1734,2628,0.533090
233,4338,0.533100
3149,4043,0.533104
1433,2327,0.533105
93,987,0.533108
2785,3679,0.533109
3309,4203,0.533114
4085,4979,0.533118
153,1097,0.533146
78,4183,0.533165
2032,2926,0.533167
2808,3702,0.533174
2521,3415,0.533186
1772,2666,0.533196
2297,3191,0.533201
4018,4912,0.533211
745,4800,0.533214
3082,3976,0.533228
2739,3633,0.533235
205,1149,0.533244
964,1858,0.533248
723,1617,0.533248
885,1779,0.533254
725,1619,0.533261
2837,3731,0.533287
3918,4812,0.533292
1403,2347,0.533298
1005,1949,0.533302
3838,4732,0.533302
2,946,0.533305
640,1534,0.533308
1658,2552,0.533311
875,1769,0.533314
12,4117,0.533315
332,4437,0.533323
2381,3275,0.533325
104,4209,0.533330
2910,3804,0.533333
2022,2916,0.533346
1179,2073,0.533364
2235,3129,0.533369
2361,3255,0.533375
3294,4188,0.533376
2584,3478,0.533377
3274,4168,0.533379
3429,4323,0.533391
622,1516,0.533396
342,4447,0.533399
140,1034,0.533400
78,972,0.533403
3928,4822,0.533406
1187,2081,0.533415
657,4762,0.533419
544,4649,0.533427
2303,3247,0.533427
236,1130,0.533437
1289,2183,0.533440
1775,2669,0.533448
77,4182,0.533459
1971,2865,0.533460
3433,4327,0.533465
635,1529,0.533469
132,4237,0.533475
2532,3426,0.533487
1513,2407,0.533500
815,1709,0.533500
601,4706,0.533511
3615,4509,0.533512
3311,4205,0.533513
3470,4364,0.533516
570,1464,0.533520
3266,4160,0.533520
1709,2603,0.533525
76,970,0.533525
223,1117,0.533528
2187,3081,0.533536
2263,3157,0.533543
3439,4333,0.533555
889,4994,0.533555
3672,4566,0.533567
564,4669,0.533579
2044,2938,0.533590
3012,3906,0.533600
1643,2537,0.533600
3503,4447,0.533619
703,4808,0.533620
1796,2690,0.533625
2132,3026,0.533632
654,4759,0.533633
700,4805,0.533641
466,4571,0.533665
3126,4020,0.533670
2966,3860,0.533671
3780,4674,0.533671
474,4579,0.533696
3172,4066,0.533698
821,4926,0.533701
429,4534,0.533709
2323,3217,0.533715
3768,4662,0.533721
736,1630,0.533727
3718,4612,0.533737
2611,3505,0.533738
2840,3734,0.533741
982,1876,0.533744
2245,3139,0.533745
1820,2714,0.533755
1503,2447,0.533765
1685,2579,0.533774
471,1365,0.533777
886,4991,0.533793
632,4737,0.533802
1578,2472,0.533804
366,4471,0.533830
1492,2386,0.533833
3254,4198,0.533835
2202,3146,0.533839
343,4448,0.533840
187,1081,0.533858
794,4899,0.533865
333,4438,0.533868
2666,3560,0.533879
1170,2064,0.533880
173,1067,0.533893
3228,4122,0.533893
1343,2237,0.533895
1957,2851,0.533898
800,4905,0.533898
302,4407,0.533912
1380,2274,0.533916
3268,4162,0.533926
779,1673,0.533930
980,1874,0.533933
2127,3021,0.533943
3582,4476,0.533945
336,1230,0.533955
3034,3928,0.533972
741,4846,0.533986
3664,4558,0.533988
393,4498,0.533991
384,4489,0.533991
880,4985,0.533994
1479,2373,0.533995
638,1532,0.534000
2895,3789,0.534007
450,1394,0.534008
1461,2355,0.534008
453,1397,0.534008
803,1747,0.534020
3262,4156,0.534023
277,4382,0.534023
1390,2284,0.534026
1723,2617,0.534043
543,4648,0.534043
2534,3428,0.534048
136,1030,0.534057
2274,3168,0.534058
1869,2763,0.534059
618,4723,0.534062
836,4941,0.534066
2249,3143,0.534067
71,965,0.534072
1081,1975,0.534079
1969,2863,0.534082
1118,2012,0.534090
3926,4820,0.534096
476,4581,0.534105
2846,3740,0.534106
691,1585,0.534110
3420,4314,0.534110
3349,4243,0.534111
358,4463,0.534114
113,4218,0.534116
437,1331,0.534123
3693,4587,0.534125
2800,3744,0.534137
596,4651,0.534151
3492,4386,0.534152
1319,2213,0.534155
903,1847,0.534160
3352,4296,0.534178
278,4383,0.534206
3249,4143,0.534211
3195,4089,0.534219
3983,4877,0.534221
2479,3373,0.534231
391,4496,0.534238
2901,3845,0.534239
3361,4255,0.534256
2184,3078,0.534259
1202,2146,0.534261
3600,4544,0.534264
505,1449,0.534277
2166,3060,0.534277
2023,2917,0.534278
1958,2852,0.534279
3845,4739,0.534287
652,1596,0.534291
2113,3007,0.534296
239,1133,0.534301
197,4252,0.534305
1507,2401,0.534307
772,1666,0.534309
1406,2300,0.534312
120,4225,0.534319
2830,3724,0.534321
878,4983,0.534328
799,1693,0.534332
388,4493,0.534335
812,4917,0.534338
3475,4369,0.534338
3341,4235,0.534343
618,1512,0.534348
271,4376,0.534352
1814,2708,0.534353
935,1829,0.534360
162,1056,0.534360
412,4517,0.534387
1468,2362,0.534390
3539,4433,0.534394
293,1187,0.534397
503,4608,0.534402
3169,4063,0.534421
754,4859,0.534422
588,4693,0.534435
267,4372,0.534438
90,4195,0.534456
1977,2871,0.534458
667,1561,0.534459
556,1450,0.534460
2422,3316,0.534462
1560,2454,0.534467
1244,2138,0.534468
4001,4945,0.534477
294,4399,0.534480
2082,2976,0.534485
642,4747,0.534494
103,4208,0.534496
147,1041,0.534501
3798,4692,0.534503
3447,4341,0.534505
3380,4274,0.534533
2122,3016,0.534538
1414,2308,0.534544
1618,2512,0.534547
3500,4444,0.534553
3257,4151,0.534563
146,1040,0.534567
2688,3582,0.534576
3395,4289,0.534582
3206,4100,0.534585
914,1808,0.534588
1021,1915,0.534591
161,1055,0.534622
499,4554,0.534624
861,1755,0.534627
1626,2520,0.534639
3181,4075,0.534642
1818,2712,0.534643
399,4454,0.534697
3705,4649,0.534702
2360,3254,0.534705
2878,3772,0.534707
2556,3450,0.534711
273,4378,0.534713
2776,3670,0.534751
3357,4251,0.534768
1951,2895,0.534773
2557,3451,0.534778
246,4301,0.534781
2657,3551,0.534795
3454,4398,0.534799
3666,4560,0.534809
3916,4810,0.534829
106,1000,0.534851
552,1496,0.534852
1610,2504,0.534861
3815,4709,0.534878
440,1334,0.534882
2715,3609,0.534895
2386,3280,0.534904
2343,3237,0.534906
1026,1920,0.534907
1080,1974,0.534911
3998,4892,0.534922
887,4992,0.534923
877,1771,0.534924
773,1667,0.534930
265,1159,0.534933
3952,4896,0.534944
80,974,0.534946
3511,4405,0.534949
3729,4623,0.534972
3213,4107,0.534974
1743,2637,0.534974
936,1830,0.534983
2723,3617,0.534987
3444,4338,0.534997
1735,2629,0.535004
1614,2508,0.535009
1534,2428,0.535014
2398,3292,0.535015
3654,4598,0.535015
2503,3447,0.535018
656,4761,0.535029
1742,2636,0.535048
1191,2085,0.535054
392,1286,0.535066
209,1103,0.535070
224,4329,0.535071
543,1437,0.535074
59,4164,0.535077
814,4919,0.535088
4066,4960,0.535104
756,4861,0.535115
3339,4233,0.535125
227,1121,0.535134
1942,2836,0.535155
1865,2759,0.535164
1681,2575,0.535178
2435,3329,0.535181
2051,2995,0.535182
1679,2573,0.535183
742,1636,0.535183
154,4259,0.535194
442,1336,0.535199
3933,4827,0.535201
244,4349,0.535212
2519,3413,0.535213
1454,2398,0.535224
715,1609,0.535233
313,4418,0.535234
2973,3867,0.535241
1199,2093,0.535243
2088,2982,0.535245
671,1565,0.535245
2553,3497,0.535269
3516,4410,0.535274
855,1799,0.535278
320,1214,0.535284
854,4959,0.535295
1935,2829,0.535308
830,4935,0.535331
415,1309,0.535334
142,1036,0.535343
245,4300,0.535343
3364,4258,0.535388
4069,4963,0.535397
2042,2936,0.535405
784,1678,0.535407
580,1474,0.535427
447,1341,0.535441
3058,3952,0.535443
2886,3780,0.535460
565,1459,0.535463
572,1466,0.535464
2156,3050,0.535475
730,4835,0.535481
737,4842,0.535487
622,4727,0.535489
3655,4599,0.535492
2718,3612,0.535499
2845,3739,0.535513
1936,2830,0.535523
2322,3216,0.535531
316,1210,0.535548
1383,2277,0.535551
1832,2726,0.535559
2812,3706,0.535565
137,1031,0.535568
91,985,0.535569
467,4572,0.535579
1368,2262,0.535590
1094,1988,0.535592
1715,2609,0.535604
382,1276,0.535607
1043,1937,0.535613
2527,3421,0.535627
512,4617,0.535641
2441,3335,0.535645
368,4473,0.535657
2030,2924,0.535658
2832,3726,0.535663
779,4884,0.535676
3546,4440,0.535681
4087,4981,0.535685
94,4199,0.535692
440,4545,0.535703
1835,2729,0.535704
1004,1948,0.535706
27,4132,0.535709
841,4946,0.535722
3801,4745,0.535723
3330,4224,0.535724
2601,3545,0.535730
3784,4678,0.535739
2765,3659,0.535742
114,1008,0.535763
139,1033,0.535772
1458,2352,0.535775
2685,3579,0.535789
2975,3869,0.535789
566,4671,0.535800
818,4923,0.535816
3005,3949,0.535824
1540,2434,0.535825
611,4716,0.535842
2296,3190,0.535850
589,4694,0.535852
1641,2535,0.535854
1964,2858,0.535863
3066,3960,0.535867
2310,3204,0.535878
927,1821,0.535881
2382,3276,0.535886
3738,4632,0.535901
138,1032,0.535938
904,1848,0.535939
1182,2076,0.535970
2841,3735,0.535995
385,1279,0.535998
3174,4068,0.536013
306,4411,0.536035
2366,3260,0.536045
2477,3371,0.536063
2761,3655,0.536076
1087,1981,0.536080
91,4196,0.536101
48,4103,0.536108
2226,3120,0.536135
1568,2462,0.536158
64,4169,0.536173
362,1256,0.536175
828,4933,0.536177
2402,3346,0.536185
1666,2560,0.536216
2326,3220,0.536247
88,4193,0.536252
1898,2792,0.536259
1263,2157,0.536259
929,1823,0.536265
124,4229,0.536268
463,1357,0.536287
2805,3749,0.536316
391,1285,0.536358
1858,2752,0.536365
791,1685,0.536366
1335,2229,0.536375
1369,2263,0.536385
3840,4734,0.536388
3477,4371,0.536396
160,4265,0.536423
2825,3719,0.536429
423,4528,0.536434
1515,2409,0.536438
2721,3615,0.536443
2115,3009,0.536453
1583,2477,0.536458
740,4845,0.536481
4016,4910,0.536492
363,4468,0.536493
144,1038,0.536506
2710,3604,0.536516
905,1849,0.536529
335,4440,0.536544
294,1188,0.536546
3628,4522,0.536554
2667,3561,0.536564
548,1442,0.536571
466,1360,0.536577
2814,3708,0.536592
1229,2123,0.536602
3378,4272,0.536632
490,1384,0.536653
3100,4044,0.536670
693,4798,0.536694
338,1232,0.536704
3587,4481,0.536712
1147,2041,0.536716
1259,2153,0.536722
676,4781,0.536753
1079,1973,0.536761
2622,3516,0.536761
408,4513,0.536765
2062,2956,0.536770
3658,4552,0.536775
218,4323,0.536803
856,4961,0.536807
535,1429,0.536836
835,4940,0.536850
143,1037,0.536864
518,1412,0.536878
666,4771,0.536899
1036,1930,0.536909
461,1355,0.536920
21,915,0.536926
3935,4829,0.536931
569,4674,0.536933
590,1484,0.536936
95,4150,0.536937
1561,2455,0.536956
2130,3024,0.536959
1358,2252,0.536961
3200,4144,0.536962
3269,4163,0.536969
3130,4024,0.536978
573,4678,0.536995
3884,4778,0.537026
2734,3628,0.537058
1950,2894,0.537061
2712,3606,0.537064
1252,2196,0.537071
260,1154,0.537100
1059,1953,0.537129
3165,4059,0.537136
11,905,0.537152
2024,2918,0.537156
1305,2249,0.537161
3892,4786,0.537174
18,912,0.537185
766,1660,0.537193
70,4175,0.537203
1842,2736,0.537215
2907,3801,0.537217
2983,3877,0.537235
1198,2092,0.537240
3494,4388,0.537271
2206,3100,0.537278
1490,2384,0.537283
13,907,0.537285
586,4691,0.537310
2301,3245,0.537311
1523,2417,0.537316
1360,2254,0.537332
3591,4485,0.537362
3207,4101,0.537371
647,4702,0.537373
3142,4036,0.537414
922,1816,0.537414
926,1820,0.537428
2333,3227,0.537445
3558,4452,0.537448
4079,4973,0.537468
2399,3293,0.537470
1241,2135,0.537480
899,1793,0.537502
1172,2066,0.537505
3990,4884,0.537514
422,4527,0.537525
145,4200,0.537547
2586,3480,0.537560
2456,3350,0.537569
870,1764,0.537572
2803,3747,0.537593
181,1075,0.537602
3704,4648,0.537613
840,4945,0.537627
521,4626,0.537633
1418,2312,0.537656
738,1632,0.537667
232,1126,0.537670
653,4758,0.537680
1925,2819,0.537697
2257,3151,0.537698
4048,4942,0.537701
65,4170,0.537712
107,4212,0.537718
1292,2186,0.537723
1166,2060,0.537742
460,1354,0.537743
3073,3967,0.537752
1119,2013,0.537763
2278,3172,0.537768
127,1021,0.537774
2125,3019,0.537782
3661,4555,0.537807
2264,3158,0.537810
3217,4111,0.537812
4025,4919,0.537840
1304,2248,0.537854
3322,4216,0.537857
4040,4934,0.537869
168,4273,0.537881
3701,4645,0.537904
1459,2353,0.537908
126,1020,0.537917
3819,4713,0.537930
794,1688,0.537936
1223,2117,0.537971
1853,2797,0.537971
1283,2177,0.537989
1189,2083,0.537991
2331,3225,0.537995
19,4124,0.537999
1967,2861,0.538003
2232,3126,0.538004
1584,2478,0.538017
995,1889,0.538036
723,4828,0.538047
62,956,0.538077
249,4304,0.538098
3324,4218,0.538099
1086,1980,0.538101
536,1430,0.538120
3609,4503,0.538122
66,4171,0.538141
216,4321,0.538183
3189,4083,0.538190
2298,3192,0.538194
2985,3879,0.538202
1213,2107,0.538222
100,4205,0.538250
1321,2215,0.538252
1130,2024,0.538262
510,4615,0.538289
3468,4362,0.538290
3202,4146,0.538292
246,1140,0.538305
3805,4749,0.538306
1862,2756,0.538310
453,4558,0.538318
2454,3398,0.538332
3656,4550,0.538333
3199,4093,0.538340
3726,4620,0.538348
1028,1922,0.538355
3763,4657,0.538359
1634,2528,0.538372
1758,2652,0.538381
3440,4334,0.538387
3816,4710,0.538417
3070,3964,0.538424
3192,4086,0.538451
3565,4459,0.538460
1314,2208,0.538461
3783,4677,0.538471
3275,4169,0.538482
1508,2402,0.538483
2325,3219,0.538487
156,1050,0.538493
2368,3262,0.538494
3977,4871,0.538530
556,4661,0.538534
3636,4530,0.538537
488,4593,0.538539
10,4115,0.538548
1236,2130,0.538569
179,4284,0.538577
229,1123,0.538599
2879,3773,0.538613
780,1674,0.538614
2987,3881,0.538617
3850,4794,0.538651
2195,3089,0.538659
3865,4759,0.538673
199,1093,0.538692
378,1272,0.538697
3829,4723,0.538714
1491,2385,0.538715
350,1294,0.538718
142,4247,0.538724
698,1592,0.538725
3906,4800,0.538749
326,1220,0.538751
1769,2663,0.538758
169,1063,0.538763
176,1070,0.538801
3894,4788,0.538821
1872,2766,0.538831
546,4601,0.538832
3554,4498,0.538836
3974,4868,0.538836
3665,4559,0.538840
1902,2846,0.538855
560,1454,0.538860
420,4525,0.538864
705,1649,0.538871
1889,2783,0.538884
617,1511,0.538884
3047,3941,0.538935
1015,1909,0.538945
3286,4180,0.538978
681,1575,0.538989
2949,3843,0.539008
33,4138,0.539038
315,4420,0.539059
2900,3844,0.539060
1645,2539,0.539119
3040,3934,0.539124
1142,2036,0.539136
329,4434,0.539145
351,1295,0.539160
401,4506,0.539179
330,4435,0.539184
1105,2049,0.539201
1923,2817,0.539221
240,4345,0.539236
3221,4115,0.539246
371,1265,0.539251
592,4697,0.539252
1778,2672,0.539252
287,4392,0.539264
3821,4715,0.539267
3241,4135,0.539272
3203,4147,0.539274
790,1684,0.539287
1149,2043,0.539296
404,4509,0.539307
645,1539,0.539327
2700,3644,0.539332
956,1850,0.539334
267,1161,0.539347
867,1761,0.539353
175,1069,0.539357
376,1270,0.539365
2379,3273,0.539370
2990,3884,0.539395
2414,3308,0.539397
2029,2923,0.539402
22,4127,0.539415
3638,4532,0.539429
37,4142,0.539442
1108,2002,0.539444
3793,4687,0.539460
448,1342,0.539484
3365,4259,0.539503
3754,4698,0.539519
2356,3250,0.539522
3520,4414,0.539536
3325,4219,0.539539
417,1311,0.539552
561,1455,0.539577
2085,2979,0.539584
1882,2776,0.539588
3491,4385,0.539596
456,4561,0.539599
3358,4252,0.539637
1423,2317,0.539646
3422,4316,0.539648
2944,3838,0.539650
1887,2781,0.539657
2256,3150,0.539663
1986,2880,0.539673
1804,2748,0.539691
2450,3394,0.539710
3406,4300,0.539728
504,4609,0.539729
1727,2621,0.539732
180,4285,0.539734
3068,3962,0.539734
516,1410,0.539749
251,1195,0.539757
494,4599,0.539760
2609,3503,0.539771
507,4612,0.539800
1404,2348,0.539805
3227,4121,0.539817
1613,2507,0.539828
2401,3345,0.539845
2451,3395,0.539852
127,4232,0.539884
1139,2033,0.539890
1576,2470,0.539912
873,4978,0.539920
2525,3419,0.539923
871,1765,0.539929
593,4698,0.539929
2920,3814,0.539959
3065,3959,0.539978
340,1234,0.539979
2561,3455,0.539991
1367,2261,0.539992
480,1374,0.540002
2862,3756,0.540015
3028,3922,0.540035
637,1531,0.540049
2548,3442,0.540050
2573,3467,0.540051
2596,3490,0.540054
322,4427,0.540069
2678,3572,0.540083
511,1405,0.540100
1714,2608,0.540123
2092,2986,0.540126
2786,3680,0.540151
2758,3652,0.540155
322,1216,0.540158
738,4843,0.540166
1545,2439,0.540173
3265,4159,0.540208
469,4574,0.540236
2568,3462,0.540237
3631,4525,0.540238
86,980,0.540251
217,1111,0.540252
1780,2674,0.540260
2526,3420,0.540272
403,4508,0.540276
31,4136,0.540277
2569,3463,0.540286
3303,4247,0.540337
865,4970,0.540362
97,4152,0.540363
431,4536,0.540366
549,4604,0.540369
79,4184,0.540397
742,4847,0.540404
2054,2998,0.540440
1104,2048,0.540447
689,4794,0.540470
919,1813,0.540483
3971,4865,0.540488
1555,2499,0.540507
3496,4390,0.540515
3552,4496,0.540517
2511,3405,0.540528
4009,4903,0.540528
826,1720,0.540574
1405,2349,0.540579
2142,3036,0.540590
1029,1923,0.540623
3719,4613,0.540652
2037,2931,0.540672
889,1783,0.540679
641,1535,0.540681
3394,4288,0.540723
1716,2610,0.540728
3593,4487,0.540740
57,4162,0.540751
51,4156,0.540761
2972,3866,0.540769
879,1773,0.540777
3316,4210,0.540778
597,1491,0.540800
702,1646,0.540890
3342,4236,0.540910
3484,4378,0.540913
828,1722,0.540917
3329,4223,0.540943
809,4914,0.540943
863,1757,0.540959
2040,2934,0.540959
1436,2330,0.540962
2246,3140,0.540965
612,1506,0.540965
10,904,0.540970
1956,2850,0.540983
3035,3929,0.540984
3356,4250,0.540996
1972,2866,0.541005
3289,4183,0.541015
194,1088,0.541016
2134,3028,0.541023
750,1694,0.541046
1848,2742,0.541048
2434,3328,0.541053
178,4283,0.541055
992,1886,0.541058
595,1489,0.541065
2711,3605,0.541088
309,1203,0.541099
1085,1979,0.541110
2600,3544,0.541122
805,1749,0.541211
336,4441,0.541235
3757,4651,0.541250
3899,4793,0.541270
97,991,0.541292
298,1192,0.541304
3136,4030,0.541322
270,1164,0.541340
177,4282,0.541353
2915,3809,0.541396
858,1752,0.541401
999,1893,0.541404
563,4668,0.541426
3031,3925,0.541428
1852,2796,0.541443
3735,4629,0.541490
1657,2551,0.541513
1949,2843,0.541543
128,1022,0.541569
211,4316,0.541571
4077,4971,0.541579
232,4337,0.541623
398,4453,0.541656
1582,2476,0.541659
2815,3709,0.541686
31,925,0.541739
787,1681,0.541758
717,4822,0.541776
2541,3435,0.541785
3858,4752,0.541796
202,4307,0.541800
1979,2873,0.541802
1919,2813,0.541821
4011,4905,0.541828
1801,2745,0.541860
3978,4872,0.541869
3725,4619,0.541888
2658,3552,0.541890
2648,3542,0.541891
3755,4699,0.541901
714,1608,0.541914
68,962,0.541976
2778,3672,0.541982
649,4704,0.541986
82,976,0.542028
1111,2005,0.542029
364,1258,0.542030
3570,4464,0.542047
1325,2219,0.542053
2284,3178,0.542075
472,1366,0.542089
291,4396,0.542104
642,1536,0.542121
1210,2104,0.542161
42,4147,0.542164
3822,4716,0.542166
3226,4120,0.542182
2346,3240,0.542191
1082,1976,0.542196
3915,4809,0.542202
746,4801,0.542205
425,1319,0.542206
452,1396,0.542208
2193,3087,0.542246
3953,4897,0.542267
3384,4278,0.542296
2794,3688,0.542322
665,4770,0.542324
2782,3676,0.542353
2501,3445,0.542367
789,1683,0.542381
1997,2891,0.542382
835,1729,0.542412
3594,4488,0.542426
55,4160,0.542438
2141,3035,0.542442
1870,2764,0.542477
280,1174,0.542479
1822,2716,0.542483
667,4772,0.542488
777,4882,0.542511
615,1509,0.542534
281,1175,0.542543
1815,2709,0.542603
946,1840,0.542609
795,1689,0.542624
493,1387,0.542631
660,1554,0.542654
1303,2247,0.542658
2795,3689,0.542672
4035,4929,0.542681
89,4194,0.542685
1598,2492,0.542686
412,1306,0.542689
2868,3762,0.542697
954,1898,0.542740
3827,4721,0.542743
910,1804,0.542767
816,4921,0.542783
3737,4631,0.542784
1071,1965,0.542787
1839,2733,0.542818
855,4960,0.542830
1160,2054,0.542834
870,4975,0.542835
417,4522,0.542872
2260,3154,0.542911
286,1180,0.542947
3232,4126,0.542962
1511,2405,0.543011
2397,3291,0.543035
1738,2632,0.543052
678,4783,0.543092
1013,1907,0.543099
3497,4391,0.543108
2884,3778,0.543172
2002,2946,0.543177
598,1492,0.543180
1200,2144,0.543191
939,1833,0.543193
773,4878,0.543207
915,1809,0.543228
575,4680,0.543249
2109,3003,0.543257
2199,3093,0.543266
896,1790,0.543285
2312,3206,0.543318
2644,3538,0.543333
414,4519,0.543345
475,1369,0.543355
154,1098,0.543391
1724,2618,0.543403
1353,2297,0.543415
1730,2624,0.543428
884,1778,0.543433
1538,2432,0.543469
1224,2118,0.543483
1810,2704,0.543484
2681,3575,0.543491
639,1533,0.543497
1698,2592,0.543501
1025,1919,0.543502
1281,2175,0.543517
349,1243,0.543573
3377,4271,0.543582
1334,2228,0.543599
115,1009,0.543608
1941,2835,0.543611
605,1549,0.543614
2497,3391,0.543671
753,4858,0.543699
168,1062,0.543702
624,1518,0.543714
976,1870,0.543722
865,1759,0.543725
2157,3051,0.543745
847,4902,0.543753
1767,2661,0.543780
1791,2685,0.543809
163,4268,0.543825
1007,1901,0.543906
2892,3786,0.543910
3759,4653,0.543932
3624,4518,0.543939
2073,2967,0.544011
1253,2197,0.544031
2014,2908,0.544052
998,1892,0.544060
899,4954,0.544062
441,4546,0.544067
2876,3770,0.544092
30,4135,0.544110
257,1151,0.544155
1567,2461,0.544180
486,4591,0.544197
722,4827,0.544202
3959,4853,0.544222
2615,3509,0.544236
1445,2339,0.544254
3175,4069,0.544277
1504,2448,0.544280
3138,4032,0.544292
4074,4968,0.544293
4013,4907,0.544297
1175,2069,0.544359
3403,4347,0.544361
3373,4267,0.544373
444,4549,0.544376
462,4567,0.544398
863,4968,0.544418
2167,3061,0.544442
2433,3327,0.544447
1533,2427,0.544455
1112,2006,0.544461
1585,2479,0.544464
1341,2235,0.544484
3,4108,0.544490
1695,2589,0.544499
1382,2276,0.544518
5,949,0.544519
2047,2941,0.544531
815,4920,0.544537
2929,3823,0.544557
3939,4833,0.544570
2670,3564,0.544628
165,1059,0.544643
3731,4625,0.544644
2510,3404,0.544647
2504,3448,0.544678
1860,2754,0.544684
410,1304,0.544685
3016,3910,0.544691
1808,2702,0.544695
4073,4967,0.544708
3469,4363,0.544734
221,4326,0.544823
3758,4652,0.544825
559,1453,0.544853
1938,2832,0.544906
424,1318,0.544933
1137,2031,0.544960
1737,2631,0.544975
4061,4955,0.544988
2783,3677,0.545018
1968,2862,0.545032
2967,3861,0.545078
2873,3767,0.545082
162,4267,0.545111
3453,4397,0.545115
208,4313,0.545138
502,1446,0.545163
2673,3567,0.545172
3854,4798,0.545190
2153,3097,0.545239
3748,4642,0.545242
872,1766,0.545247
1097,1991,0.545258
802,1746,0.545263
2693,3587,0.545296
301,4406,0.545301
1307,2201,0.545303
59,953,0.545336
70,964,0.545355
4032,4926,0.545363
2957,3851,0.545364
1070,1964,0.545376
3110,4004,0.545421
590,4695,0.545438
119,4224,0.545458
3118,4012,0.545468
2963,3857,0.545491
361,1255,0.545515
2588,3482,0.545527
85,979,0.545581
341,4446,0.545583
877,4982,0.545587
3276,4170,0.545601
2103,3047,0.545623
3449,4343,0.545630
3761,4655,0.545630
469,1363,0.545638
1124,2018,0.545661
3529,4423,0.545672
411,4516,0.545673
3092,3986,0.545693
2751,3695,0.545694
3606,4500,0.545694
3584,4478,0.545701
33,927,0.545716
1813,2707,0.545735
2713,3607,0.545747
3683,4577,0.545751
13,4118,0.545778
260,4365,0.545814
633,1527,0.545839
1024,1918,0.545916
786,4891,0.545918
2415,3309,0.545936
2175,3069,0.545958
3887,4781,0.545987
3055,3999,0.545991
361,4466,0.546002
1388,2282,0.546012
1069,1963,0.546040
2481,3375,0.546041
390,1284,0.546051
379,1273,0.546087
1630,2524,0.546095
1425,2319,0.546137
3370,4264,0.546140
660,4765,0.546171
289,1183,0.546185
3556,4450,0.546194
1541,2435,0.546233
897,4952,0.546277
215,4320,0.546298
3930,4824,0.546307
2922,3816,0.546329
2701,3645,0.546382
3097,3991,0.546409
2388,3282,0.546411
4053,4997,0.546418
948,1842,0.546435
3835,4729,0.546435
1232,2126,0.546460
2820,3714,0.546463
1333,2227,0.546519
1011,1905,0.546556
3340,4234,0.546602
2911,3805,0.546618
670,1564,0.546638
497,4552,0.546664
327,4432,0.546699
3621,4515,0.546715
3885,4779,0.546720
3744,4638,0.546723
3900,4844,0.546723
487,4592,0.546738
2460,3354,0.546747
2996,3890,0.546750
716,1610,0.546770
2792,3686,0.546861
1795,2689,0.546891
645,4700,0.546896
2463,3357,0.546921
126,4231,0.546924
2528,3422,0.546955
621,4726,0.546974
1843,2737,0.546981
2276,3170,0.546987
3616,4510,0.546991
1317,2211,0.547005
398,1292,0.547040
548,4603,0.547056
442,4547,0.547065
1624,2518,0.547089
3566,4460,0.547121
2980,3874,0.547145
2427,3321,0.547160
2577,3471,0.547166
2259,3153,0.547175
3134,4028,0.547183
3669,4563,0.547220
511,4616,0.547223
890,4995,0.547235
3879,4773,0.547253
1655,2599,0.547275
3281,4175,0.547299
191,1085,0.547340
2332,3226,0.547353
3576,4470,0.547364
3523,4417,0.547367
310,1204,0.547385
2430,3324,0.547407
3193,4087,0.547412
47,941,0.547434
3443,4337,0.547446
196,1090,0.547451
3219,4113,0.547455
3702,4646,0.547482
731,4836,0.547487
2866,3760,0.547496
537,1431,0.547502
1344,2238,0.547555
228,1122,0.547598
2179,3073,0.547607
3893,4787,0.547608
3504,4448,0.547608
1269,2163,0.547623
3085,3979,0.547639
1771,2665,0.547646
1265,2159,0.547657
959,1853,0.547742
21,4126,0.547749
582,4687,0.547780
231,4336,0.547784
1733,2627,0.547791
4089,4983,0.547801
1040,1934,0.547826
3498,4392,0.547883
732,4837,0.547904
104,1048,0.547911
3563,4457,0.547987
2722,3616,0.548051
3089,3983,0.548067
823,4928,0.548085
2613,3507,0.548086
72,966,0.548124
788,4893,0.548130
3184,4078,0.548154
568,4673,0.548154
2753,3697,0.548194
1484,2378,0.548198
822,4927,0.548206
1413,2307,0.548208
646,4701,0.548242
2695,3589,0.548286
2097,2991,0.548298
191,4296,0.548313
2373,3267,0.548316
1757,2651,0.548330
1580,2474,0.548344
631,4736,0.548356
1588,2482,0.548357
3512,4406,0.548375
990,1884,0.548467
861,4966,0.548472
2638,3532,0.548497
2098,2992,0.548514
568,1462,0.548523
3146,4040,0.548576
1558,2452,0.548581
1313,2207,0.548584
2738,3632,0.548586
3096,3990,0.548613
2627,3521,0.548620
3383,4277,0.548668
3331,4225,0.548678
3811,4705,0.548714
212,1106,0.548726
1603,2547,0.548765
2633,3527,0.548765
3424,4318,0.548779
2580,3474,0.548779
3618,4512,0.548806
3084,3978,0.548814
659,4764,0.548854
631,1525,0.548867
2250,3194,0.548870
454,4559,0.548882
2641,3535,0.548899
100,1044,0.548906
944,1838,0.548935
2791,3685,0.548941
2659,3553,0.548942
1891,2785,0.548946
2149,3043,0.548954
2028,2922,0.548960
203,4308,0.548988
2003,2947,0.549049
2811,3705,0.549063
2906,3800,0.549078
1471,2365,0.549103
673,4778,0.549117
1391,2285,0.549173
264,1158,0.549196
953,1897,0.549212
2338,3232,0.549223
1806,2700,0.549224
541,1435,0.549252
1517,2411,0.549260
2067,2961,0.549277
1415,2309,0.549336
3863,4757,0.549358
2080,2974,0.549366
2797,3691,0.549393
3209,4103,0.549439
1933,2827,0.549518
2484,3378,0.549525
557,4662,0.549535
909,1803,0.549550
4008,4902,0.549553
837,1731,0.549584
3471,4365,0.549592
3077,3971,0.549598
553,1497,0.549602
2759,3653,0.549627
2818,3712,0.549652
4027,4921,0.549710
1947,2841,0.549724
349,4404,0.549741
3948,4842,0.549763
3613,4507,0.549780
116,4221,0.549803
307,4412,0.549827
1574,2468,0.549984
974,1868,0.550021
3052,3996,0.550030
1732,2626,0.550041
1670,2564,0.550048
1768,2662,0.550079
771,1665,0.550113
701,4806,0.550134
2283,3177,0.550150
1690,2584,0.550201
2289,3183,0.550214
2488,3382,0.550217
1637,2531,0.550239
3872,4766,0.550240
1058,1952,0.550256
3183,4077,0.550281
492,4597,0.550324
3681,4575,0.550346
1625,2519,0.550422
426,4531,0.550432
167,4272,0.550565
1054,1998,0.550587
709,1603,0.550616
1206,2100,0.550630
1487,2381,0.550670
375,4480,0.550679
3721,4615,0.550774
334,4439,0.550807
503,1447,0.550845
250,4355,0.550874
1355,2299,0.550892
462,1356,0.550893
2995,3889,0.550920
6,900,0.550935
2146,3040,0.550945
226,1120,0.550979
79,973,0.551003
261,4366,0.551023
169,4274,0.551053
3985,4879,0.551115
4081,4975,0.551119
2517,3411,0.551131
1395,2289,0.551231
3579,4473,0.551233
2055,2999,0.551371
237,4342,0.551396
822,1716,0.551408
3604,4548,0.551411
1798,2692,0.551434
1060,1954,0.551469
851,4956,0.551516
1659,2553,0.551546
374,1268,0.551548
2834,3728,0.551594
2413,3307,0.551597
747,1641,0.551671
262,4367,0.551678
4002,4946,0.551706
1954,2898,0.551722
694,1588,0.551746
3010,3904,0.551751
49,943,0.551802
4039,4933,0.551802
1816,2710,0.551873
574,1468,0.551896
695,1589,0.551930
768,4873,0.551940
864,1758,0.551944
722,1616,0.551954
439,1333,0.551974
727,1621,0.552081
1700,2644,0.552100
519,4624,0.552172
1827,2721,0.552243
1207,2101,0.552274
1651,2595,0.552282
3460,4354,0.552308
309,4414,0.552371
105,4210,0.552451
1156,2050,0.552461
376,4481,0.552498
2816,3710,0.552507
2661,3555,0.552515
3510,4404,0.552515
3694,4588,0.552530
2940,3834,0.552554
3461,4355,0.552583
3154,4098,0.552630
1802,2746,0.552723
3243,4137,0.552726
757,1651,0.552730
222,4327,0.552755
2663,3557,0.552841
848,1742,0.552863
2440,3334,0.552866
3581,4475,0.552875
1496,2390,0.552877
2224,3118,0.552881
912,1806,0.552886
643,4748,0.552896
781,1675,0.552912
2240,3134,0.552950
866,4971,0.552956
584,4689,0.552959
532,4637,0.552981
3601,4545,0.552991
2268,3162,0.553036
3427,4321,0.553050
360,1254,0.553055
2118,3012,0.553074
1849,2743,0.553085
64,958,0.553148
698,4753,0.553174
1502,2446,0.553191
1672,2566,0.553207
3255,4199,0.553228
432,4537,0.553240
402,1346,0.553322
687,1581,0.553366
708,4813,0.553373
4017,4911,0.553422
581,1475,0.553430
3531,4425,0.553458
3746,4640,0.553467
712,1606,0.553492
348,4403,0.553515
1840,2734,0.553523
218,1112,0.553533
2025,2919,0.553544
1930,2824,0.553562
3463,4357,0.553585
2936,3830,0.553600
1472,2366,0.553630
1718,2612,0.553633
2191,3085,0.553713
725,4830,0.553731
1214,2108,0.553754
2881,3775,0.553833
3393,4287,0.553864
1524,2418,0.553876
2623,3517,0.553879
2813,3707,0.553932
2955,3899,0.553944
1495,2389,0.553966
1002,1946,0.553987
1153,2097,0.553996
117,1011,0.554006
1917,2811,0.554018
3131,4025,0.554020
2020,2914,0.554025
3870,4764,0.554029
1875,2769,0.554045
817,1711,0.554088
3201,4145,0.554149
544,1438,0.554159
917,1811,0.554181
1412,2306,0.554198
873,1767,0.554220
3023,3917,0.554222
1155,2099,0.554225
2680,3574,0.554241
3376,4270,0.554243
211,1105,0.554271
2467,3361,0.554319
3042,3936,0.554335
3777,4671,0.554379
3059,3953,0.554393
3660,4554,0.554552
824,1718,0.554573
525,4630,0.554655
2927,3821,0.554699
3810,4704,0.554710
311,1205,0.554735
397,1291,0.554753
3410,4304,0.554759
775,1669,0.554767
1322,2216,0.554789
52,996,0.554818
3648,4542,0.554830
2116,3010,0.554834
459,4564,0.554841
3423,4317,0.554939
1665,2559,0.554945
2277,3171,0.554949
3923,4817,0.554959
2439,3333,0.554977
36,4141,0.555050
4023,4917,0.555059
3553,4497,0.555197
298,4353,0.555197
1173,2067,0.555272
358,1252,0.555290
1984,2878,0.555381
850,1794,0.555404
2476,3370,0.555467
1652,2596,0.555490
353,4458,0.555496
2150,3094,0.555527
356,1250,0.555532
451,4556,0.555561
2518,3412,0.555564
1770,2664,0.555572
3278,4172,0.555605
347,1241,0.555632
1983,2877,0.555660
230,1124,0.555707
699,4754,0.555712
1297,2191,0.555756
825,1719,0.555770
2714,3608,0.555806
2013,2907,0.555844
1638,2532,0.555883
2505,3449,0.555895
726,4831,0.555915
1520,2414,0.555987
1340,2234,0.556021
1290,2184,0.556063
312,4417,0.556064
3489,4383,0.556076
1041,1935,0.556077
1161,2055,0.556116
181,4286,0.556139
213,1107,0.556210
2867,3761,0.556277
2200,3144,0.556285
1760,2654,0.556319
4028,4922,0.556323
482,1376,0.556338
2860,3754,0.556399
1684,2578,0.556442
2233,3127,0.556491
325,4430,0.556530
17,911,0.556541
3343,4237,0.556567
2726,3620,0.556640
68,4173,0.556662
419,4524,0.556663
824,4929,0.556668
710,4815,0.556695
3288,4182,0.556699
98,992,0.556786
2602,3546,0.556801
265,4370,0.556802
81,4186,0.556863
3176,4070,0.556916
81,975,0.556938
3573,4467,0.556945
2350,3294,0.556992
2112,3006,0.557011
3888,4782,0.557076
147,4202,0.557085
2755,3699,0.557098
2208,3102,0.557126
3382,4276,0.557144
3537,4431,0.557207
210,1104,0.557217
2788,3682,0.557272
445,1339,0.557288
615,4720,0.557299
392,4497,0.557307
14,4119,0.557337
468,1362,0.557386
1497,2391,0.557413
1407,2301,0.557414
281,4386,0.557415
2947,3841,0.557458
49,4104,0.557509
3687,4581,0.557532
111,1005,0.557534
3910,4804,0.557634
2012,2906,0.557663
1877,2771,0.557687
2740,3634,0.557704
1430,2324,0.557732
2099,2993,0.557743
367,4472,0.557751
3515,4409,0.557753
63,957,0.557754
464,1358,0.557831
495,4550,0.557871
1924,2818,0.557875
1254,2198,0.557946
2567,3461,0.557971
2756,3650,0.557998
4045,4939,0.558014
2001,2945,0.558040
2890,3784,0.558048
2358,3252,0.558110
1411,2305,0.558123
1006,1900,0.558167
415,4520,0.558245
3161,4055,0.558246
2945,3839,0.558252
114,4219,0.558282
491,1385,0.558284
1301,2245,0.558345
240,1134,0.558530
1999,2893,0.558577
3809,4703,0.558621
2703,3647,0.558632
3577,4471,0.558654
1575,2469,0.558679
304,1248,0.558696
3673,4567,0.558710
350,4455,0.558797
2104,3048,0.558799
2971,3865,0.558801
932,1826,0.558802
1963,2857,0.558830
3588,4482,0.558836
3734,4628,0.558861
3803,4747,0.558863
2354,3298,0.558875
1346,2240,0.558905
2287,3181,0.558949
3143,4037,0.558950
2942,3836,0.558983
2218,3112,0.558997
2634,3528,0.559060
3984,4878,0.559068
1022,1916,0.559080
25,919,0.559095
2480,3374,0.559131
2523,3417,0.559196
3986,4880,0.559215
1093,1987,0.559302
546,1440,0.559303
1546,2440,0.559317
2676,3570,0.559347
220,4325,0.559376
2675,3569,0.559387
776,4881,0.559422
3230,4124,0.559435
1952,2896,0.559440
3048,3942,0.559445
263,1157,0.559447
1691,2585,0.559461
3602,4546,0.559463
981,1875,0.559504
1134,2028,0.559508
3966,4860,0.559514
3412,4306,0.559573
3347,4241,0.559640
3649,4543,0.559647
1946,2840,0.559719
860,4965,0.559745
1275,2169,0.559762
2799,3693,0.559773
748,1642,0.559858
470,1364,0.560022
900,1844,0.560024
2581,3475,0.560092
2572,3466,0.560093
2241,3135,0.560133
856,1750,0.560137
164,4269,0.560198
2620,3514,0.560264
3938,4832,0.560286
2148,3042,0.560301
1680,2574,0.560301
664,1558,0.560353
185,4290,0.560420
2212,3106,0.560438
16,910,0.560481
1702,2646,0.560513
663,4768,0.560517
1389,2283,0.560519
2744,3638,0.560525
332,1226,0.560542
161,4266,0.560607
1009,1903,0.560641
680,1574,0.560652
4020,4914,0.560656
1807,2701,0.560692
2400,3344,0.560698
314,1208,0.560775
2645,3539,0.560780
1993,2887,0.560789
390,4495,0.560802
370,1264,0.560813
1316,2210,0.560873
1480,2374,0.560922
814,1708,0.560942
2348,3242,0.561010
3696,4590,0.561028
2531,3425,0.561049
2489,3383,0.561108
1248,2142,0.561139
1720,2614,0.561155
38,932,0.561162
1171,2065,0.561169
234,1128,0.561215
606,1500,0.561256
3122,4016,0.561271
130,1024,0.561273
2247,3141,0.561308
283,4388,0.561336
1106,2000,0.561337
691,4796,0.561408
1765,2659,0.561445
2294,3188,0.561533
2636,3530,0.561571
23,4128,0.561600
2266,3160,0.561641
269,1163,0.561672
489,4594,0.561699
255,4360,0.561769
3607,4501,0.561803
1779,2673,0.561808
638,4743,0.561819
1349,2243,0.561827
66,960,0.561854
3399,4293,0.561857
3043,3937,0.561862
632,1526,0.561927
3487,4381,0.561941
500,1444,0.561951
559,4664,0.561960
895,4950,0.561965
1177,2071,0.562024
2335,3229,0.562030
3730,4624,0.562042
538,1432,0.562068
3041,3935,0.562071
3445,4339,0.562145
504,1448,0.562301
1481,2375,0.562432
3080,3974,0.562501
1629,2523,0.562514
3595,4489,0.562521
4086,4980,0.562540
529,1423,0.562667
252,1196,0.562688
2424,3318,0.562792
774,1668,0.562820
369,4474,0.562844
2120,3014,0.562849
4094,4988,0.562849
1868,2762,0.562902
3432,4326,0.562947
2452,3396,0.562969
1873,2767,0.563010
896,4951,0.563048
17,4122,0.563079
3367,4261,0.563146
1855,2799,0.563158
2770,3664,0.563171
708,1602,0.563205
2495,3389,0.563221
2717,3611,0.563242
3301,4245,0.563296
3825,4719,0.563327
3740,4634,0.563487
205,4310,0.563495
2520,3414,0.563497
2334,3228,0.563504
534,4639,0.563506
1607,2501,0.563540
216,1110,0.563582
4062,4956,0.563586
1537,2431,0.563593
1751,2695,0.563631
528,1422,0.563631
3063,3957,0.563688
3061,3955,0.563716
3890,4784,0.563742
987,1881,0.563778
897,1791,0.563783
3267,4161,0.563784
1509,2403,0.563808
1169,2063,0.563826
254,1198,0.563838
759,1653,0.563895
883,4988,0.563915
1212,2106,0.564031
740,1634,0.564032
761,4866,0.564056
799,4854,0.564113
3323,4217,0.564163
1247,2141,0.564176
729,1623,0.564262
1077,1971,0.564274
3179,4073,0.564315
508,1402,0.564392
1995,2889,0.564412
3326,4220,0.564420
2355,3299,0.564457
2594,3488,0.564494
2190,3084,0.564509
189,4294,0.564529
4006,4900,0.564543
3524,4418,0.564553
3101,4045,0.564564
2050,2994,0.564608
2438,3332,0.564634
566,1460,0.564663
3167,4061,0.564665
15,4120,0.564673
3824,4718,0.564715
3431,4325,0.564728
2926,3820,0.564735
3190,4084,0.564817
270,4375,0.564835
3133,4027,0.564836
3237,4131,0.564852
1257,2151,0.564963
3417,4311,0.564975
686,1580,0.565017
163,1057,0.565113
4076,4970,0.565157
2265,3159,0.565203
1562,2456,0.565216
804,4909,0.565229
682,1576,0.565244
583,4688,0.565304
3657,4551,0.565330
62,4167,0.565342
801,4906,0.565352
894,4999,0.565413
2882,3776,0.565428
741,1635,0.565463
1154,2098,0.565472
20,914,0.565473
517,4622,0.565532
2741,3635,0.565554
2236,3130,0.565562
3623,4517,0.565620
383,1277,0.565625
413,4518,0.565703
238,1132,0.565772
963,1857,0.565782
859,1753,0.565881
1073,1967,0.565948
2664,3558,0.565951
143,4248,0.565953
868,4973,0.565967
3883,4777,0.566030
583,1477,0.566066
1906,2800,0.566086
2188,3082,0.566237
3538,4432,0.566269
30,924,0.566293
943,1837,0.566299
2158,3052,0.566307
2899,3793,0.566384
3679,4573,0.566417
2155,3099,0.566450
214,4319,0.566532
271,1165,0.566546
3198,4092,0.566654
3842,4736,0.566676
1683,2577,0.566734
1470,2364,0.566752
2211,3105,0.566757
319,1213,0.566771
1293,2187,0.566820
577,1471,0.566838
311,4416,0.566848
808,1702,0.566848
2550,3494,0.566858
2994,3888,0.566909
3091,3985,0.566934
680,4785,0.566962
1181,2075,0.567026
2610,3504,0.567118
1886,2780,0.567200
4055,4999,0.567261
2736,3630,0.567318
737,1631,0.567367
2546,3440,0.567398
1107,2001,0.567451
3074,3968,0.567513
455,4560,0.567522
1939,2833,0.567572
637,4742,0.567602
3833,4727,0.567650
827,1721,0.567688
2544,3438,0.567771
2380,3274,0.567884
481,1375,0.567931
1045,1939,0.567956
1783,2677,0.567964
807,4912,0.567987
1215,2109,0.568076
300,1244,0.568088
2829,3723,0.568118
968,1862,0.568168
1793,2687,0.568235
1457,2351,0.568260
692,1586,0.568273
3211,4105,0.568287
1965,2859,0.568290
2124,3018,0.568290
75,4180,0.568296
2474,3368,0.568311
594,1488,0.568319
3151,4095,0.568461
28,4133,0.568469
2655,3599,0.568555
2345,3239,0.568573
3991,4885,0.568632
3259,4153,0.568689
433,4538,0.568690
2292,3186,0.568691
775,4880,0.568698
1526,2420,0.568706
1262,2156,0.568755
1000,1944,0.568792
3745,4639,0.568806
2383,3277,0.568873
1493,2387,0.568926
3148,4042,0.568929
487,1381,0.568935
353,1297,0.568972
441,1335,0.568977
2956,3850,0.569015
3772,4666,0.569051
1392,2286,0.569060
800,1744,0.569168
362,4467,0.569256
3474,4368,0.569344
251,4356,0.569365
255,1199,0.569427
330,1224,0.569495
2626,3520,0.569512
2968,3862,0.569519
3067,3961,0.569564
2469,3363,0.569607
996,1890,0.569759
1893,2787,0.569763
3419,4313,0.569766
272,1166,0.569871
3756,4650,0.569947
610,4715,0.570001
2258,3152,0.570049
2147,3041,0.570092
751,4856,0.570117
3220,4114,0.570160
759,4864,0.570172
973,1867,0.570204
3799,4693,0.570268
3090,3984,0.570286
3543,4437,0.570306
1721,2615,0.570312
164,1058,0.570392
1020,1914,0.570430
4033,4927,0.570473
3914,4808,0.570527
728,4833,0.570556
777,1671,0.570588
3413,4307,0.570652
871,4976,0.570653
572,4677,0.570702
2750,3694,0.570717
2137,3031,0.570766
2205,3149,0.570788
920,1814,0.570826
4010,4904,0.570848
1183,2077,0.570863
2016,2910,0.570881
32,4137,0.570893
3502,4446,0.570940
659,1553,0.570967
1863,2757,0.570992
3913,4807,0.571082
2806,3700,0.571151
853,1797,0.571353
2630,3524,0.571365
3750,4694,0.571406
449,1343,0.571420
4091,4985,0.571466
396,4451,0.571635
223,4328,0.571691
1437,2331,0.571767
1531,2425,0.571777
2036,2930,0.571824
934,1828,0.571850
124,1018,0.571865
4022,4916,0.571917
2470,3364,0.571947
1602,2546,0.571950
3,947,0.571987
2970,3864,0.572064
898,4953,0.572140
490,4595,0.572160
960,1854,0.572219
77,971,0.572261
1434,2328,0.572312
2889,3783,0.572364
3569,4463,0.572364
697,4752,0.572427
2752,3696,0.572430
3466,4360,0.572455
3742,4636,0.572476
1601,2545,0.572512
1812,2706,0.572636
3291,4185,0.572938
2595,3489,0.572950
480,4585,0.572985
2027,2921,0.573063
3617,4511,0.573070
1774,2668,0.573072
2730,3624,0.573139
1717,2611,0.573189
2708,3602,0.573218
1527,2421,0.573252
1797,2691,0.573258
545,4600,0.573305
416,1310,0.573318
115,4220,0.573429
947,1841,0.573441
3385,4279,0.573535
1440,2334,0.573553
3921,4815,0.573602
418,1312,0.573612
3619,4513,0.573767
1693,2587,0.573782
381,4486,0.573882
3224,4118,0.573979
1551,2495,0.574008
858,4963,0.574051
35,929,0.574060
1084,1978,0.574078
3749,4643,0.574092
4034,4928,0.574104
411,1305,0.574196
2406,3300,0.574223
4059,4953,0.574255
1916,2810,0.574269
810,1704,0.574373
1845,2739,0.574500
798,4853,0.574516
584,1478,0.574564
1890,2784,0.574750
421,4526,0.574775
3438,4332,0.574851
778,1672,0.574882
1577,2471,0.574958
3869,4763,0.574992
2077,2971,0.574997
688,4793,0.575054
141,1035,0.575111
2848,3742,0.575134
1298,2192,0.575155
407,4512,0.575288
1451,2395,0.575297
930,1824,0.575338
588,1482,0.575372
3651,4595,0.575384
608,1502,0.575396
2442,3336,0.575403
1067,1961,0.575553
692,4797,0.575629
1599,2493,0.575636
44,938,0.575643
848,4903,0.575708
1489,2383,0.575765
619,1513,0.575785
1677,2571,0.575794
494,1388,0.575809
535,4640,0.575884
1245,2139,0.575924
2959,3853,0.576063
2833,3727,0.576067
3713,4607,0.576094
3235,4129,0.576103
1623,2517,0.576125
321,4426,0.576145
134,1028,0.576150
92,4197,0.576161
1809,2703,0.576174
4004,4948,0.576175
3348,4242,0.576322
2436,3330,0.576464
2938,3832,0.576512
514,1408,0.576522
3277,4171,0.576562
3116,4010,0.576562
2656,3550,0.576563
3969,4863,0.576605
978,1872,0.576709
3963,4857,0.576748
1323,2217,0.576774
3937,4831,0.576813
4072,4966,0.576820
3155,4099,0.576928
765,4870,0.576935
3381,4275,0.577059
539,4644,0.577100
2978,3872,0.577134
3697,4591,0.577212
3204,4148,0.577228
3208,4102,0.577234
2324,3218,0.577260
1499,2393,0.577295
3776,4670,0.577391
3911,4805,0.577433
662,4767,0.577439
57,951,0.577576
430,1324,0.577585
446,1340,0.577692
1846,2740,0.577870
456,1350,0.578282
1911,2805,0.578283
2261,3155,0.578312
3177,4071,0.578348
497,1391,0.578455
671,4776,0.578464
2859,3753,0.578484
2423,3317,0.578485
4007,4901,0.578499
206,4311,0.578544
2704,3648,0.578546
2908,3802,0.578575
5,4110,0.578717
614,4719,0.578722
829,4934,0.578875
2173,3067,0.578908
2674,3568,0.578935
2114,3008,0.578966
461,4566,0.578984
1667,2561,0.579006
373,1267,0.579047
3185,4079,0.579078
3119,4013,0.579156
506,1400,0.579209
4065,4959,0.579230
2010,2904,0.579359
1354,2298,0.579364
528,4633,0.579379
1921,2815,0.579412
1318,2212,0.579415
729,4834,0.579657
1159,2053,0.579761
836,1730,0.579790
1194,2088,0.579820
1761,2655,0.579888
4030,4924,0.579906
445,4500,0.580010
1268,2162,0.580026
866,1760,0.580033
663,1557,0.580060
945,1839,0.580184
2787,3681,0.580221
304,4409,0.580345
375,1269,0.580535
1553,2497,0.580555
2836,3730,0.580666
925,1819,0.580732
2035,2929,0.580766
840,1734,0.581085
457,4562,0.581144
658,1552,0.581233
818,1712,0.581235
1230,2124,0.581291
192,1086,0.581305
1449,2343,0.581345
1606,2500,0.581405
1373,2267,0.581414
3902,4846,0.581488
39,4144,0.581551
578,4683,0.581650
326,4431,0.581673
872,4977,0.581788
438,4543,0.581826
810,4915,0.581942
3743,4637,0.581950
778,4883,0.581954
2807,3701,0.582072
2316,3210,0.582149
2864,3758,0.582167
2559,3453,0.582324
1352,2296,0.582421
1384,2278,0.582497
721,4826,0.582574
769,4874,0.582589
479,4584,0.582625
2599,3493,0.582756
3488,4382,0.582829
3802,4746,0.582844
2542,3436,0.582861
2953,3897,0.583279
3684,4578,0.583283
3800,4744,0.583341
269,4374,0.583367
2281,3175,0.583409
325,1219,0.583453
1273,2167,0.583552
448,4503,0.583574
644,4749,0.583619
287,1181,0.583710
1988,2882,0.583710
3473,4367,0.583800
1635,2529,0.583880
3931,4825,0.583948
831,1725,0.583990
2545,3439,0.584003
817,4922,0.584005
752,4857,0.584021
73,4178,0.584039
3542,4436,0.584112
621,1515,0.584341
633,4738,0.584356
3557,4451,0.584366
2392,3286,0.584474
1092,1986,0.584495
3642,4536,0.584519
3379,4273,0.584541
1326,2220,0.584621
3891,4785,0.584634
3575,4469,0.584671
3949,4843,0.584703
2347,3241,0.584754
2660,3554,0.584765
2789,3683,0.584766
2131,3025,0.584854
3807,4701,0.584974
3020,3914,0.585094
1731,2625,0.585110
1712,2606,0.585159
2126,3020,0.585175
1552,2496,0.585196
2988,3882,0.585313
465,4570,0.585459
380,4485,0.585473
2444,3338,0.585617
1361,2255,0.585682
1753,2697,0.585842
3079,3973,0.585948
3026,3920,0.585959
527,1421,0.586111
238,4343,0.586164
1424,2318,0.586204
2979,3873,0.586330
707,4812,0.586365
609,1503,0.586407
129,4234,0.586562
3485,4379,0.586586
2045,2939,0.586682
429,1323,0.586840
3804,4748,0.586885
539,1433,0.586888
276,4381,0.586961
3832,4726,0.587005
3112,4006,0.587068
693,1587,0.587107
257,4362,0.587108
8,4113,0.587108
790,4895,0.587146
580,4685,0.587191
3946,4840,0.587309
690,4795,0.587345
99,4154,0.587470
570,4675,0.587537
3194,4088,0.587576
560,4665,0.587638
3335,4229,0.587669
700,1644,0.587753
695,4750,0.587831
634,1528,0.587879
1052,1996,0.588056
3979,4873,0.588087
1372,2266,0.588211
149,1043,0.588318
1463,2357,0.588377
54,998,0.588399
3368,4262,0.588452
2578,3472,0.588638
3350,4294,0.588652
1687,2581,0.588705
3791,4685,0.588705
746,1640,0.588721
885,4990,0.588744
3508,4402,0.588833
2614,3508,0.588874
3722,4616,0.588887
3560,4454,0.588907
58,4163,0.588926
2377,3271,0.588945
4050,4994,0.589059
3960,4854,0.589199
881,4986,0.589380
2854,3798,0.589386
109,1003,0.589435
85,4190,0.589557
2315,3209,0.589587
907,1801,0.589618
201,1145,0.589631
186,4291,0.589694
2948,3842,0.589808
3851,4795,0.589877
921,1815,0.589965
1315,2209,0.590032
878,1772,0.590118
2779,3673,0.590154
3881,4775,0.590180
1787,2681,0.590298
892,4997,0.590334
3290,4184,0.590359
1359,2253,0.590367
323,4428,0.590418
720,1614,0.590420
609,4714,0.590628
1636,2530,0.590673
744,1638,0.590735
96,4151,0.590779
60,4165,0.590817
551,4656,0.590877
173,4278,0.590926
3258,4152,0.590966
219,4324,0.591128
2407,3301,0.591174
3483,4377,0.591207
1903,2847,0.591430
1836,2730,0.591442
784,4889,0.591447
869,1763,0.591572
788,1682,0.591586
3387,4281,0.591624
711,1605,0.591883
739,1633,0.591984
3732,4626,0.592026
804,1748,0.592132
3222,4116,0.592203
2857,3751,0.592204
50,4155,0.592232
3583,4477,0.592252
3036,3930,0.592275
724,1618,0.592310
146,4201,0.592350
122,1016,0.592476
3779,4673,0.592668
1381,2275,0.592735
893,1787,0.592748
305,1249,0.592993
839,1733,0.593030
217,4322,0.593133
3690,4584,0.593506
1671,2565,0.593533
3521,4415,0.593548
2279,3173,0.593593
1338,2232,0.593597
587,4692,0.593702
1464,2358,0.593728
195,1089,0.593736
1864,2758,0.593761
2234,3128,0.594028
844,4949,0.594074
510,1404,0.594196
222,1116,0.594245
2579,3473,0.594315
581,4686,0.594320
734,1628,0.594324
372,1266,0.594356
2617,3511,0.594448
2566,3460,0.594523
380,1274,0.594620
1616,2510,0.594883
1336,2230,0.594985
3627,4521,0.595040
1138,2032,0.595126
1955,2899,0.595175
847,1741,0.595350
3956,4850,0.595419
610,1504,0.595429
833,1727,0.595689
2432,3326,0.595728
3087,3981,0.595850
791,4896,0.595886
852,1796,0.595932
782,4887,0.595937
1047,1941,0.595987
2083,2977,0.596017
3927,4821,0.596042
128,4233,0.596170
3212,4106,0.596236
88,982,0.596277
3550,4494,0.596298
521,1415,0.596313
393,1287,0.596381
3129,4023,0.596469
2081,2975,0.596519
2093,2987,0.596566
1682,2576,0.596755
43,4148,0.596784
3013,3907,0.596784
1713,2607,0.597151
2699,3593,0.597201
3170,4064,0.597355
2176,3070,0.597421
3603,4547,0.597477
1165,2059,0.597624
2327,3221,0.597737
344,4449,0.597778
225,4330,0.597865
3024,3918,0.597914
3522,4416,0.598031
409,1303,0.598110
2070,2964,0.598170
3940,4834,0.598220
3064,3958,0.598249
728,1622,0.598339
739,4844,0.598356
2746,3640,0.598394
397,4452,0.598531
359,4464,0.598603
756,1650,0.598789
2102,3046,0.598842
472,4577,0.598929
2304,3248,0.598972
1135,2029,0.599078
2425,3319,0.599114
1782,2676,0.599133
801,1745,0.599161
2861,3755,0.599170
3456,4350,0.599178
3967,4861,0.599311
2216,3110,0.599445
1127,2021,0.599575
1564,2458,0.599654
3366,4260,0.599823
1776,2670,0.600033
152,4257,0.600162
1674,2568,0.600194
2242,3136,0.600213
2269,3163,0.600326
2513,3407,0.600580
3057,3951,0.600609
1888,2782,0.600645
3771,4665,0.600666
3972,4866,0.600677
805,4910,0.600710
1012,1906,0.600732
1100,2044,0.600958
184,1078,0.601000
2540,3434,0.601049
2108,3002,0.601061
9,903,0.601093
324,4429,0.601298
3069,3963,0.601322
1065,1959,0.601392
3847,4741,0.601418
3634,4528,0.601574
1914,2808,0.601619
787,4892,0.601625
2625,3519,0.601656
2136,3030,0.601711
178,1072,0.601764
360,4465,0.601819
2931,3825,0.601869
770,1664,0.601931
1570,2464,0.601983
854,1798,0.602111
585,4690,0.602169
177,1071,0.602181
876,4981,0.602205
266,1160,0.602217
1821,2715,0.602301
1844,2738,0.602308
135,4240,0.602445
148,1042,0.602461
3922,4816,0.602675
679,4784,0.603290
651,4756,0.603366
627,1521,0.603388
1663,2557,0.603449
670,4775,0.603493
1482,2376,0.603494
1847,2741,0.603513
2530,3424,0.603650
629,4734,0.603762
629,1523,0.603766
408,1302,0.603800
3297,4191,0.603911
3107,4001,0.603926
1990,2884,0.603931
3017,3911,0.604155
520,1414,0.604197
2691,3585,0.604248
522,4627,0.604301
274,1168,0.604331
3247,4141,0.604396
769,1663,0.604409
235,1129,0.604469
2719,3613,0.604475
395,1289,0.604507
3051,3995,0.604554
2790,3684,0.604916
4043,4937,0.605020
1188,2082,0.605171
2684,3578,0.605239
719,4824,0.605307
2725,3619,0.605445
157,1051,0.605447
617,4722,0.605700
145,1039,0.605735
318,1212,0.605749
941,1835,0.606070
731,1625,0.606139
3733,4627,0.606320
69,963,0.606473
3568,4462,0.606680
268,1162,0.606723
1140,2034,0.606746
2201,3145,0.606767
675,4780,0.606938
1748,2642,0.606949
1453,2397,0.607076
1850,2794,0.607188
306,1200,0.607226
1689,2583,0.607299
3795,4689,0.607358
600,1544,0.607381
2632,3526,0.607412
571,4676,0.607724
2367,3261,0.607730
630,1524,0.607755
971,1865,0.607854
1654,2598,0.607920
3320,4214,0.607966
4044,4938,0.608102
4047,4941,0.608146
2227,3121,0.608283
3841,4735,0.608384
1120,2014,0.608385
673,1567,0.608549
2565,3459,0.608643
3944,4838,0.608855
3662,4556,0.609013
2747,3641,0.609110
620,1514,0.609129
1351,2295,0.609132
478,4583,0.609279
755,1699,0.609677
2302,3246,0.609860
2446,3340,0.609878
844,1738,0.609960
820,4925,0.609972
108,4213,0.610029
438,1332,0.610063
1258,2152,0.610177
1563,2457,0.610533
28,922,0.610660
2008,2902,0.610764
2169,3063,0.610805
107,1001,0.610916
1706,2600,0.610962
1217,2111,0.611016
491,4596,0.611250
2828,3722,0.611320
3314,4208,0.611380
1597,2491,0.611477
1091,1985,0.611477
1291,2185,0.611562
882,4987,0.611704
1209,2103,0.611768
406,4511,0.611826
561,4666,0.611897
2506,3400,0.611938
3668,4562,0.611960
3689,4583,0.611960
1749,2643,0.612196
2933,3827,0.612216
2640,3534,0.612222
2607,3501,0.612243
3903,4847,0.612249
682,4787,0.612278
315,1209,0.612365
20,4125,0.612396
1918,2812,0.612425
706,4811,0.612432
1031,1925,0.612518
3389,4283,0.612728
2034,2928,0.613070
3499,4393,0.613342
256,4361,0.613406
4084,4978,0.613513
2898,3792,0.613618
500,4605,0.613643
2144,3038,0.613646
2896,3790,0.613840
755,4860,0.614025
685,4790,0.614323
3982,4876,0.614371
266,4371,0.614565
3270,4164,0.614567
2344,3238,0.614597
2977,3871,0.614684
337,4442,0.614745
2063,2957,0.614774
331,4436,0.614945
3868,4762,0.615211
931,1825,0.615357
2764,3658,0.615367
3509,4403,0.615580
227,4332,0.615624
1794,2688,0.615821
1741,2635,0.616025
346,4401,0.616103
386,1280,0.616147
3920,4814,0.616319
2997,3891,0.616332
4038,4932,0.616403
3141,4035,0.616414
636,1530,0.616488
2507,3401,0.616512
3428,4322,0.616777
3159,4053,0.617026
455,1399,0.617088
2802,3746,0.617100
2606,3500,0.617479
1329,2223,0.617548
3747,4641,0.617736
2160,3054,0.617909
758,4863,0.617976
2984,3878,0.617977
2925,3819,0.618015
197,1091,0.618113
1233,2127,0.618147
599,1493,0.618362
1121,2015,0.618425
3182,4076,0.618496
276,1170,0.618568
3844,4738,0.618608
506,4611,0.618670
3375,4269,0.618848
3039,3933,0.618868
2272,3166,0.618947
1905,2849,0.618989
2485,3379,0.619001
1874,2768,0.619060
2078,2972,0.619060
1193,2087,0.619077
2186,3080,0.619117
4012,4906,0.619156
2198,3092,0.619361
807,1701,0.619655
92,986,0.619679
666,1560,0.619694
1790,2684,0.619733
1284,2178,0.619858
2164,3058,0.620142
3287,4181,0.620190
678,1572,0.620193
3215,4109,0.620345
2074,2968,0.620473
3813,4707,0.620498
1178,2072,0.620544
3095,3989,0.620553
2254,3198,0.620568
2951,3895,0.620569
760,4865,0.620711
3876,4770,0.620826
1982,2876,0.620843
2121,3015,0.620914
803,4908,0.621140
1542,2436,0.621235
1859,2753,0.621313
3006,3900,0.621343
1750,2694,0.621355
1219,2113,0.621558
471,4576,0.621559
719,1613,0.621678
53,4158,0.621740
2152,3096,0.621763
768,1662,0.621784
3029,3923,0.621846
1088,1982,0.621996
1572,2466,0.622051
3050,3994,0.622140
1573,2467,0.622183
3874,4768,0.622221
1205,2149,0.622355
604,1548,0.622462
1448,2342,0.622463
975,1869,0.622473
1885,2779,0.622558
3837,4731,0.622802
2817,3711,0.622811
2743,3637,0.623077
102,1046,0.623134
2371,3265,0.623248
624,4729,0.623250
1884,2778,0.623260
2096,2990,0.623463
1039,1933,0.623693
1211,2105,0.623726
2831,3725,0.624101
962,1856,0.624495
1095,1989,0.624525
204,4309,0.624543
2162,3056,0.624595
1299,2193,0.624638
2239,3133,0.624768
3686,4580,0.624821
32,926,0.624948
3103,4047,0.625004
2851,3795,0.625122
262,1156,0.625395
2647,3541,0.625426
1593,2487,0.625467
555,1499,0.625567
916,1810,0.625611
4000,4944,0.625693
763,1657,0.625735
125,4230,0.625905
2038,2932,0.625913
540,1434,0.626012
720,4825,0.626064
1754,2698,0.626084
1587,2481,0.626126
952,1896,0.626448
527,4632,0.626472
2692,3586,0.626521
96,990,0.626565
524,4629,0.626588
2843,3737,0.626588
3760,4654,0.626610
3486,4380,0.627197
2981,3875,0.627299
798,1692,0.627371
4088,4982,0.627458
3105,4049,0.627678
851,1795,0.627896
2391,3285,0.627947
3641,4535,0.628007
3999,4893,0.628083
1103,2047,0.628153
245,1139,0.628179
571,1465,0.628272
3458,4352,0.628349
573,1467,0.628376
213,4318,0.628482
3924,4818,0.628682
389,4494,0.629092
158,4263,0.629153
3707,4601,0.629258
1057,1951,0.629394
47,4102,0.629458
1664,2558,0.629551
2000,2944,0.629557
2993,3887,0.629731
714,4819,0.629746
3054,3998,0.629828
3723,4617,0.629838
3936,4830,0.629915
867,4972,0.629991
3145,4039,0.630002
2960,3854,0.630056
762,4867,0.630061
148,4203,0.630085
774,4879,0.630110
19,913,0.630133
1974,2868,0.630153
1516,2410,0.630187
823,1717,0.630316
648,4703,0.630454
1766,2660,0.630532
2709,3603,0.630758
348,1242,0.630799
4098,4992,0.630807
1622,2516,0.630823
3652,4596,0.630995
1296,2190,0.631209
540,4645,0.631243
811,1705,0.631437
1261,2155,0.631472
589,1483,0.631501
3295,4189,0.631567
174,1068,0.631740
1532,2426,0.631771
1908,2802,0.631818
795,4850,0.631896
2459,3353,0.632020
341,1235,0.632046
2475,3369,0.632050
200,1144,0.632169
3310,4204,0.632174
4096,4990,0.632291
3418,4312,0.632341
3599,4493,0.632442
151,4256,0.632464
1548,2442,0.632645
3313,4207,0.632769
160,1054,0.632937
2370,3264,0.633086
1151,2095,0.633141
1427,2321,0.633413
3334,4228,0.633537
484,1378,0.633751
3402,4346,0.633876
2737,3631,0.633880
555,4660,0.633979
42,936,0.633983
435,4540,0.634100
697,1591,0.634342
942,1836,0.634353
4029,4923,0.634453
1697,2591,0.634455
3597,4491,0.634460
2754,3698,0.634489
1609,2503,0.634586
3450,4394,0.634790
2604,3548,0.634831
837,4942,0.634989
1661,2555,0.635213
718,1612,0.635607
644,1538,0.635609
1428,2322,0.635732
290,4395,0.635754
1050,1994,0.635791
3640,4534,0.635844
4075,4969,0.635900
669,4774,0.636011
2004,2948,0.636134
3831,4725,0.636426
2064,2958,0.636427
2888,3782,0.636853
985,1879,0.637204
1945,2839,0.637291
3493,4387,0.637517
2516,3410,0.637535
1221,2115,0.637607
339,1233,0.637655
1117,2011,0.637689
111,4216,0.637814
303,1247,0.637815
1621,2515,0.637889
1311,2205,0.637974
1226,2120,0.638037
1131,2025,0.638052
1640,2534,0.638272
850,4955,0.638533
3917,4811,0.638631
965,1859,0.638689
3786,4680,0.638919
3086,3980,0.638996
2870,3764,0.639031
3839,4733,0.639106
172,4277,0.639228
749,4804,0.639249
2031,2925,0.639461
1711,2605,0.639503
1282,2176,0.639579
40,934,0.639764
2894,3788,0.639810
2491,3385,0.639895
809,1703,0.640290
3633,4527,0.640341
1928,2822,0.640472
2107,3001,0.640625
3021,3915,0.641041
290,1184,0.641098
2515,3409,0.641208
1662,2556,0.641413
2225,3119,0.641526
1483,2377,0.641693
3635,4529,0.641700
2827,3721,0.641785
3132,4026,0.641794
576,1470,0.641863
2154,3098,0.642023
886,1780,0.642055
1579,2473,0.642107
2583,3477,0.642244
2041,2935,0.642455
3260,4154,0.642631
3273,4167,0.642783
3168,4062,0.643496
2143,3037,0.643619
595,4650,0.643729
2060,2954,0.643748
2871,3765,0.643784
3590,4484,0.644277
1243,2137,0.644451
712,4817,0.644553
254,4359,0.644581
292,4397,0.644815
2536,3430,0.644999
221,1115,0.645017
2086,2980,0.645216
2697,3591,0.645240
1035,1929,0.645285
6,4111,0.645489
22,916,0.645733
1704,2648,0.645865
3717,4611,0.646001
2426,3320,0.646252
3526,4420,0.646256
761,1655,0.646501
893,4998,0.646674
3814,4708,0.647142
2733,3627,0.647261
3434,4328,0.647312
983,1877,0.647414
55,999,0.647504
2189,3083,0.647813
2330,3224,0.647842
721,1615,0.648117
437,4542,0.648271
1150,2094,0.648321
2698,3592,0.648429
485,1379,0.648799
196,4251,0.648863
2917,3811,0.649066
2780,3674,0.649132
2017,2911,0.649190
1829,2723,0.649273
1048,1942,0.649544
3501,4445,0.649676
3965,4859,0.649687
3882,4776,0.649888
3003,3947,0.649914
3308,4202,0.650173
3774,4668,0.650222
364,4469,0.650307
2552,3496,0.650309
652,4757,0.650546
3369,4263,0.650603
1164,2058,0.650900
2365,3259,0.651476
3416,4310,0.651504
299,4354,0.651592
1991,2885,0.651606
3861,4755,0.651631
253,1197,0.652258
207,1101,0.652292
1811,2705,0.652339
1422,2316,0.652773
4078,4972,0.652943
1387,2281,0.652990
3680,4574,0.653217
2111,3005,0.653566
2934,3828,0.653692
3459,4353,0.653742
888,4993,0.653819
1246,2140,0.653953
701,1645,0.653994
479,1373,0.654064
208,1102,0.654188
338,4443,0.654365
413,1307,0.654394
1514,2408,0.654869
272,4377,0.654888
207,4312,0.655021
679,1573,0.655137
1926,2820,0.655235
133,4238,0.655266
430,4535,0.655349
3007,3901,0.655657
2317,3211,0.655719
3877,4771,0.655801
3907,4801,0.655881
3996,4890,0.656183
278,1172,0.656225
2543,3437,0.656315
368,1262,0.656519
802,4907,0.656579
3592,4486,0.656626
2772,3666,0.656637
2564,3458,0.656746
188,1082,0.656792
1061,1955,0.657478
1694,2588,0.657486
473,4578,0.657672
1901,2845,0.657878
2649,3543,0.657897
715,4820,0.657934
2974,3868,0.658030
1519,2413,0.658069
3404,4348,0.658132
444,1338,0.658225
2654,3598,0.658362
2774,3668,0.658501
1356,2250,0.658518
2473,3367,0.658580
704,1648,0.658725
1927,2821,0.658850
1656,2550,0.659160
198,4253,0.659207
949,1843,0.659315
4005,4949,0.659495
256,1150,0.659505
3676,4570,0.659847
764,1658,0.660091
2204,3148,0.660139
3135,4029,0.660315
713,1607,0.660417
2690,3584,0.660424
2637,3531,0.661024
1752,2696,0.661273
3147,4041,0.661504
3770,4664,0.661530
664,4769,0.661666
2500,3444,0.662110
1707,2601,0.662271
436,4541,0.662417
834,4939,0.662550
2605,3549,0.662555
321,1215,0.662617
2349,3243,0.662676
3826,4720,0.662908
3647,4541,0.662956
2869,3763,0.663219
2043,2937,0.663222
395,4450,0.663547
1249,2143,0.664054
2883,3777,0.664142
3715,4609,0.664143
485,4590,0.664189
428,4533,0.664356
2650,3594,0.664475
2918,3812,0.664491
3580,4474,0.664605
3964,4858,0.664818
486,1380,0.664900
514,4619,0.665211
1940,2834,0.665368
534,1428,0.665414
1530,2424,0.665804
3479,4373,0.665846
241,4346,0.666049
997,1891,0.666587
1477,2371,0.666632
3643,4537,0.666703
3545,4439,0.666805
3292,4186,0.666867
677,4782,0.666901
4,948,0.667798
672,4777,0.667837
2420,3314,0.667841
2192,3086,0.667846
418,4523,0.668231
283,1177,0.668344
3507,4401,0.668953
481,4586,0.668955
4060,4954,0.669001
883,1777,0.669013
3363,4257,0.669043
3860,4754,0.669146
1098,1992,0.669201
1374,2268,0.669320
1074,1968,0.669541
1837,2731,0.669666
3117,4011,0.670195
2522,3416,0.670232
201,4306,0.670237
1705,2649,0.670263
868,1762,0.670314
1264,2158,0.670492
1143,2037,0.670559
563,1457,0.670660
347,4402,0.670741
130,4235,0.671091
530,1424,0.671231
3812,4706,0.671359
2174,3068,0.671381
250,1194,0.671422
1831,2725,0.671455
2558,3452,0.671676
553,4658,0.671783
467,1361,0.671901
4090,4984,0.671901
2461,3355,0.671967
1231,2125,0.672559
3062,3956,0.672789
587,1481,0.673173
1978,2872,0.673288
1473,2367,0.673531
518,4623,0.673721
288,1182,0.673728
3411,4305,0.673799
522,1416,0.674378
239,4344,0.674889
2462,3356,0.675029
387,1281,0.675122
179,1073,0.675346
319,4424,0.675510
1826,2720,0.675567
1410,2304,0.675614
2939,3833,0.675656
2416,3310,0.675855
229,4334,0.675903
3950,4894,0.676007
3351,4295,0.676041
1506,2400,0.676192
3598,4492,0.676553
139,4244,0.676600
159,4264,0.676643
958,1852,0.676923
2408,3302,0.677184
819,4924,0.677483
1975,2869,0.677804
34,928,0.677819
3359,4253,0.678203
1465,2359,0.678318
2207,3101,0.678508
612,4717,0.678698
1168,2062,0.679149
2353,3297,0.679371
602,1546,0.679553
1122,2016,0.679631
650,4755,0.679648
984,1878,0.679846
118,1012,0.680221
3481,4375,0.680281
247,4302,0.680575
538,4643,0.680684
182,1076,0.680745
3022,3916,0.681160
630,4735,0.681360
1892,2786,0.681368
1747,2641,0.681696
2964,3858,0.681703
2499,3393,0.681805
2769,3663,0.682209
1429,2323,0.682271
608,4713,0.682385
296,1190,0.682972
3346,4240,0.683170
431,1325,0.683405
2745,3639,0.683528
2457,3351,0.683780
977,1871,0.683804
2065,2959,0.683945
383,4488,0.684013
937,1831,0.684607
3981,4875,0.684781
655,4760,0.684819
888,1782,0.684838
2538,3432,0.685089
1239,2133,0.685393
477,1371,0.685553
1518,2412,0.686291
2119,3013,0.686530
3150,4094,0.686658
184,4289,0.687013
1595,2489,0.687447
3442,4336,0.687499
1330,2224,0.687807
2182,3076,0.687838
317,4422,0.687886
749,1643,0.688081
1550,2494,0.688250
3008,3902,0.688286
3650,4594,0.688333
396,1290,0.688470
1557,2451,0.688509
247,1141,0.688520
3834,4728,0.688616
3712,4606,0.688935
1920,2814,0.689855
748,4803,0.690288
3125,4019,0.690308
233,1127,0.690899
131,1025,0.691004
894,1788,0.691331
3197,4091,0.691382
1032,1926,0.691545
3038,3932,0.692206
3951,4895,0.692654
3405,4349,0.692685
3353,4297,0.692786
4068,4962,0.692803
2986,3880,0.692903
280,4385,0.693272
762,1656,0.693379
2273,3167,0.693967
1176,2070,0.694827
38,4143,0.694936
1615,2509,0.694960
3251,4195,0.695261
567,1461,0.695285
12,906,0.695321
550,4655,0.695743
2863,3757,0.695968
2707,3601,0.696115
3391,4285,0.696554
2308,3202,0.696607
1692,2586,0.696650
15,909,0.696868
726,1620,0.696918
839,4944,0.697048
2468,3362,0.697289
838,4943,0.697376
150,1094,0.697663
955,1899,0.697865
382,4487,0.697946
105,1049,0.697958
1365,2259,0.697968
69,4174,0.698763
329,1223,0.699123
422,1316,0.699345
366,1260,0.699473
2095,2989,0.699754
3216,4110,0.700214
2372,3266,0.700324
3321,4215,0.700375
1948,2842,0.700433
3465,4359,0.700555
373,4478,0.700738
575,1469,0.701075
234,4339,0.701329
432,1326,0.701881
41,935,0.701914
3806,4700,0.702141
3535,4429,0.702147
649,1543,0.702629
2891,3785,0.703026
1996,2890,0.703157
87,981,0.703338
2921,3815,0.703399
2592,3486,0.703572
1764,2658,0.704028
754,1698,0.704053
657,1551,0.704251
1309,2203,0.704408
2835,3729,0.704572
1649,2543,0.705014
1272,2166,0.705051
2635,3529,0.705350
89,983,0.705691
225,1119,0.706380
656,1550,0.706472
1339,2233,0.706873
3688,4582,0.706931
1102,2046,0.707423
1420,2314,0.707764
1125,2019,0.707808
607,4712,0.707946
694,4799,0.708372
2021,2915,0.709163
661,1555,0.709240
3792,4686,0.709283
2252,3196,0.709374
3769,4663,0.709436
1592,2486,0.709589
2826,3720,0.710943
293,4398,0.710983
2215,3109,0.711054
1030,1924,0.711857
821,1715,0.712068
3231,4125,0.712076
797,1691,0.712395
1883,2777,0.712466
3817,4711,0.712540
3544,4438,0.712918
82,4187,0.713482
940,1834,0.714006
845,4900,0.714028
3578,4472,0.714175
3245,4139,0.714370
743,1637,0.714659
3400,4344,0.714722
2079,2973,0.715175
159,1053,0.715209
891,4996,0.715563
526,4631,0.716293
614,1508,0.716520
2535,3429,0.716622
3158,4052,0.717132
4003,4947,0.717136
4071,4965,0.717639
713,4818,0.717656
1880,2774,0.717711
1510,2404,0.717810
2448,3342,0.718096
3060,3954,0.718727
3315,4209,0.719006
83,4188,0.719396
672,1566,0.719407
887,1781,0.719671
1190,2084,0.719830
40,4145,0.720221
772,4877,0.720233
2117,3011,0.720334
1375,2269,0.720355
1973,2867,0.720488
1686,2580,0.720999
2410,3304,0.721114
1525,2419,0.721939
1174,2068,0.721958
607,1501,0.722631
110,4215,0.723109
416,4521,0.723120
46,4101,0.723283
231,1125,0.723599
3478,4372,0.723724
132,1026,0.724449
3929,4823,0.724553
56,4161,0.724687
35,4140,0.724864
4097,4991,0.724961
182,4287,0.725258
2378,3272,0.725261
2288,3182,0.725713
2282,3176,0.725896
558,4663,0.726016
101,4206,0.726336
3344,4238,0.726933
1600,2544,0.727031
2629,3523,0.727391
705,4810,0.727396
2551,3495,0.728295
3934,4828,0.728517
2351,3295,0.728626
3778,4672,0.728813
1669,2563,0.728880
2916,3810,0.729227
3720,4614,0.729253
95,989,0.729506
1075,1969,0.729528
342,1236,0.729874
1408,2302,0.730336
316,4421,0.730891
2363,3257,0.730894
3272,4166,0.731121
465,1359,0.732064
1003,1947,0.732199
2777,3671,0.732493
303,4408,0.732801
3572,4466,0.733832
2018,2912,0.734634
176,4281,0.735078
3152,4096,0.735112
3864,4758,0.735354
1740,2634,0.735378
1834,2728,0.735735
1038,1932,0.735799
2068,2962,0.736277
3396,4290,0.736638
3244,4138,0.736883
2991,3885,0.736920
3957,4851,0.737664
3859,4753,0.738069
1078,1972,0.738084
365,1259,0.738123
153,4258,0.738268
2849,3743,0.738718
891,1785,0.738978
3128,4022,0.739171
2329,3223,0.739242
2318,3212,0.739390
1345,2239,0.739657
2961,3855,0.739764
410,4515,0.740320
1455,2399,0.740454
2453,3397,0.741208
1604,2548,0.741591
2874,3768,0.741709
1981,2875,0.742163
842,4947,0.742223
1830,2724,0.742806
3875,4769,0.742982
1608,2502,0.744054
623,4728,0.744904
3904,4848,0.744917
1308,2202,0.745415
2048,2942,0.745437
3954,4898,0.745469
3225,4119,0.745489
565,4670,0.745964
3218,4112,0.746336
459,1353,0.746853
747,4802,0.747008
288,4393,0.747438
1386,2280,0.747469
582,1476,0.747637
2924,3818,0.748595
3011,3905,0.748715
3104,4048,0.748898
1285,2179,0.749309
792,4897,0.750092
2209,3103,0.750344
2593,3487,0.750642
1467,2361,0.750857
1435,2329,0.751190
1136,2030,0.751391
3867,4761,0.751637
2251,3195,0.752765
2823,3717,0.752822
2133,3027,0.752885
1402,2346,0.753430
352,1296,0.753892
616,4721,0.753989
1055,1999,0.754065
84,978,0.754511
3306,4200,0.754856
841,1735,0.755289
443,1337,0.755799
796,1690,0.756042
3263,4157,0.756402
767,4872,0.757921
202,1146,0.758063
3261,4155,0.758940
2683,3577,0.759153
2395,3289,0.760049
665,1559,0.760173
1784,2678,0.760506
2185,3079,0.761399
3014,3908,0.762154
1027,1921,0.762297
2612,3506,0.762537
60,954,0.762609
112,1006,0.762802
512,1406,0.763559
394,4499,0.764231
3338,4232,0.765082
1739,2633,0.765164
702,4807,0.765207
3446,4340,0.765394
63,4168,0.765606
2727,3621,0.765743
1266,2160,0.765900
2773,3667,0.766703
54,4159,0.767919
135,1029,0.768302
2275,3169,0.768657
2228,3122,0.769246
2932,3826,0.769258
1856,2750,0.769493
1970,2864,0.770142
3670,4564,0.770998
3785,4679,0.771350
1931,2825,0.772165
3506,4400,0.772762
2161,3055,0.773645
2403,3347,0.773956
533,4638,0.774281
2682,3576,0.774372
3536,4430,0.775005
2597,3491,0.775519
508,4613,0.776271
3727,4621,0.776680
2913,3807,0.778045
492,1386,0.778059
1195,2089,0.778349
149,4204,0.778964
194,4299,0.779571
2563,3457,0.781388
557,1451,0.781561
337,1231,0.781703
323,1217,0.781761
524,1418,0.781856
3626,4520,0.783648
3625,4519,0.783662
1242,2136,0.784269
3856,4750,0.786002
1500,2444,0.786866
463,4568,0.787347
2071,2965,0.787421
3076,3970,0.787462
2320,3214,0.787704
3171,4065,0.789644
3766,4660,0.789669
1620,2514,0.790109
284,4389,0.790295
3716,4610,0.791290
1332,2226,0.791593
2493,3387,0.792187
816,1710,0.792788
103,1047,0.793120
744,4849,0.794011
11,4116,0.794233
751,1695,0.796093
1989,2883,0.796391
3436,4330,0.797521
3555,4499,0.797672
274,4379,0.797911
2842,3736,0.798654
677,1571,0.798921
2138,3032,0.799086
1218,2112,0.799129
198,1092,0.799426
86,4191,0.799674
374,4479,0.800048
913,1807,0.801458
3695,4589,0.801781
793,1687,0.802070
988,1882,0.803765
243,1137,0.804968
443,4548,0.805778
299,1193,0.807726
628,4733,0.807823
2784,3678,0.808528
464,4569,0.808793
1736,2630,0.810176
9,4114,0.810468
3540,4434,0.810825
1460,2354,0.813011
1128,2022,0.813396
475,4580,0.813971
389,1283,0.815097
333,1227,0.815842
554,4659,0.816502
3790,4684,0.816812
1280,2174,0.817318
2679,3573,0.818328
1096,1990,0.818974
1377,2271,0.820104
3081,3975,0.820238
1141,2035,0.820291
2608,3502,0.822097
3551,4495,0.822323
439,4544,0.822563
193,1087,0.822747
488,1382,0.822819
1431,2325,0.823088
4019,4913,0.823366
2374,3268,0.823373
3317,4211,0.823671
155,4260,0.823985
1046,1940,0.824300
204,1148,0.824312
1197,2091,0.824655
2140,3034,0.825012
275,1169,0.825285
3083,3977,0.825384
423,1317,0.825707
4026,4920,0.825770
2847,3741,0.825887
864,4969,0.826171
3622,4516,0.826523
1899,2793,0.826734
3173,4067,0.826936
1744,2638,0.827966
604,4709,0.828015
1759,2653,0.828961
2702,3646,0.830052
1186,2080,0.830980
58,952,0.831682
200,4305,0.831724
3248,4142,0.832072
513,1407,0.834529
460,4565,0.834760
1854,2798,0.835045
45,939,0.836382
340,4445,0.839122
185,1079,0.840013
1841,2735,0.841381
2084,2978,0.841526
4024,4918,0.841772
1276,2170,0.841975
603,1547,0.842282
509,1403,0.843035
911,1805,0.844284
2039,2933,0.845416
3637,4531,0.847077
378,4483,0.847332
144,4249,0.851208
1452,2396,0.851349
1366,2260,0.851925
226,4331,0.852053
53,997,0.852911
1001,1945,0.853256
434,1328,0.853479
517,1411,0.853568
862,4967,0.853604
2223,3117,0.854112
906,1800,0.855514
3362,4256,0.856220
2129,3023,0.857551
2445,3339,0.859698
857,4962,0.860428
2230,3124,0.860596
2687,3581,0.860713
1456,2350,0.860799
3027,3921,0.863103
3452,4396,0.863626
2255,3199,0.865384
136,4241,0.867218
653,1597,0.867660
3388,4282,0.868081
1596,2490,0.868575
2219,3113,0.868639
4051,4995,0.869904
2982,3876,0.872393
2509,3403,0.874959
898,1792,0.875129
1994,2888,0.875162
1566,2460,0.876503
623,1517,0.878034
2419,3313,0.878281
2309,3203,0.878648
574,4679,0.879551
2539,3433,0.880111
3256,4150,0.880303
3736,4630,0.881055
2694,3588,0.881066
4,4109,0.882157
2793,3687,0.882545
1800,2744,0.884021
3072,3966,0.884627
427,1321,0.884889
3970,4864,0.884995
857,1751,0.885483
808,4913,0.886932
1476,2370,0.887504
2449,3343,0.887555
3482,4376,0.887705
385,4490,0.887724
3166,4060,0.891935
3630,4524,0.894235
3298,4192,0.894958
1287,2181,0.895109
320,4425,0.895319
468,4573,0.895425
3162,4056,0.895783
533,1427,0.896794
2937,3831,0.897374
1312,2206,0.899511
3925,4819,0.899853
369,1263,0.902953
3108,4002,0.904233
3252,4196,0.905832
484,4589,0.906150
1646,2540,0.908429
849,4904,0.909675
2313,3207,0.909975
4015,4909,0.912162
3392,4286,0.914751
3646,4540,0.915571
1701,2645,0.915842
3880,4774,0.919867
3547,4441,0.922742
2305,3249,0.923187
0,4105,0.923363
1370,2264,0.923364
2653,3597,0.925056
763,4868,0.927751
344,1238,0.930382
140,4245,0.933432
1710,2604,0.934603
2165,3059,0.939284
853,4958,0.940113
230,4335,0.942347
718,4823,0.942621
767,1661,0.944212
3961,4855,0.944934
2589,3483,0.950176
758,1652,0.951322
99,993,0.951340
1362,2256,0.951864
812,1706,0.956048
2554,3498,0.958453
189,1083,0.961412
3532,4426,0.964117
295,4350,0.966334
902,1846,0.968442
279,1173,0.970308
370,4475,0.971729
1222,2116,0.974981
419,1313,0.979382
1042,1936,0.979678
3018,3912,0.980832
1755,2699,0.984707
709,4814,0.987431
1132,2026,0.989736
1611,2505,0.994783
1895,2789,0.997115
3407,4301,1.002896
1985,2879,1.008344
2748,3642,1.013695
2075,2969,1.017303
3871,4765,1.024106
2838,3732,1.026101
668,1562,1.031671
2928,3822,1.037308
2464,3358,1.040004
3691,4585,1.042983
3781,4675,1.055373
529,4634,1.061496
578,1472,1.061929
1521,2415,1.062377
619,4724,1.069060
2751,4438,4.273111
558,3920,4.273112
382,3744,4.273119
3153,4840,4.273119
1501,4863,4.273123
2210,3897,4.273125
251,3613,4.273128
2670,4307,4.273141
2977,4614,4.273144
251,1938,4.273147
1244,4556,4.273147
784,4146,4.273151
1808,3495,4.273154
995,4307,4.273158
1244,2881,4.273160
1267,2904,4.273168
1229,2866,4.273175
1325,4687,4.273178
807,2494,4.273179
286,1923,4.273183
2172,3809,4.273184
1727,3364,4.273185
2,3364,4.273194
500,2187,4.273197
2187,3824,4.273198
980,4342,4.273210
3115,4752,4.273212
2675,4312,4.273219
2034,3671,4.273220
256,3618,4.273221
90,1727,4.273222
1732,3369,4.273228
1249,4561,4.273235
865,2502,4.273246
324,1961,4.273248
789,2426,4.273249
2421,4058,4.273254
37,3399,4.273255
746,4058,4.273258
784,2421,4.273259
505,2192,4.273261
3130,4767,4.273262
1493,3130,4.273279
1750,3437,4.273280
1483,4845,4.273281
631,2268,4.273288
108,1795,4.273295
1051,2738,4.273295
1498,3135,4.273299
802,4164,4.273300
2044,3681,4.273301
3221,4858,4.273310
2987,4624,4.273311
2406,4093,4.273317
2,1689,4.273323
540,3852,4.273324
2278,3915,4.273325
568,3930,4.273328
1033,2670,4.273330
1478,3115,4.273338
1091,2728,4.273340
1335,2972,4.273344
1511,4873,4.273349
2441,4078,4.273350
711,4073,4.273350
1478,4840,4.273364
1018,4380,4.273365
392,2029,4.273369
817,2454,4.273377
2909,4596,4.273379
1559,4921,4.273389
2436,4073,4.273392
1463,3100,4.273397
1086,4448,4.273398
995,2632,4.273407
1760,3447,4.273410
22,3384,4.273412
2743,4380,4.273426
143,3455,4.273432
1966,3603,4.273444
535,2172,4.273445
2703,4390,4.273449
1574,3211,4.273449
17,1654,4.273465
2512,4199,4.273470
1976,3613,4.273477
965,4327,4.273488
520,2157,4.273493
334,3696,4.273494
535,3897,4.273499
148,1785,4.273502
1938,3575,4.273510
1569,3206,4.273513
75,3437,4.273519
1023,2660,4.273520
17,3379,4.273538
1277,4639,4.273545
626,2263,4.273559
271,1908,4.273576
1229,4591,4.273577
616,3978,4.273581
583,2220,4.273602
960,2647,4.273605
80,1717,4.273606
1214,4576,4.273607
1320,4682,4.273610
324,3686,4.273617
2881,4518,4.273632
2517,4154,4.273662
2919,4556,4.273663
2904,4591,4.273663
377,3739,4.273665
1526,3163,4.273666
1214,2851,4.273676
774,4136,4.273703
842,4154,4.273708
2494,4131,4.273709
960,4322,4.273716
2796,4433,4.273724
286,3648,4.273732
2469,4106,4.273736
271,3633,4.273738
1903,3590,4.273771
462,3824,4.273774
1803,3490,4.273787
2157,3844,4.273790
619,2256,4.273791
1313,4675,4.273793
1562,3249,4.273795
370,3732,4.273800
2505,4192,4.273804
3193,4830,4.273811
2789,4426,4.273811
50,3412,4.273812
136,3498,4.273817
3035,4672,4.273823
1846,3483,4.273829
1079,4441,4.273836
853,2540,4.273852
1267,4629,4.273854
860,2547,4.273854
1961,3648,4.273858
385,2022,4.273859
1597,4909,4.273880
2690,4327,4.273886
1328,2965,4.273887
500,3862,4.273888
1043,4355,4.273895
2655,4342,4.273909
604,3966,4.273914
3100,4787,4.273917
2271,3908,4.273919
1554,4916,4.273925
266,1903,4.273927
148,3460,4.273928
2200,3887,4.273928
1405,4767,4.273935
1501,3188,4.273936
3023,4660,4.273954
3214,4851,4.273955
3211,4898,4.273957
2896,4533,4.273963
693,4005,4.273965
1636,4998,4.273968
3062,4749,4.273973
942,2579,4.273983
349,1986,4.273984
2119,3756,4.273993
845,4157,4.273996
611,3973,4.273999
2080,3717,4.274000
1885,3522,4.274009
1176,2813,4.274025
101,1788,4.274042
2828,4465,4.274047
1747,3384,4.274050
1137,2774,4.274052
1257,2944,4.274056
731,4093,4.274058
233,1870,4.274069
3030,4667,4.274076
1292,2929,4.274081
1018,2655,4.274082
1094,2731,4.274091
409,3771,4.274095
2399,4036,4.274105
194,1831,4.274110
1712,3399,4.274110
3342,4979,4.274113
2092,3729,4.274114
1406,3093,4.274115
711,2398,4.274117
927,4289,4.274126
573,2210,4.274136
923,4285,4.274140
463,2100,4.274143
2037,3674,4.274144
1493,4805,4.274153
1352,4714,4.274155
2087,3724,4.274158
1209,2896,4.274170
888,4200,4.274174
477,3839,4.274181
229,1866,4.274184
2235,3872,4.274184
1157,4519,4.274189
314,1951,4.274193
3346,4983,4.274195
558,2245,4.274198
2980,4617,4.274202
37,1674,4.274211
658,2345,4.274225
754,2441,4.274230
225,1862,4.274231
919,4281,4.274235
1144,2781,4.274242
3257,4944,4.274245
1172,2809,4.274245
1091,4403,4.274246
2268,3905,4.274247
1168,2805,4.274253
214,3576,4.274255
3338,4975,4.274263
561,3923,4.274263
2353,4040,4.274276
3178,4815,4.274295
2111,3798,4.274298
1601,3288,4.274306
2395,4032,4.274316
1654,3341,4.274318
2314,3951,4.274322
2115,3752,4.274324
1504,4866,4.274328
151,1838,4.274330
769,2406,4.274334
75,1712,4.274336
2633,4270,4.274339
1008,4370,4.274340
2816,4453,4.274346
447,3759,4.274353
3054,4741,4.274368
1873,3510,4.274370
1410,3097,4.274370
980,2617,4.274379
1390,4702,4.274391
1402,3089,4.274394
810,2497,4.274397
2594,4231,4.274397
1371,3008,4.274406
759,4121,4.274412
3058,4745,4.274421
895,4207,4.274421
930,2567,4.274425
1498,4810,4.274427
1420,4782,4.274427
1690,3327,4.274442
2152,3839,4.274447
174,1811,4.274453
1149,2786,4.274453
799,2436,4.274457
696,2333,4.274459
685,4047,4.274461
1516,3153,4.274465
1117,2754,4.274467
1753,3440,4.274469
868,4230,4.274476
467,2104,4.274477
1252,4614,4.274496
428,2065,4.274496
65,3427,4.274497
459,2146,4.274498
175,3537,4.274499
1624,4986,4.274512
3264,4901,4.274515
2060,3747,4.274518
689,4001,4.274534
65,1702,4.274537
3287,4924,4.274538
2647,4284,4.274540
2746,4383,4.274545
1301,2988,4.274547
2294,3931,4.274547
358,2045,4.274547
3237,4874,4.274548
1052,4414,4.274549
818,4180,4.274549
109,3471,4.274551
124,1761,4.274551
2528,4165,4.274553
1067,2704,4.274554
361,2048,4.274555
1585,3222,4.274556
2010,3697,4.274557
1639,3276,4.274559
1923,3560,4.274560
642,2279,4.274560
2953,4640,4.274562
747,2384,4.274565
1336,4698,4.274565
584,3946,4.274566
393,3705,4.274570
1304,2991,4.274571
1527,4889,4.274572
2762,4449,4.274576
833,2470,4.274578
1628,4990,4.274579
1325,2962,4.274580
1463,4825,4.274580
1819,3456,4.274583
1055,4417,4.274584
1776,3413,4.274585
876,2513,4.274590
2719,4356,4.274593
1122,4484,4.274593
1161,4523,4.274597
1570,4932,4.274598
300,3662,4.274601
3003,4690,4.274606
627,3989,4.274607
1293,4605,4.274611
1118,4480,4.274611
2321,3958,4.274612
397,2034,4.274616
3046,4683,4.274617
769,4131,4.274618
599,2236,4.274621
327,3689,4.274624
1153,4515,4.274627
2053,3740,4.274627
2297,3934,4.274631
1542,3179,4.274631
681,4043,4.274632
2344,3981,4.274638
1110,2797,4.274638
505,3867,4.274639
2485,4122,4.274643
167,1804,4.274649
66,3428,4.274655
112,3474,4.274657
861,4223,4.274662
2484,4121,4.274663
1632,4994,4.274664
1009,4371,4.274668
1008,2695,4.274669
3280,4917,4.274675
315,1952,4.274682
2582,4219,4.274688
2337,3974,4.274689
1258,2945,4.274697
179,3541,4.274697
726,2363,4.274699
1394,3031,4.274704
1270,4632,4.274706
1441,4753,4.274707
1378,3015,4.274712
2201,3888,4.274712
401,2088,4.274719
934,2571,4.274720
1541,3178,4.274722
3194,4831,4.274729
218,3580,4.274730
634,3996,4.274732
424,2061,4.274733
3240,4877,4.274734
1145,4457,4.274735
775,4137,4.274746
2437,4074,4.274749
152,3514,4.274753
2866,4503,4.274755
3145,4782,4.274757
81,1718,4.274764
18,3380,4.274769
2571,4208,4.274770
2531,4168,4.274774
1351,3038,4.274776
210,3572,4.274782
228,3590,4.274782
3050,4737,4.274783
1024,2661,4.274783
1494,3131,4.274786
1628,3265,4.274789
576,2213,4.274792
1742,3379,4.274800
1967,3604,4.274803
2598,4235,4.274808
685,2322,4.274809
1951,3638,4.274809
938,2575,4.274811
435,2072,4.274815
2910,4597,4.274824
309,3671,4.274829
1379,4741,4.274829
598,2235,4.274831
2459,4146,4.274840
156,1843,4.274841
3333,4970,4.274845
961,4323,4.274846
541,3853,4.274846
163,3525,4.274847
520,3882,4.274848
436,3798,4.274851
914,4276,4.274855
1367,3004,4.274865
2924,4561,4.274867
498,3810,4.274868
1484,4846,4.274869
2805,4492,4.274873
2637,4274,4.274877
821,4183,4.274880
1519,3156,4.274881
501,2188,4.274881
1877,3514,4.274884
790,2427,4.274893
1577,4939,4.274893
1862,3549,4.274896
2390,4027,4.274898
1733,3370,4.274918
919,2556,4.274920
1129,4491,4.274920
1605,3292,4.274926
220,1857,4.274928
3188,4825,4.274929
1116,2753,4.274931
1588,3225,4.274937
2676,4313,4.274944
1613,4975,4.274945
408,2095,4.274953
382,2019,4.274954
2944,4581,4.274956
2629,4266,4.274963
173,1810,4.274963
497,3809,4.274964
2107,3794,4.274967
2059,3746,4.274969
257,3619,4.274971
670,4032,4.274971
2462,4149,4.274973
1881,3518,4.274974
267,1904,4.274979
1292,4604,4.274991
1669,3306,4.274998
3089,4726,4.274999
1200,4562,4.274999
2310,3997,4.275006
1447,3084,4.275016
1529,4891,4.275020
2146,3783,4.275027
506,2193,4.275028
186,3548,4.275029
1245,4557,4.275034
1106,4468,4.275036
1694,3331,4.275037
1340,2977,4.275040
586,3948,4.275044
1171,4533,4.275045
2867,4504,4.275050
662,2349,4.275051
1153,2840,4.275056
1499,3136,4.275058
1163,2800,4.275065
867,4229,4.275066
93,3405,4.275068
127,1764,4.275070
2820,4457,4.275071
835,2472,4.275073
3002,4689,4.275076
210,1897,4.275086
2442,4079,4.275090
883,2520,4.275092
726,4088,4.275101
1248,4560,4.275107
1981,3618,4.275111
525,3887,4.275111
904,4266,4.275117
23,3385,4.275122
255,3617,4.275128
2939,4576,4.275139
2555,4242,4.275140
2955,4642,4.275145
645,2282,4.275145
3323,4960,4.275150
2824,4461,4.275154
966,4328,4.275156
3253,4940,4.275158
1036,4398,4.275166
1210,2897,4.275169
1102,4464,4.275169
504,2191,4.275170
1686,3323,4.275171
1164,2801,4.275183
2380,4017,4.275183
1356,4718,4.275184
2685,4322,4.275185
1440,4752,4.275187
272,1909,4.275191
223,1860,4.275195
2728,4365,4.275197
454,2141,4.275198
1778,3415,4.275202
349,3661,4.275203
917,4279,4.275207
701,2388,4.275211
1437,3074,4.275218
1215,2852,4.275228
2674,4311,4.275231
3286,4923,4.275239
252,3614,4.275244
1924,3561,4.275251
1612,3299,4.275253
633,3995,4.275253
494,2131,4.275254
412,2099,4.275255
90,3402,4.275261
2106,3793,4.275264
2158,3845,4.275265
342,1979,4.275267
2245,3882,4.275268
1166,2803,4.275273
1468,4830,4.275274
850,4212,4.275276
885,2522,4.275278
401,3763,4.275280
1188,4500,4.275291
1828,3465,4.275291
1070,2707,4.275302
3101,4788,4.275304
3336,4973,4.275308
1497,3134,4.275316
884,4246,4.275318
2012,3699,4.275323
413,3775,4.275324
2612,4299,4.275325
1826,3463,4.275326
477,2114,4.275328
245,3557,4.275329
732,4094,4.275345
405,3767,4.275349
71,3433,4.275354
1579,4941,4.275362
2614,4251,4.275369
669,2306,4.275369
1285,2922,4.275370
1038,2675,4.275370
1076,4438,4.275370
38,1675,4.275386
2490,4127,4.275393
1445,4757,4.275398
1339,4651,4.275399
2771,4408,4.275400
743,2380,4.275405
2721,4358,4.275406
1671,3308,4.275410
2153,3840,4.275414
1731,3368,4.275418
1014,4376,4.275419
159,3521,4.275424
746,2383,4.275425
981,2618,4.275429
221,1858,4.275432
982,2619,4.275434
2109,3796,4.275440
774,2411,4.275445
1198,4510,4.275445
1996,3633,4.275451
728,2365,4.275452
2718,4355,4.275468
2832,4469,4.275471
2228,3865,4.275476
32,1669,4.275479
1925,3562,4.275480
2343,3980,4.275484
1363,4725,4.275487
190,1827,4.275488
1422,4784,4.275495
39,1676,4.275497
1576,4938,4.275499
2393,4030,4.275500
1355,3042,4.275503
1394,4706,4.275513
1111,4473,4.275513
2671,4308,4.275514
2283,3920,4.275516
3099,4736,4.275525
1547,3184,4.275534
479,3841,4.275540
636,3998,4.275542
2440,4077,4.275543
168,3530,4.275561
1398,4710,4.275561
2013,3650,4.275576
1069,2706,4.275579
417,2054,4.275581
3171,4808,4.275585
320,1957,4.275585
2898,4535,4.275586
2769,4406,4.275596
2965,4602,4.275598
452,3814,4.275600
1785,3422,4.275600
352,3714,4.275604
420,3782,4.275608
266,3628,4.275609
596,3908,4.275619
1717,3354,4.275623
1889,3526,4.275626
1420,3057,4.275633
1905,3592,4.275634
2868,4505,4.275635
1252,2939,4.275636
95,1732,4.275645
1437,4799,4.275666
1133,2770,4.275668
733,4095,4.275669
2400,4087,4.275673
1689,3326,4.275678
243,3555,4.275679
962,2649,4.275683
302,3664,4.275686
788,2425,4.275690
3052,4739,4.275696
752,4114,4.275696
396,3708,4.275698
2022,3659,4.275699
31,3393,4.275701
3146,4783,4.275715
915,4277,4.275715
2578,4215,4.275719
2587,4224,4.275724
1033,4395,4.275730
2839,4476,4.275730
19,1656,4.275734
205,3567,4.275757
3269,4906,4.275759
1539,4851,4.275761
1360,3047,4.275765
650,2337,4.275768
1457,3144,4.275774
554,2241,4.275778
2348,3985,4.275780
1400,3087,4.275782
1775,3412,4.275784
1003,2690,4.275785
713,4075,4.275786
654,2341,4.275788
946,2583,4.275789
1350,3037,4.275800
58,1745,4.275810
2660,4347,4.275810
882,2519,4.275813
2871,4508,4.275815
3005,4692,4.275819
133,3495,4.275827
3206,4893,4.275829
3132,4769,4.275840
1728,3365,4.275842
2263,3900,4.275849
680,4042,4.275849
21,3383,4.275853
1263,2900,4.275853
1896,3533,4.275855
2076,3713,4.275856
974,4336,4.275858
975,2612,4.275891
2956,4643,4.275893
272,3634,4.275894
2189,3826,4.275896
499,3811,4.275899
350,3712,4.275901
1345,4657,4.275903
126,1763,4.275912
1079,2716,4.275922
1001,2688,4.275925
789,4101,4.275934
2632,4269,4.275945
837,4199,4.275951
3102,4789,4.275951
1246,2883,4.275953
494,3806,4.275953
2363,4000,4.275959
1640,4952,4.275960
2691,4328,4.275965
1215,4577,4.275972
1643,4955,4.275975
903,2590,4.275982
514,2151,4.276003
1644,3281,4.276004
291,3603,4.276005
650,4012,4.276008
1320,2957,4.276010
253,1940,4.276012
845,2482,4.276025
3334,4971,4.276031
1647,3284,4.276031
309,1996,4.276032
842,2479,4.276038
683,4045,4.276039
1295,4607,4.276041
1994,3631,4.276044
1327,2964,4.276044
2765,4402,4.276044
1643,3280,4.276045
1928,3565,4.276045
1482,4844,4.276046
3226,4863,4.276047
3019,4656,4.276053
1635,3272,4.276054
1186,4548,4.276060
2303,3990,4.276062
727,4089,4.276070
997,4309,4.276072
1209,4571,4.276074
832,2469,4.276079
3291,4928,4.276085
949,2586,4.276096
384,2021,4.276097
1647,4959,4.276111
2698,4335,4.276121
1298,4610,4.276127
4,3366,4.276134
2624,4261,4.276134
697,4009,4.276139
60,1747,4.276141
280,1917,4.276142
2270,3907,4.276152
457,2144,4.276155
279,3641,4.276155
214,1851,4.276159
2937,4574,4.276164
1748,3385,4.276184
1600,4962,4.276187
407,2094,4.276189
2062,3749,4.276194
3069,4706,4.276196
1825,3462,4.276196
521,2158,4.276197
2423,4060,4.276198
1234,4596,4.276209
143,1780,4.276213
2206,3893,4.276222
213,3575,4.276227
785,2422,4.276229
1623,4985,4.276234
3158,4845,4.276239
654,4016,4.276242
1343,4655,4.276242
964,4326,4.276243
339,1976,4.276245
587,3949,4.276251
1705,3392,4.276255
906,2593,4.276257
600,3962,4.276259
2277,3914,4.276261
1480,3117,4.276264
2863,4500,4.276268
136,1773,4.276269
1442,4754,4.276270
518,3880,4.276286
985,2622,4.276290
2590,4227,4.276290
2326,3963,4.276290
657,4019,4.276291
601,2288,4.276296
3306,4993,4.276306
1078,4440,4.276311
3220,4857,4.276313
377,2014,4.276314
1526,4888,4.276315
820,4182,4.276324
2502,4189,4.276325
3066,4703,4.276326
537,2174,4.276332
1918,3555,4.276337
2159,3846,4.276344
2586,4223,4.276344
1222,4584,4.276357
1208,4570,4.276363
1892,3529,4.276371
3073,4710,4.276374
2391,4028,4.276380
1334,2971,4.276390
651,2338,4.276401
1231,4593,4.276401
2849,4486,4.276408
1788,3425,4.276410
1461,4823,4.276411
872,4234,4.276419
3213,4850,4.276420
540,2177,4.276421
692,2329,4.276428
1822,3459,4.276436
430,3792,4.276442
1003,4365,4.276456
551,2238,4.276470
492,2129,4.276470
1626,4988,4.276471
288,3600,4.276473
1593,4905,4.276474
3296,4933,4.276474
1057,2744,4.276476
33,1670,4.276481
539,3851,4.276487
1899,3536,4.276500
2130,3767,4.276509
1536,4898,4.276509
754,4116,4.276517
2000,3687,4.276519
2123,3760,4.276521
1156,4518,4.276524
767,2404,4.276537
2126,3763,4.276539
801,4163,4.276545
2657,4344,4.276546
42,1679,4.276549
755,2442,4.276552
1223,2860,4.276553
762,2449,4.276557
2215,3852,4.276558
583,3945,4.276560
258,1945,4.276562
952,4314,4.276563
171,3533,4.276563
1856,3543,4.276567
1464,3101,4.276569
3076,4713,4.276569
1681,3318,4.276578
305,3667,4.276579
515,2152,4.276580
153,3515,4.276606
1920,3557,4.276611
1086,2723,4.276616
649,2286,4.276618
1151,4513,4.276620
1714,3351,4.276622
807,4169,4.276631
114,1751,4.276633
1483,3120,4.276642
1187,2824,4.276645
2768,4405,4.276647
1101,4463,4.276649
1530,4892,4.276651
167,3529,4.276665
1710,3397,4.276665
1119,2756,4.276666
1373,4735,4.276670
937,4299,4.276675
1479,4841,4.276675
929,2566,4.276680
2716,4353,4.276686
135,3497,4.276688
3199,4836,4.276692
899,2536,4.276697
771,2408,4.276700
391,2028,4.276700
2572,4209,4.276705
270,1907,4.276715
1146,4458,4.276719
1773,3410,4.276722
528,2165,4.276724
1180,2817,4.276725
830,4192,4.276740
748,2385,4.276748
1071,4433,4.276760
2993,4630,4.276761
1917,3554,4.276761
1448,3085,4.276764
908,4270,4.276764
1201,2888,4.276767
9,3371,4.276771
974,2611,4.276779
1465,4827,4.276779
178,1815,4.276782
244,1881,4.276782
1594,3231,4.276783
2653,4340,4.276795
2835,4472,4.276799
1282,2919,4.276809
2952,4639,4.276813
3239,4876,4.276815
2861,4548,4.276818
1118,2755,4.276819
736,4098,4.276822
462,2149,4.276836
1386,4748,4.276843
1216,2853,4.276847
844,4156,4.276848
1114,4476,4.276852
265,3627,4.276852
522,3884,4.276861
1559,3246,4.276864
175,1812,4.276867
1383,3020,4.276868
347,3659,4.276870
2426,4063,4.276871
879,2516,4.276875
319,1956,4.276876
1272,2909,4.276891
60,3422,4.276907
1435,3072,4.276908
1395,4707,4.276915
2731,4368,4.276915
3173,4810,4.276915
2842,4479,4.276916
913,2550,4.276921
938,4250,4.276921
284,3646,4.276927
1842,3479,4.276929
237,1874,4.276937
2941,4578,4.276945
976,2613,4.276946
107,1794,4.276956
2860,4547,4.276970
1544,3181,4.276974
830,2467,4.276977
977,2614,4.276980
1262,2949,4.276986
932,2569,4.276989
808,4170,4.276991
877,4239,4.276999
2061,3748,4.277003
1013,4375,4.277004
1110,4472,4.277007
2908,4595,4.277013
593,3905,4.277015
1629,3266,4.277018
1301,4663,4.277018
31,1668,4.277023
2133,3770,4.277023
1456,4818,4.277027
1592,3229,4.277028
1998,3635,4.277031
1183,2820,4.277039
402,2089,4.277045
1227,4589,4.277061
3307,4994,4.277062
243,1880,4.277065
1499,4811,4.277070
607,2294,4.277073
2009,3696,4.277074
1495,4807,4.277078
738,2375,4.277087
2407,4094,4.277087
679,2316,4.277090
2166,3803,4.277091
836,2473,4.277092
7,3369,4.277110
3105,4792,4.277111
1005,2692,4.277120
1458,3145,4.277128
2724,4361,4.277137
1639,4951,4.277147
869,4231,4.277147
420,2057,4.277155
931,4293,4.277157
2029,3666,4.277159
751,2438,4.277161
1405,3092,4.277164
399,3711,4.277164
2785,4422,4.277168
1121,2758,4.277172
208,3570,4.277176
2194,3831,4.277178
455,2142,4.277181
536,3898,4.277181
158,3520,4.277182
2428,4065,4.277186
1872,3509,4.277187
1085,4447,4.277192
533,2170,4.277196
574,3936,4.277202
2364,4001,4.277204
62,1749,4.277211
945,2582,4.277214
358,3720,4.277215
2504,4191,4.277227
146,1783,4.277236
176,1813,4.277237
329,1966,4.277239
1089,2726,4.277240
502,3864,4.277253
1471,3108,4.277258
780,4142,4.277262
1213,2850,4.277267
113,1750,4.277270
1233,2870,4.277271
1290,4602,4.277272
443,3755,4.277299
756,4118,4.277304
1476,3113,4.277332
1691,3328,4.277332
492,3804,4.277333
2230,3867,4.277334
2205,3892,4.277334
3249,4886,4.277335
1066,2703,4.277343
696,4008,4.277346
1421,3058,4.277347
128,3490,4.277350
950,4312,4.277357
1377,3014,4.277360
1573,4935,4.277361
2537,4174,4.277364
416,2053,4.277370
70,3432,4.277373
2378,4015,4.277374
290,1927,4.277377
2320,3957,4.277378
34,1671,4.277378
1550,3237,4.277379
416,3778,4.277380
2479,4116,4.277385
2296,3933,4.277385
3300,4987,4.277386
3175,4812,4.277400
2464,4101,4.277400
491,3803,4.277403
2162,3849,4.277415
366,3728,4.277416
3004,4691,4.277419
2225,3862,4.277420
3327,4964,4.277423
100,1787,4.277435
2176,3813,4.277441
616,2253,4.277442
1524,4886,4.277452
239,3551,4.277461
273,1910,4.277462
1919,3556,4.277465
1607,4969,4.277469
2419,4056,4.277470
2684,4321,4.277472
2535,4172,4.277473
1363,3000,4.277473
1186,2823,4.277478
478,2115,4.277492
440,2077,4.277492
725,4087,4.277493
2232,3869,4.277498
1744,3381,4.277501
95,3407,4.277503
840,4152,4.277504
423,3785,4.277505
2398,4035,4.277507
2032,3669,4.277515
1326,4688,4.277524
312,3674,4.277540
1888,3525,4.277545
686,2323,4.277545
1050,2737,4.277546
402,3764,4.277546
3227,4864,4.277550
2487,4124,4.277551
2962,4649,4.277554
1779,3416,4.277575
1395,3032,4.277582
1521,3158,4.277587
776,2413,4.277589
2064,3701,4.277590
1875,3512,4.277595
1289,2926,4.277599
1023,4385,4.277602
2608,4295,4.277608
0,3362,4.277609
1182,4544,4.277611
256,1943,4.277614
123,1760,4.277619
2357,4044,4.277625
1965,3602,4.277625
434,2071,4.277628
1199,4511,4.277633
1172,4534,4.277637
183,1820,4.277638
1190,2827,4.277653
3288,4925,4.277662
1432,4794,4.277663
2777,4414,4.277665
513,3875,4.277667
383,3745,4.277672
1863,3500,4.277672
1309,4671,4.277672
3263,4900,4.277679
632,2269,4.277680
2921,4558,4.277688
240,1877,4.277694
1622,3259,4.277701
346,1983,4.277702
1719,3356,4.277709
2806,4493,4.277712
2401,4088,4.277716
581,3943,4.277722
1219,2856,4.277734
506,3868,4.277737
2905,4592,4.277748
1342,4654,4.277749
993,4305,4.277750
38,3350,4.277751
2815,4452,4.277755
3109,4796,4.277755
1359,3046,4.277755
984,4346,4.277763
1287,2924,4.277773
1470,4832,4.277779
229,3591,4.277784
2577,4214,4.277788
3137,4774,4.277793
2812,4499,4.277795
1781,3418,4.277799
728,4090,4.277804
2950,4637,4.277805
2306,3993,4.277806
1040,4352,4.277808
1485,3122,4.277808
3065,4702,4.277810
2627,4264,4.277825
2972,4609,4.277841
1517,4879,4.277842
3341,4978,4.277865
142,3454,4.277866
3321,4958,4.277869
1414,3051,4.277872
1249,2886,4.277879
1435,4797,4.277884
3119,4756,4.277889
1536,3173,4.277890
299,1936,4.277891
596,2233,4.277893
630,3992,4.277894
1038,4350,4.277897
2156,3843,4.277899
817,4179,4.277903
870,4232,4.277906
2129,3766,4.277913
97,3409,4.277916
779,4141,4.277919
3198,4835,4.277920
1561,3248,4.277928
86,1723,4.277931
2648,4285,4.277932
2543,4180,4.277935
615,2252,4.277936
920,2557,4.277948
116,3478,4.277952
2414,4051,4.277956
1056,2743,4.277963
80,3442,4.277978
2489,4126,4.277981
3299,4936,4.277992
2634,4271,4.278023
2466,4103,4.278028
1242,2879,4.278034
1303,2990,4.278035
3007,4694,4.278036
118,3480,4.278038
2862,4549,4.278038
3209,4896,4.278044
1665,3302,4.278053
2256,3943,4.278054
488,2125,4.278057
2975,4612,4.278059
1434,4796,4.278060
1310,4672,4.278061
2259,3946,4.278062
635,3997,4.278065
578,2215,4.278066
3202,4889,4.278067
276,1913,4.278068
437,3799,4.278069
3168,4805,4.278079
1655,3342,4.278080
2547,4184,4.278084
2722,4359,4.278097
2687,4324,4.278099
880,4242,4.278109
1359,4721,4.278113
283,1920,4.278115
206,3568,4.278119
2752,4439,4.278124
2019,3656,4.278127
471,2108,4.278128
2384,4021,4.278134
2662,4349,4.278138
2831,4468,4.278139
1575,3212,4.278139
977,4339,4.278139
1523,3160,4.278142
2313,3950,4.278153
2192,3829,4.278154
2302,3989,4.278161
1134,4496,4.278163
2185,3822,4.278178
1128,4490,4.278180
1093,2730,4.278181
967,4329,4.278189
3144,4781,4.278191
3236,4873,4.278194
68,3430,4.278202
1031,4393,4.278202
1558,3245,4.278207
85,1722,4.278209
664,4026,4.278212
2007,3694,4.278213
1741,3378,4.278223
186,1823,4.278228
712,2399,4.278230
344,1981,4.278232
922,4284,4.278240
1370,3007,4.278246
3147,4784,4.278258
580,2217,4.278258
894,4206,4.278263
1366,4728,4.278265
527,3889,4.278281
1255,4617,4.278283
1380,4742,4.278287
2818,4455,4.278287
2821,4458,4.278296
1424,3061,4.278297
489,3801,4.278305
2284,3921,4.278311
2043,3680,4.278314
3128,4765,4.278323
1022,2659,4.278323
2367,4004,4.278325
2338,3975,4.278330
1869,3506,4.278333
32,3394,4.278347
1129,2766,4.278351
2499,4136,4.278368
1834,3471,4.278369
3072,4709,4.278370
1962,3649,4.278374
337,1974,4.278375
1274,4636,4.278378
1406,4768,4.278381
446,3758,4.278382
1978,3615,4.278382
1126,2763,4.278388
902,4264,4.278393
1165,4527,4.278393
648,2285,4.278401
88,3400,4.278405
2345,3982,4.278410
1316,2953,4.278414
970,4332,4.278418
593,2230,4.278422
833,4195,4.278427
41,3353,4.278427
3256,4943,4.278428
3135,4772,4.278439
1139,4451,4.278446
1226,2863,4.278452
247,1884,4.278458
1059,4421,4.278465
1634,3271,4.278467
709,4071,4.278469
741,2378,4.278470
3049,4686,4.278475
2072,3709,4.278476
2932,4569,4.278477
2501,4188,4.278486
2293,3930,4.278493
331,3693,4.278501
2475,4112,4.278502
2565,4202,4.278504
934,4296,4.278507
638,3950,4.278509
34,3396,4.278526
463,3825,4.278532
2122,3759,4.278540
1614,4976,4.278543
740,4052,4.278544
2925,4562,4.278555
981,4343,4.278560
1684,3321,4.278567
838,2475,4.278567
499,2136,4.278571
445,2082,4.278584
3295,4932,4.278587
3015,4652,4.278605
3149,4786,4.278611
700,4062,4.278613
718,4080,4.278613
15,1652,4.278616
2700,4387,4.278626
228,1865,4.278631
110,3472,4.278638
542,2179,4.278640
2625,4262,4.278641
481,2118,4.278650
303,3665,4.278660
553,3915,4.278661
493,3805,4.278665
222,3584,4.278668
1532,3169,4.278671
3289,4926,4.278675
823,2460,4.278678
1193,4505,4.278679
2882,4519,4.278684
1496,3133,4.278695
1029,2666,4.278700
427,2064,4.278709
196,3508,4.278709
2049,3686,4.278710
2529,4166,4.278719
367,3729,4.278719
2511,4198,4.278722
1539,3176,4.278730
716,4078,4.278733
1076,2713,4.278733
3310,4997,4.278734
646,3958,4.278736
56,3418,4.278740
2154,3841,4.278741
124,3486,4.278742
1107,4469,4.278743
1757,3444,4.278755
958,2645,4.278763
360,2047,4.278764
1506,3193,4.278771
132,3494,4.278772
27,3389,4.278783
503,2190,4.278784
799,4111,4.278787
2493,4130,4.278793
618,2255,4.278794
722,2359,4.278797
1300,2987,4.278799
1431,3068,4.278800
1061,4423,4.278805
45,3357,4.278820
215,3577,4.278820
1546,3183,4.278831
1939,3576,4.278836
1272,4634,4.278838
1028,2665,4.278841
653,4015,4.278849
2266,3903,4.278857
1589,4901,4.278871
556,3918,4.278874
164,3526,4.278876
293,3605,4.278877
1442,3079,4.278877
191,3503,4.278880
1809,3496,4.278881
814,2451,4.278887
1441,3078,4.278898
1313,2950,4.278898
2518,4155,4.278900
1901,3588,4.278912
926,2563,4.278912
1280,2917,4.278922
1011,4373,4.278925
740,2377,4.278941
1578,4940,4.278941
1064,2701,4.278945
208,1895,4.278946
2641,4278,4.278952
268,3630,4.278953
1554,3241,4.278962
1053,4415,4.278977
1287,4649,4.278981
2457,4144,4.278983
996,2633,4.278989
412,3774,4.278996
665,2302,4.278997
1500,3187,4.279006
1581,4943,4.279009
895,2532,4.279009
365,2002,4.279011
2858,4545,4.279015
185,3547,4.279019
975,4337,4.279020
74,3436,4.279020
1508,4870,4.279022
24,3386,4.279027
2439,4076,4.279032
876,4238,4.279034
22,1659,4.279037
1171,2808,4.279038
413,2050,4.279043
2894,4531,4.279060
1019,2656,4.279062
449,3761,4.279065
1075,4437,4.279066
1389,4701,4.279070
887,4249,4.279071
431,2068,4.279072
1035,4397,4.279080
2036,3673,4.279084
1374,3011,4.279092
2946,4583,4.279094
2056,3743,4.279104
798,2435,4.279105
79,1716,4.279108
357,2044,4.279112
2151,3838,4.279118
1591,3228,4.279119
373,2010,4.279122
1388,3025,4.279122
150,1837,4.279129
139,1776,4.279141
3,1690,4.279143
561,2248,4.279146
2169,3806,4.279150
1838,3475,4.279151
3083,4720,4.279152
565,3927,4.279160
2446,4083,4.279165
1878,3515,4.279165
3314,4951,4.279170
563,2200,4.279189
672,2309,4.279196
1682,3319,4.279197
200,3562,4.279202
475,3837,4.279210
1338,2975,4.279219
691,2328,4.279220
1586,3223,4.279221
2371,4008,4.279233
1698,3335,4.279246
589,2226,4.279248
2069,3706,4.279251
1211,2898,4.279252
255,1942,4.279252
2986,4623,4.279259
1296,4608,4.279263
1341,2978,4.279274
2403,4090,4.279277
3281,4918,4.279288
2781,4418,4.279296
747,4059,4.279297
1247,4559,4.279301
2984,4621,4.279301
2281,3918,4.279306
859,4221,4.279309
341,1978,4.279312
92,3404,4.279321
891,2528,4.279326
1035,2672,4.279337
1436,4798,4.279344
965,2602,4.279351
1646,4958,4.279352
1418,4780,4.279360
381,2018,4.279367
2410,4097,4.279371
133,1770,4.279372
1049,4361,4.279385
1175,4537,4.279387
1352,3039,4.279393
730,4092,4.279402
2786,4423,4.279417
1051,4413,4.279431
2105,3792,4.279436
1532,4894,4.279440
941,4253,4.279441
2583,4220,4.279443
362,3724,4.279444
2041,3678,4.279446
3116,4753,4.279451
671,4033,4.279455
1989,3626,4.279457
46,1683,4.279458
1248,2885,4.279459
2114,3751,4.279461
3303,4990,4.279477
1072,2709,4.279490
182,1819,4.279501
724,2361,4.279511
3278,4915,4.279511
2992,4629,4.279513
287,1924,4.279514
1125,4487,4.279519
1982,3619,4.279524
1151,2838,4.279528
1620,4982,4.279533
887,2524,4.279535
1179,2816,4.279538
999,4311,4.279538
1121,4483,4.279541
55,1742,4.279543
2346,3983,4.279543
705,2392,4.279549
1162,2849,4.279561
1453,3140,4.279563
344,3656,4.279566
1972,3609,4.279568
1054,4416,4.279574
2317,3954,4.279576
945,4257,4.279585
643,3955,4.279587
1308,2995,4.279591
1098,2735,4.279594
2385,4022,4.279595
1305,4667,4.279596
165,1802,4.279606
2173,3810,4.279606
6,1693,4.279612
395,2032,4.279619
1546,4858,4.279619
1257,4619,4.279619
129,1766,4.279625
24,1661,4.279636
2560,4247,4.279643
2922,4559,4.279649
557,2244,4.279660
1667,3304,4.279662
367,2004,4.279664
1908,3595,4.279674
1324,2961,4.279675
1236,4598,4.279680
1017,4379,4.279685
1766,3403,4.279712
498,2135,4.279714
317,1954,4.279721
1158,4520,4.279722
281,1918,4.279734
359,2046,4.279735
105,1792,4.279745
611,2298,4.279751
108,3470,4.279758
1230,2867,4.279761
1568,3205,4.279762
1799,3436,4.279772
1428,3065,4.279775
1356,3043,4.279776
1113,2750,4.279781
2482,4119,4.279783
739,2376,4.279789
1915,3552,4.279792
268,1905,4.279792
20,3382,4.279795
1067,4429,4.279797
716,2353,4.279809
76,1713,4.279810
2610,4297,4.279813
1971,3608,4.279813
695,2332,4.279817
3098,4735,4.279821
1312,4674,4.279823
503,3865,4.279828
2374,4011,4.279836
3012,4699,4.279837
1416,4778,4.279839
2223,3860,4.279842
988,4300,4.279847
1449,4761,4.279862
1586,4948,4.279866
370,2007,4.279867
2015,3652,4.279873
3224,4861,4.279876
902,2589,4.279877
806,2493,4.279898
849,4161,4.279900
3057,4744,4.279901
329,3691,4.279902
2534,4171,4.279903
552,2239,4.279906
1230,4592,4.279916
553,2240,4.279921
1392,4704,4.279928
1514,3151,4.279938
866,2503,4.279944
1323,2960,4.279944
1549,4861,4.279956
149,3461,4.279962
241,3553,4.279965
510,2197,4.279976
2443,4080,4.279978
773,4135,4.279979
1125,2762,4.279988
2267,3904,4.279990
121,1758,4.280003
1979,3616,4.280008
2851,4538,4.280008
1284,2921,4.280014
57,3419,4.280027
1608,3295,4.280032
1659,3346,4.280034
2461,4148,4.280036
1140,4452,4.280037
827,4189,4.280044
1683,3320,4.280044
1385,4747,4.280046
884,2521,4.280047
197,3509,4.280047
3218,4855,4.280059
2331,3968,4.280060
1211,4573,4.280062
314,3676,4.280062
742,2379,4.280077
193,1830,4.280080
1830,3467,4.280089
2527,4164,4.280091
3329,4966,4.280100
1355,4717,4.280114
1184,4546,4.280117
1492,4804,4.280119
1504,3191,4.280126
2144,3781,4.280140
2619,4256,4.280140
1410,4772,4.280141
2554,4241,4.280144
2979,4616,4.280145
643,2280,4.280146
935,2572,4.280153
1843,3480,4.280154
2191,3828,4.280156
2713,4350,4.280177
456,3818,4.280185
287,3649,4.280195
677,4039,4.280195
2742,4379,4.280195
219,1856,4.280199
2251,3938,4.280204
536,2173,4.280206
1082,2719,4.280208
3112,4799,4.280208
2335,3972,4.280212
1953,3640,4.280219
2275,3912,4.280221
2386,4023,4.280234
1283,4645,4.280234
2066,3703,4.280242
254,3616,4.280246
1000,4362,4.280262
490,2127,4.280269
36,1673,4.280272
1208,2895,4.280272
1143,2780,4.280277
823,4185,4.280278
2140,3777,4.280287
1615,3252,4.280297
3210,4897,4.280311
6,3368,4.280316
1048,2685,4.280348
482,3844,4.280352
688,4000,4.280357
962,4324,4.280361
573,3935,4.280372
2476,4113,4.280375
567,3929,4.280381
1332,2969,4.280387
1460,3147,4.280391
1886,3523,4.280391
1108,2795,4.280400
1204,4566,4.280406
1433,4795,4.280416
589,3901,4.280420
1433,3070,4.280421
1895,3532,4.280426
1584,3221,4.280430
182,3544,4.280433
305,1992,4.280435
398,2035,4.280441
1640,3277,4.280445
1617,3254,4.280451
862,4224,4.280456
111,3473,4.280464
1796,3433,4.280466
943,2580,4.280466
201,1888,4.280478
803,2490,4.280491
1224,2861,4.280492
2068,3705,4.280495
1123,2760,4.280496
989,2626,4.280497
1089,4401,4.280505
170,1807,4.280506
232,3594,4.280506
1353,3040,4.280511
2875,4512,4.280518
2733,4370,4.280519
3260,4947,4.280525
1656,3343,4.280529
2915,4552,4.280534
713,2350,4.280534
1585,4947,4.280538
1496,4808,4.280543
92,1729,4.280553
910,4272,4.280555
389,2026,4.280556
2376,4013,4.280573
1500,4862,4.280575
1566,3203,4.280579
1192,4504,4.280581
1545,3182,4.280588
1260,2947,4.280589
623,2260,4.280592
3009,4696,4.280596
1467,3104,4.280596
446,2083,4.280603
2360,4047,4.280605
1046,2683,4.280607
409,2096,4.280611
1310,2997,4.280614
770,4132,4.280620
1638,3275,4.280623
2566,4203,4.280633
972,2609,4.280637
841,4153,4.280639
1039,2676,4.280644
1386,3023,4.280645
2773,4410,4.280668
1296,2933,4.280674
892,2529,4.280676
3090,4727,4.280687
1425,4787,4.280706
802,2489,4.280714
1156,2843,4.280715
679,4041,4.280716
3328,4965,4.280725
3319,4956,4.280726
464,2101,4.280729
1083,4445,4.280729
178,3540,4.280744
3246,4883,4.280747
115,3477,4.280752
1251,4613,4.280755
443,2080,4.280760
2958,4645,4.280771
641,2278,4.280776
3087,4724,4.280781
323,1960,4.280789
485,2122,4.280798
236,1873,4.280802
1770,3407,4.280814
2602,4289,4.280815
1631,4993,4.280830
3244,4881,4.280849
261,3623,4.280853
967,2604,4.280861
1932,3569,4.280861
1685,3322,4.280861
698,2335,4.280876
900,4262,4.280878
1829,3466,4.280884
303,1990,4.280885
999,2636,4.280885
3096,4733,4.280900
1036,2673,4.280905
140,3452,4.280907
1302,2989,4.280911
850,2537,4.280929
805,4167,4.280931
1739,3376,4.280932
3192,4829,4.280937
2829,4466,4.280938
2349,3986,4.280939
2709,4396,4.280941
442,3754,4.280947
1443,3080,4.280957
19,3381,4.280960
1064,4426,4.280962
147,1784,4.280974
963,4325,4.280982
625,2262,4.280986
1790,3427,4.280988
2838,4475,4.280998
369,3731,4.281017
3011,4698,4.281021
2452,4139,4.281026
467,3829,4.281030
206,1893,4.281030
294,1931,4.281037
1450,3137,4.281042
2656,4343,4.281044
2149,3786,4.281045
2592,4229,4.281046
63,3425,4.281052
213,1850,4.281052
1479,3116,4.281065
2739,4376,4.281067
731,2368,4.281071
306,1993,4.281079
490,3802,4.281079
1649,3286,4.281080
2509,4196,4.281088
886,2523,4.281097
2239,3876,4.281123
2914,4551,4.281125
1335,4697,4.281128
3215,4852,4.281130
3166,4803,4.281134
1547,4859,4.281145
2362,4049,4.281147
2649,4286,4.281158
1637,4999,4.281162
2682,4319,4.281167
3317,4954,4.281167
323,3685,4.281167
1407,4769,4.281174
1199,2836,4.281182
473,3835,4.281182
2329,3966,4.281183
2227,3864,4.281187
3305,4992,4.281188
1991,3628,4.281202
2551,4238,4.281217
979,2616,4.281220
1518,3155,4.281224
2497,4134,4.281224
1317,4679,4.281246
1297,4609,4.281254
2748,4385,4.281259
1629,4991,4.281259
549,3861,4.281266
3125,4762,4.281266
571,2208,4.281271
354,3716,4.281274
706,4068,4.281274
864,4226,4.281280
1516,4878,4.281285
2167,3804,4.281292
674,2311,4.281304
380,2017,4.281305
1533,3170,4.281306
805,2492,4.281306
2488,4125,4.281310
1560,4922,4.281313
1090,2727,4.281315
2680,4317,4.281317
1469,4831,4.281319
937,2574,4.281321
1092,4404,4.281325
2142,3779,4.281333
3134,4771,4.281342
913,4275,4.281349
2772,4409,4.281356
180,1817,4.281360
560,3922,4.281362
1509,3196,4.281363
2626,4263,4.281369
1827,3464,4.281381
595,2232,4.281383
815,4177,4.281385
796,2433,4.281389
83,3445,4.281395
3274,4911,4.281395
1392,3029,4.281412
517,2154,4.281425
2530,4167,4.281435
1674,3311,4.281447
3242,4879,4.281451
2272,3909,4.281451
668,4030,4.281452
526,3888,4.281453
1136,2773,4.281454
847,2484,4.281470
827,2464,4.281477
2253,3940,4.281483
3085,4722,4.281485
392,3704,4.281486
2581,4218,4.281487
3189,4826,4.281491
1337,4699,4.281492
661,2348,4.281494
1676,3313,4.281494
249,3561,4.281501
846,4158,4.281526
825,4187,4.281527
2203,3890,4.281529
1137,4499,4.281530
29,1666,4.281549
1611,3298,4.281556
640,3952,4.281557
2161,3848,4.281565
642,3954,4.281567
2558,4245,4.281567
410,2097,4.281579
2425,4062,4.281588
2438,4075,4.281588
3014,4651,4.281588
419,3781,4.281593
546,3858,4.281597
216,1853,4.281598
1197,2834,4.281620
2673,4310,4.281620
743,4055,4.281625
2025,3662,4.281628
340,3652,4.281630
666,4028,4.281636
2103,3790,4.281647
265,1902,4.281656
1010,2697,4.281657
2033,3670,4.281663
1058,4420,4.281667
1510,4872,4.281679
2051,3738,4.281689
1358,4720,4.281692
2628,4265,4.281698
2086,3723,4.281705
173,3535,4.281710
3104,4791,4.281730
1389,3026,4.281743
1594,4906,4.281743
1538,3175,4.281743
574,2211,4.281753
1047,4359,4.281757
1289,4601,4.281773
2859,4546,4.281778
1609,4971,4.281787
752,2439,4.281792
1737,3374,4.281797
1623,3260,4.281797
557,3919,4.281804
1427,3064,4.281811
656,2343,4.281814
1419,3056,4.281820
1880,3517,4.281828
168,1805,4.281832
2617,4254,4.281833
1407,3094,4.281840
1194,2831,4.281847
2761,4448,4.281851
374,3736,4.281853
2280,3917,4.281864
146,3458,4.281877
697,2334,4.281882
1298,2935,4.281890
1417,3054,4.281891
645,3957,4.281891
1347,4659,4.281906
1641,3278,4.281909
3133,4770,4.281910
96,1733,4.281917
775,2412,4.281921
2811,4498,4.281923
53,1740,4.281928
915,2552,4.281937
891,4203,4.281937
936,4298,4.281939
1795,3432,4.281946
624,3986,4.281950
1541,4853,4.281964
415,3777,4.281973
1268,4630,4.281975
2249,3886,4.281983
2182,3819,4.281984
1477,4839,4.281988
1580,4942,4.281997
484,2121,4.281998
12,1699,4.282006
2601,4288,4.282010
1835,3472,4.282013
2976,4613,4.282016
693,2330,4.282029
786,4148,4.282030
3092,4729,4.282040
1337,2974,4.282041
2793,4430,4.282055
907,4269,4.282057
2071,3708,4.282063
1103,4465,4.282064
69,3431,4.282070
1858,3545,4.282087
263,3625,4.282094
524,2161,4.282101
2190,3827,4.282102
3283,4920,4.282103
410,3772,4.282104
2934,4571,4.282106
1622,4984,4.282120
3110,4797,4.282135
233,3595,4.282150
1611,4973,4.282153
1521,4883,4.282165
1218,2855,4.282171
121,3483,4.282183
3043,4680,4.282183
664,2301,4.282199
1368,4730,4.282202
1362,4724,4.282212
507,2194,4.282219
1818,3455,4.282221
248,3560,4.282230
3182,4819,4.282230
2801,4488,4.282236
131,1768,4.282238
2147,3784,4.282238
1922,3559,4.282246
1495,3132,4.282246
822,2459,4.282255
1800,3487,4.282261
49,1686,4.282262
909,4271,4.282266
450,2137,4.282271
852,2539,4.282273
1910,3597,4.282288
534,3896,4.282288
308,3670,4.282293
794,2431,4.282294
320,3682,4.282295
1179,4541,4.282301
2597,4234,4.282317
1517,3154,4.282327
2945,4582,4.282327
1266,2903,4.282329
930,4292,4.282335
93,1730,4.282340
2823,4460,4.282353
3272,4909,4.282373
2788,4425,4.282375
432,3794,4.282385
1237,2874,4.282390
1319,4681,4.282394
566,2203,4.282406
162,3524,4.282410
230,3592,4.282419
1042,4354,4.282423
1387,4749,4.282423
2246,3883,4.282424
2370,4007,4.282427
554,3916,4.282429
1942,3579,4.282432
1160,2847,4.282436
78,3440,4.282439
464,3826,4.282450
189,3501,4.282459
1713,3350,4.282465
111,1798,4.282467
1026,4388,4.282468
598,3910,4.282471
1636,3273,4.282471
857,2544,4.282471
2618,4255,4.282471
1299,2936,4.282475
2886,4523,4.282477
694,4006,4.282481
686,4048,4.282486
1587,3224,4.282487
2422,4059,4.282491
1329,2966,4.282492
3223,4860,4.282496
2295,3932,4.282504
353,3715,4.282513
1916,3553,4.282514
783,2420,4.282516
723,4085,4.282531
790,4102,4.282531
3292,4929,4.282533
1375,4737,4.282533
714,4076,4.282533
1006,4368,4.282536
1567,4929,4.282539
3196,4833,4.282540
1490,4802,4.282541
2918,4555,4.282545
2857,4544,4.282562
603,2290,4.282563
2004,3691,4.282570
209,3571,4.282586
269,1906,4.282593
601,3963,4.282595
875,2512,4.282596
1191,4503,4.282638
102,1789,4.282640
364,2001,4.282646
735,4097,4.282663
1596,4908,4.282668
681,2318,4.282680
3159,4846,4.282680
1551,4913,4.282686
1266,4628,4.282687
1061,2748,4.282699
1341,4653,4.282719
398,3710,4.282726
1503,4865,4.282736
1845,3482,4.282746
1104,4466,4.282748
3156,4843,4.282750
1489,4801,4.282758
99,3411,4.282765
545,3857,4.282775
948,4260,4.282790
797,4109,4.282797
1488,4800,4.282809
590,2227,4.282821
2892,4529,4.282825
1624,3261,4.282827
304,3666,4.282828
3170,4807,4.282829
2216,3853,4.282829
874,4236,4.282833
2481,4118,4.282853
668,2305,4.282855
1012,4374,4.282869
578,3940,4.282877
917,2554,4.282885
575,2212,4.282886
404,3766,4.282895
608,3970,4.282905
1755,3442,4.282910
207,3569,4.282915
346,3658,4.282915
1798,3435,4.282923
502,2189,4.282935
1074,4436,4.282940
2770,4407,4.282942
992,2629,4.282950
194,3506,4.282955
488,3800,4.282958
348,1985,4.282967
1588,4900,4.282969
2567,4204,4.282972
1868,3505,4.282973
2340,3977,4.282975
1273,2910,4.282976
1569,4931,4.282978
1074,2711,4.282980
1265,4627,4.282981
252,1939,4.282986
1178,4540,4.282989
617,3979,4.282989
2967,4604,4.282990
325,3687,4.282994
3332,4969,4.283013
715,4077,4.283017
741,4053,4.283021
2584,4221,4.283026
394,2031,4.283028
2834,4471,4.283046
2350,4037,4.283054
497,2134,4.283057
515,3877,4.283060
1116,4478,4.283071
1914,3551,4.283072
2098,3735,4.283089
3234,4871,4.283094
1201,4563,4.283097
1247,2884,4.283111
449,2086,4.283113
1256,2943,4.283116
198,3510,4.283117
330,1967,4.283123
1583,4945,4.283123
855,4217,4.283128
3027,4664,4.283129
1604,3291,4.283134
2901,4588,4.283139
2299,3936,4.283143
425,3787,4.283145
204,1891,4.283149
816,2453,4.283152
2079,3716,4.283193
476,2113,4.283205
2213,3850,4.283216
787,4149,4.283217
1159,2846,4.283226
2738,4375,4.283226
2050,3737,4.283240
1105,2792,4.283242
1596,3233,4.283245
1350,4712,4.283249
1718,3355,4.283260
1141,4453,4.283261
394,3706,4.283262
733,2370,4.283265
1024,4386,4.283269
959,4321,4.283269
217,1854,4.283269
1765,3402,4.283281
532,3894,4.283284
973,2610,4.283286
54,3416,4.283291
1132,4494,4.283296
3340,4977,4.283308
1128,2765,4.283315
990,2627,4.283325
831,4193,4.283330
474,2111,4.283335
2997,4634,4.283340
2865,4502,4.283350
1482,3119,4.283353
2084,3721,4.283358
626,3988,4.283365
2397,4034,4.283383
1105,4467,4.283391
2968,4605,4.283398
242,1879,4.283401
447,2084,4.283405
67,1704,4.283409
1220,4582,4.283412
3029,4666,4.283412
81,3443,4.283414
1111,2798,4.283415
2903,4590,4.283418
1253,2940,4.283420
1730,3367,4.283424
1239,2876,4.283428
1397,4709,4.283455
2332,3969,4.283455
996,4308,4.283456
319,3681,4.283461
955,2642,4.283461
137,1774,4.283468
3044,4681,4.283473
1245,2882,4.283480
1379,3016,4.283484
3020,4657,4.283485
1440,3077,4.283487
1675,3312,4.283493
1607,3294,4.283495
2024,3661,4.283520
1152,4514,4.283526
2540,4177,4.283531
680,2317,4.283539
1390,3027,4.283547
275,1912,4.283549
2450,4137,4.283557
1745,3382,4.283576
3142,4779,4.283581
637,3999,4.283585
1141,2778,4.283592
644,2281,4.283620
777,4139,4.283622
647,2284,4.283623
2767,4404,4.283646
1860,3547,4.283648
444,3756,4.283652
1246,4558,4.283653
1933,3570,4.283656
2333,3970,4.283688
1307,2994,4.283689
2137,3774,4.283690
2460,4147,4.283695
673,4035,4.283699
1507,3194,4.283700
1262,4624,4.283701
318,1955,4.283706
1206,4568,4.283711
825,2462,4.283714
1768,3405,4.283718
436,2073,4.283727
118,1755,4.283729
3326,4963,4.283730
2515,4152,4.283738
2621,4258,4.283741
2579,4216,4.283746
2241,3878,4.283747
2017,3654,4.283754
160,3522,4.283754
1391,4703,4.283756
3045,4682,4.283757
3155,4842,4.283768
1021,4383,4.283770
277,3639,4.283780
202,3564,4.283785
197,1834,4.283810
3276,4913,4.283828
198,1835,4.283830
3055,4742,4.283833
564,2201,4.283841
3313,4950,4.283843
1726,3363,4.283871
2778,4415,4.283877
3010,4697,4.283885
1218,4580,4.283887
1353,4715,4.283888
1397,3034,4.283897
1658,3345,4.283898
812,2499,4.283901
2180,3817,4.283905
3041,4678,4.283906
2853,4540,4.283916
641,3953,4.283917
2383,4020,4.283929
603,3965,4.283931
804,4166,4.283935
750,2437,4.283938
1952,3639,4.283940
568,2205,4.283946
873,2510,4.283947
2596,4233,4.283951
47,1684,4.283951
2539,4176,4.283953
1494,4806,4.283955
1975,3612,4.283957
1030,4392,4.283961
857,4219,4.283967
20,1657,4.283970
1958,3645,4.283973
1189,2826,4.283974
1258,4620,4.283982
376,3738,4.283986
763,4125,4.283995
2468,4105,4.283995
2985,4622,4.283996
795,2432,4.284016
161,3523,4.284017
928,2565,4.284031
653,2340,4.284033
1419,4781,4.284036
1176,4538,4.284038
1603,3290,4.284040
1081,2718,4.284063
1458,4820,4.284063
526,2163,4.284067
892,4204,4.284073
30,1667,4.284095
925,2562,4.284099
1578,3215,4.284103
163,1800,4.284105
1154,2841,4.284109
315,3677,4.284121
2844,4481,4.284131
3349,4986,4.284136
87,3449,4.284144
911,4273,4.284145
1263,4625,4.284146
2052,3739,4.284155
1260,4622,4.284157
1194,4506,4.284176
1511,3198,4.284196
3200,4887,4.284197
12,3374,4.284209
853,4215,4.284213
215,1852,4.284215
165,3527,4.284227
921,4283,4.284228
312,1999,4.284233
1106,2793,4.284242
332,1969,4.284243
2885,4522,4.284251
386,2023,4.284254
2734,4371,4.284259
1431,4793,4.284259
1114,2751,4.284262
809,2496,4.284264
2322,3959,4.284269
2727,4364,4.284272
246,1883,4.284274
236,3598,4.284286
2209,3896,4.284304
1173,4535,4.284311
3261,4948,4.284321
955,4317,4.284333
313,1950,4.284338
2973,4610,4.284342
1346,4658,4.284353
1503,3190,4.284356
2883,4520,4.284361
41,1678,4.284365
171,1808,4.284366
162,1849,4.284367
3343,4980,4.284371
2099,3736,4.284377
547,3859,4.284386
1791,3428,4.284395
1291,2928,4.284396
253,3615,4.284402
1475,4837,4.284405
2077,3714,4.284413
3063,4700,4.284424
411,2098,4.284429
2521,4158,4.284432
2042,3679,4.284436
2803,4490,4.284441
2242,3879,4.284450
2454,4141,4.284451
1404,3091,4.284456
770,2407,4.284457
258,3620,4.284457
1095,2732,4.284469
310,1997,4.284478
3,3365,4.284482
1943,3580,4.284483
1054,2741,4.284484
971,2608,4.284490
1935,3572,4.284497
3042,4679,4.284511
3238,4875,4.284512
458,2145,4.284517
848,2485,4.284530
496,3808,4.284530
725,2362,4.284545
873,4235,4.284554
1109,2796,4.284558
2960,4647,4.284559
732,2369,4.284565
1506,4868,4.284571
2496,4133,4.284573
2318,3955,4.284574
1261,2948,4.284581
1080,2717,4.284607
1270,2907,4.284615
138,1775,4.284617
1212,2899,4.284626
1646,3283,4.284628
476,3838,4.284639
623,3985,4.284644
2723,4360,4.284645
441,3753,4.284649
566,3928,4.284663
1542,4854,4.284664
1150,4512,4.284681
120,3482,4.284685
1957,3644,4.284689
2199,3836,4.284699
62,3424,4.284711
85,3447,4.284711
351,3713,4.284730
3339,4976,4.284743
572,2209,4.284751
1678,3315,4.284752
1519,4881,4.284758
1949,3586,4.284769
2711,4398,4.284771
2132,3769,4.284774
83,1720,4.284775
1566,4928,4.284775
235,3597,4.284783
2250,3937,4.284797
599,3911,4.284797
1759,3446,4.284800
2741,4378,4.284805
2715,4352,4.284810
466,3828,4.284810
2744,4381,4.284810
550,2237,4.284812
894,2531,4.284821
1088,4400,4.284826
1375,3012,4.284832
1338,4650,4.284836
1014,2651,4.284840
131,3493,4.284850
404,2091,4.284868
336,1973,4.284872
1543,3180,4.284878
1195,4507,4.284884
635,2272,4.284894
161,1848,4.284904
872,2509,4.284905
1891,3528,4.284909
3293,4930,4.284917
1284,4646,4.284921
2067,3704,4.284928
2411,4098,4.284933
254,1941,4.284937
2188,3825,4.284937
751,4113,4.284938
1168,4530,4.284939
724,4086,4.284940
177,3539,4.284950
166,1803,4.284965
3036,4673,4.284972
1028,4390,4.284977
2876,4513,4.284994
1130,4492,4.285000
1743,3380,4.285001
1597,3234,4.285005
1997,3634,4.285007
438,2075,4.285011
1584,4946,4.285022
1269,4631,4.285024
1815,3452,4.285034
2563,4200,4.285035
501,3863,4.285053
3330,4967,4.285064
322,3684,4.285069
432,2069,4.285096
16,3378,4.285112
764,2401,4.285117
1107,2794,4.285119
422,2059,4.285127
2291,3928,4.285130
431,3793,4.285134
2758,4445,4.285161
1851,3538,4.285162
2696,4333,4.285172
21,1658,4.285179
2672,4309,4.285181
832,4194,4.285182
2389,4026,4.285190
2054,3741,4.285206
2396,4033,4.285208
2431,4068,4.285211
660,2347,4.285216
327,1964,4.285217
1384,4746,4.285218
2589,4226,4.285242
334,1971,4.285247
563,3925,4.285258
1374,4736,4.285263
434,3796,4.285265
2810,4497,4.285284
389,3701,4.285287
560,2247,4.285290
2057,3744,4.285291
889,2526,4.285294
3022,4659,4.285295
1468,3105,4.285296
1619,4981,4.285300
2112,3799,4.285300
1170,4532,4.285305
1143,4455,4.285314
2661,4348,4.285333
605,2292,4.285345
185,1822,4.285345
1306,2993,4.285355
1126,4488,4.285364
1738,3375,4.285370
1134,2771,4.285377
1960,3647,4.285377
860,4222,4.285378
407,3769,4.285384
2580,4217,4.285388
591,3903,4.285396
610,3972,4.285398
1332,4694,4.285411
670,2307,4.285416
2456,4143,4.285421
1590,3227,4.285438
2102,3789,4.285438
1004,2691,4.285441
1063,4425,4.285442
1427,4789,4.285452
1515,3152,4.285454
2763,4400,4.285455
2930,4567,4.285464
761,4123,4.285474
1824,3461,4.285481
1598,3235,4.285484
2473,4110,4.285487
2204,3891,4.285493
920,4282,4.285496
1032,2669,4.285503
1108,4470,4.285511
1277,2914,4.285524
1354,3041,4.285524
638,2275,4.285534
1401,3088,4.285558
1185,2822,4.285570
2995,4632,4.285573
2550,4237,4.285577
735,2372,4.285579
3123,4760,4.285581
261,1948,4.285583
1004,4366,4.285599
296,1933,4.285599
865,4227,4.285603
539,2176,4.285613
511,3873,4.285627
1948,3585,4.285637
183,3545,4.285638
1007,4369,4.285648
191,1828,4.285649
1581,3218,4.285655
787,2424,4.285657
812,4174,4.285660
940,4252,4.285674
1426,4788,4.285686
622,3984,4.285692
969,4331,4.285699
2813,4450,4.285718
2900,4587,4.285735
3275,4912,4.285739
1469,3106,4.285742
484,3846,4.285744
625,3987,4.285749
3201,4888,4.285759
2795,4432,4.285763
2212,3899,4.285769
2524,4161,4.285774
1015,2652,4.285785
1439,4751,4.285788
924,4286,4.285791
3279,4916,4.285795
2356,4043,4.285805
2220,3857,4.285805
42,3354,4.285813
3143,4780,4.285823
2940,4577,4.285827
91,3403,4.285856
1279,2916,4.285856
3006,4693,4.285861
2458,4145,4.285863
170,3532,4.285875
102,3464,4.285879
1206,2893,4.285888
1148,4460,4.285890
2688,4325,4.285891
105,3467,4.285892
2552,4239,4.285918
576,3938,4.285933
77,3439,4.285942
1752,3439,4.285947
275,3637,4.285955
656,4018,4.285957
1294,4606,4.285957
2982,4619,4.285964
3243,4880,4.285967
1099,2736,4.285983
1613,3250,4.285986
1729,3366,4.285992
1026,2663,4.285997
3184,4821,4.286006
3080,4717,4.286007
1098,4410,4.286007
512,2199,4.286015
1616,4978,4.286020
2387,4024,4.286027
1344,2981,4.286041
242,3554,4.286050
2669,4306,4.286051
721,4083,4.286051
944,4256,4.286058
448,3760,4.286066
2257,3944,4.286068
1823,3460,4.286076
1758,3445,4.286079
3265,4902,4.286082
815,2452,4.286084
1572,3209,4.286086
3163,4800,4.286093
1525,3162,4.286114
1377,4739,4.286120
354,2041,4.286122
395,3707,4.286134
227,1864,4.286143
1255,2942,4.286143
1140,2777,4.286144
3075,4712,4.286150
2486,4123,4.286153
1364,4726,4.286165
1668,3305,4.286167
715,2352,4.286170
1816,3453,4.286174
110,1797,4.286179
71,1708,4.286189
1609,3296,4.286203
1185,4547,4.286216
2336,3973,4.286217
963,2600,4.286218
1707,3394,4.286222
369,2006,4.286224
1429,4791,4.286228
1347,2984,4.286234
908,2595,4.286235
1534,4896,4.286263
359,3721,4.286267
2800,4487,4.286267
89,3401,4.286276
659,2346,4.286288
1009,2696,4.286292
211,1898,4.286300
1409,4771,4.286337
2290,3927,4.286344
2258,3945,4.286346
2895,4532,4.286357
2287,3924,4.286360
794,4106,4.286386
1104,2791,4.286401
69,1706,4.286415
1579,3216,4.286430
1509,4871,4.286434
2677,4314,4.286434
3197,4834,4.286443
1871,3508,4.286447
3233,4870,4.286453
737,2374,4.286463
856,4218,4.286465
956,4318,4.286469
482,2119,4.286476
666,2303,4.286493
781,2418,4.286500
1349,4661,4.286501
27,1664,4.286506
2058,3745,4.286512
1113,4475,4.286525
461,2148,4.286528
1120,4482,4.286541
2002,3689,4.286553
814,4176,4.286560
1485,4847,4.286563
1158,2845,4.286573
676,4038,4.286577
604,2291,4.286607
317,3679,4.286615
1987,3624,4.286615
569,2206,4.286621
2702,4389,4.286621
1393,3030,4.286644
2766,4403,4.286649
2394,4031,4.286650
120,1757,4.286665
456,2143,4.286666
201,3563,4.286672
2347,3984,4.286676
50,1737,4.286684
2039,3676,4.286687
1032,4394,4.286694
1784,3421,4.286695
225,3587,4.286702
159,1846,4.286702
1780,3417,4.286705
2234,3871,4.286708
3152,4839,4.286713
1275,2912,4.286719
1080,4442,4.286735
1344,4656,4.286744
2150,3837,4.286744
2023,3660,4.286747
2605,4292,4.286752
1063,2700,4.286768
61,3423,4.286782
1360,4722,4.286789
1329,4691,4.286805
28,1665,4.286815
2681,4318,4.286819
18,1655,4.286822
479,2116,4.286831
984,2621,4.286831
786,2423,4.286833
2222,3859,4.286841
483,3845,4.286858
1637,3274,4.286860
342,3654,4.286869
2006,3693,4.286869
602,2289,4.286874
414,2051,4.286877
2757,4444,4.286883
2030,3667,4.286885
1169,2806,4.286889
1403,3090,4.286889
2878,4515,4.286900
525,2162,4.286902
1940,3577,4.286909
2541,4178,4.286916
2916,4553,4.286926
880,2517,4.286927
819,4181,4.286934
1315,2952,4.286945
155,3517,4.286962
2999,4636,4.286968
2047,3684,4.286980
1043,2680,4.286989
690,2327,4.286989
2120,3757,4.286990
547,2184,4.286995
3185,4822,4.287001
179,1816,4.287003
683,2320,4.287007
2038,3675,4.287012
956,2643,4.287013
3140,4777,4.287013
1396,4708,4.287016
1464,4826,4.287021
1969,3606,4.287026
1312,2999,4.287030
1444,3081,4.287034
451,2138,4.287034
2500,4187,4.287035
1124,2761,4.287047
64,3426,4.287047
950,2637,4.287048
580,3942,4.287065
400,2087,4.287075
2155,3842,4.287079
2498,4135,4.287084
417,3779,4.287091
791,2428,4.287101
1454,4816,4.287102
636,2273,4.287109
338,1975,4.287116
745,2382,4.287121
1867,3504,4.287124
61,1748,4.287132
351,2038,4.287132
2686,4323,4.287142
263,1900,4.287145
1649,4961,4.287153
3001,4688,4.287158
1523,4885,4.287160
840,2477,4.287161
1660,3347,4.287171
89,1726,4.287182
2435,4072,4.287185
419,2056,4.287195
890,2527,4.287198
824,4186,4.287201
3047,4684,4.287202
262,1949,4.287203
885,4247,4.287218
13,3375,4.287223
1490,3127,4.287229
2522,4159,4.287233
2920,4557,4.287234
238,1875,4.287242
1087,4449,4.287246
829,2466,4.287253
2093,3730,4.287262
2611,4298,4.287288
1986,3623,4.287299
187,3549,4.287304
230,1867,4.287313
1005,4367,4.287315
299,3611,4.287331
457,3819,4.287339
1488,3125,4.287340
1772,3409,4.287344
1181,2818,4.287348
1602,4964,4.287352
3131,4768,4.287355
1115,2752,4.287361
2650,4337,4.287377
1254,4616,4.287378
2604,4291,4.287382
388,3700,4.287398
2836,4473,4.287399
704,4066,4.287418
1751,3438,4.287425
1096,2733,4.287427
778,4140,4.287430
145,3457,4.287434
1837,3474,4.287445
84,1721,4.287448
3000,4687,4.287449
226,1863,4.287463
2701,4388,4.287471
1354,4716,4.287481
1348,2985,4.287492
1144,4456,4.287511
57,1744,4.287512
2764,4401,4.287514
542,3854,4.287526
1281,2918,4.287543
933,4295,4.287543
372,2009,4.287554
948,2585,4.287564
79,3441,4.287569
2035,3672,4.287572
998,4310,4.287580
1703,3390,4.287588
712,4074,4.287592
961,2648,4.287598
1381,3018,4.287602
341,3653,4.287605
2300,3987,4.287612
2929,4566,4.287615
326,3688,4.287636
1553,4915,4.287661
3231,4868,4.287668
393,2030,4.287697
1207,2894,4.287702
1480,4842,4.287706
1893,3530,4.287712
1802,3489,4.287726
403,3765,4.287752
718,2355,4.287752
1620,3257,4.287772
2745,4382,4.287783
491,2128,4.287785
3337,4974,4.287791
1513,3150,4.287793
164,1801,4.287823
964,2601,4.287825
1412,4774,4.287842
3180,4817,4.287853
2255,3942,4.287859
652,2339,4.287860
2556,4243,4.287875
1365,3002,4.287877
1446,3083,4.287881
1362,3049,4.287883
3290,4927,4.287885
717,2354,4.287888
521,3883,4.287901
1814,3451,4.287921
1626,3263,4.287926
3095,4732,4.287931
985,4347,4.287932
510,3872,4.287937
151,3513,4.287950
1204,2891,4.287956
1242,4554,4.287972
2224,3861,4.287974
3284,4921,4.287974
531,3893,4.287975
150,3512,4.288017
2480,4117,4.288030
900,2587,4.288032
1269,2906,4.288033
3302,4989,4.288044
2603,4290,4.288059
311,1998,4.288064
1832,3469,4.288066
1734,3371,4.288068
1820,3457,4.288071
2852,4539,4.288079
2574,4211,4.288084
363,2000,4.288087
3230,4867,4.288089
1783,3420,4.288090
227,3589,4.288118
2978,4615,4.288120
1254,2941,4.288132
292,3604,4.288138
879,4241,4.288154
2533,4170,4.288161
1017,2654,4.288167
1066,4428,4.288174
3309,4996,4.288177
103,1790,4.288184
1505,3192,4.288184
2247,3884,4.288199
2912,4599,4.288207
2826,4463,4.288220
486,3848,4.288224
1413,3050,4.288225
881,2518,4.288230
421,3783,4.288236
3190,4827,4.288263
2248,3885,4.288265
1453,4815,4.288266
2694,4331,4.288304
301,3663,4.288314
2668,4305,4.288319
1481,4843,4.288320
1241,4553,4.288321
771,4133,4.288325
1357,3044,4.288326
1348,4660,4.288336
1530,3167,4.288345
1644,4956,4.288357
262,3624,4.288364
1233,4595,4.288368
2514,4151,4.288375
970,2607,4.288377
77,1714,4.288384
2570,4207,4.288394
144,3456,4.288406
3167,4804,4.288409
694,2331,4.288435
2412,4099,4.288435
922,2559,4.288439
1020,2657,4.288441
1095,4407,4.288442
181,3543,4.288443
1565,4927,4.288444
2128,3765,4.288445
1020,4382,4.288459
957,4319,4.288473
3254,4941,4.288492
1963,3600,4.288495
990,4302,4.288497
130,1767,4.288498
659,4021,4.288512
1568,4930,4.288517
1688,3325,4.288530
2891,4528,4.288531
2483,4120,4.288536
2906,4593,4.288548
2288,3925,4.288550
72,1709,4.288576
281,3643,4.288583
2305,3992,4.288590
537,3899,4.288597
759,2446,4.288601
333,3695,4.288615
1870,3507,4.288621
26,3388,4.288621
2644,4281,4.288625
67,3429,4.288634
106,1793,4.288639
397,3709,4.288643
1857,3544,4.288663
765,4127,4.288665
426,2063,4.288671
1027,2664,4.288676
651,4013,4.288689
1092,2729,4.288694
264,1901,4.288698
239,1876,4.288705
3248,4885,4.288712
932,4294,4.288729
269,3631,4.288736
661,4023,4.288794
123,3485,4.288805
1034,4396,4.288806
905,4267,4.288811
2817,4454,4.288812
2063,3700,4.288825
1627,3264,4.288841
798,4110,4.288849
1449,3086,4.288870
1059,2746,4.288874
2569,4206,4.288876
896,4208,4.288919
629,2266,4.288923
2083,3720,4.288936
1173,2810,4.288937
1702,3389,4.288941
1314,2951,4.288943
356,3718,4.288952
847,4159,4.288958
1821,3458,4.288977
600,2287,4.288982
918,4280,4.288982
783,4145,4.288996
1865,3502,4.289001
1455,3142,4.289006
837,2474,4.289009
2433,4070,4.289020
3070,4707,4.289027
2124,3761,4.289044
2726,4363,4.289048
1170,2807,4.289049
250,3612,4.289053
200,1887,4.289069
1044,2681,4.289081
2097,3734,4.289084
582,2219,4.289121
871,4233,4.289149
1302,4664,4.289179
1902,3589,4.289189
1574,4936,4.289202
3165,4802,4.289207
2759,4446,4.289217
1053,2740,4.289226
1631,3268,4.289258
1400,4762,4.289263
1330,4692,4.289271
1906,3593,4.289275
2695,4332,4.289289
54,1741,4.289292
684,2321,4.289293
632,3994,4.289296
1602,3289,4.289302
3298,4935,4.289317
2101,3788,4.289336
1661,3348,4.289337
1537,3174,4.289341
1909,3596,4.289349
2814,4451,4.289366
2127,3764,4.289371
66,1703,4.289384
2197,3834,4.289394
628,3990,4.289403
10,1697,4.289414
1205,2892,4.289422
2542,4179,4.289446
1345,2982,4.289455
1425,3062,4.289464
1331,4693,4.289464
2432,4069,4.289467
1012,2699,4.289487
1492,3129,4.289489
1557,3244,4.289496
103,3465,4.289515
13,1650,4.289559
841,2478,4.289561
1724,3361,4.289566
1680,3317,4.289567
2808,4495,4.289577
829,4191,4.289589
1155,4517,4.289597
2311,3998,4.289603
469,3831,4.289608
1022,4384,4.289637
122,3484,4.289638
276,3638,4.289643
1662,3349,4.289700
172,1809,4.289705
3078,4715,4.289714
1512,3199,4.289715
1184,2821,4.289721
958,4320,4.289733
905,2592,4.289738
1047,2684,4.289739
1378,4740,4.289748
3216,4853,4.289748
1219,4581,4.289752
1336,2973,4.289757
2620,4257,4.289759
125,1762,4.289769
2736,4373,4.289780
460,2147,4.289789
1102,2789,4.289837
386,3748,4.289838
1224,4586,4.289841
1073,2710,4.289857
1100,2787,4.289861
14,3376,4.289871
859,2546,4.289874
1122,2759,4.289877
2966,4603,4.289884
760,2447,4.289887
2218,3855,4.289893
3177,4814,4.289900
1904,3591,4.289918
137,3499,4.289937
3148,4785,4.289951
2990,4627,4.289953
1633,3270,4.289959
1422,3059,4.289978
2911,4598,4.289991
1205,4567,4.290003
1285,4647,4.290009
2631,4268,4.290014
307,3669,4.290036
722,4084,4.290047
1087,2724,4.290058
1927,3564,4.290061
2822,4459,4.290067
1595,3232,4.290073
241,1878,4.290078
543,3855,4.290079
755,4117,4.290080
997,2634,4.290094
1599,3236,4.290097
1388,4700,4.290111
1540,3177,4.290113
766,4128,4.290127
459,3821,4.290157
1973,3610,4.290161
439,3751,4.290166
924,2561,4.290168
7,1694,4.290172
1177,2814,4.290180
355,2042,4.290182
1990,3627,4.290191
355,3717,4.290194
435,3797,4.290207
2359,4046,4.290208
1411,4773,4.290210
224,1861,4.290222
181,1818,4.290242
548,2185,4.290242
332,3694,4.290256
2981,4618,4.290265
1645,3282,4.290279
559,3921,4.290334
267,3629,4.290358
352,2039,4.290383
2324,3961,4.290437
935,4297,4.290442
1833,3470,4.290443
706,2393,4.290459
177,1814,4.290469
688,2325,4.290482
135,1772,4.290489
1977,3614,4.290497
871,2508,4.290512
878,2515,4.290523
2237,3874,4.290546
234,3596,4.290548
1000,2687,4.290550
2273,3910,4.290555
326,1963,4.290559
545,2182,4.290597
3191,4828,4.290599
1970,3607,4.290610
311,3673,4.290619
2933,4570,4.290645
2116,3753,4.290661
966,2603,4.290668
2804,4491,4.290669
1651,3338,4.290707
594,2231,4.290715
631,3993,4.290733
1368,3005,4.290749
1434,3071,4.290754
606,2293,4.290757
1382,4744,4.290767
1276,4638,4.290781
15,3377,4.290806
1571,3208,4.290807
3304,4991,4.290812
411,3773,4.290834
2780,4417,4.290837
808,2495,4.290837
562,2249,4.290871
2710,4397,4.290875
1701,3388,4.290936
1725,3362,4.290940
1907,3594,4.290955
2135,3772,4.290959
1642,4954,4.291011
5,3367,4.291040
1250,4612,4.291054
453,2140,4.291085
514,3876,4.291104
877,2514,4.291111
1861,3548,4.291135
530,2167,4.291150
470,2107,4.291152
677,2314,4.291164
2513,4150,4.291178
2361,4048,4.291189
298,3610,4.291208
811,4173,4.291223
570,2207,4.291260
2016,3653,4.291277
291,1928,4.291289
2392,4029,4.291290
2308,3995,4.291317
1096,4408,4.291334
1057,4419,4.291340
858,4220,4.291350
1330,2967,4.291379
1474,4836,4.291407
1078,2715,4.291412
538,3850,4.291414
1300,4662,4.291428
2775,4412,4.291438
1593,3230,4.291443
2341,3978,4.291478
149,1786,4.291486
1167,2804,4.291511
1182,2819,4.291525
1531,4893,4.291556
1457,4819,4.291565
2855,4542,4.291567
953,2640,4.291569
1418,3055,4.291572
212,3574,4.291572
1486,4848,4.291577
918,2555,4.291604
290,3602,4.291617
2840,4477,4.291627
3324,4961,4.291644
2646,4283,4.291645
1913,3550,4.291659
1235,4597,4.291672
1699,3336,4.291701
511,2198,4.291736
2913,4550,4.291742
1883,3520,4.291758
874,2511,4.291774
2366,4003,4.291780
597,2234,4.291781
74,1711,4.291787
114,3476,4.291788
3301,4988,4.291807
1571,4933,4.291809
1120,2757,4.291845
587,2224,4.291865
2720,4357,4.291881
445,3757,4.291890
1575,4937,4.291892
2434,4071,4.291917
425,2062,4.291931
475,2112,4.291963
608,2295,4.291966
1874,3511,4.291994
3071,4708,4.292023
549,2186,4.292023
763,2400,4.292031
23,1660,4.292035
1604,4966,4.292052
1340,4652,4.292055
1612,4974,4.292077
1124,4486,4.292090
556,2243,4.292101
1212,4574,4.292108
357,3719,4.292108
47,3359,4.292121
472,3834,4.292142
43,3355,4.292143
1572,4934,4.292152
1288,4600,4.292155
1369,3006,4.292174
2774,4411,4.292179
3026,4663,4.292184
387,2024,4.292218
614,2251,4.292232
1192,2829,4.292245
1323,4685,4.292247
2445,4082,4.292314
1010,4372,4.292319
914,2551,4.292322
3067,4704,4.292326
2021,3658,4.292357
927,2564,4.292359
1169,4531,4.292360
800,4162,4.292402
707,4069,4.292407
3059,4746,4.292486
1706,3393,4.292499
3094,4731,4.292504
1473,3110,4.292511
116,1753,4.292535
340,1977,4.292544
669,4031,4.292552
2448,4085,4.292679
3267,4904,4.292709
1234,2871,4.292716
2959,4646,4.292759
226,3588,4.292765
157,1844,4.292767
152,1839,4.292776
2776,4413,4.292798
371,2008,4.292823
2110,3797,4.292849
51,1738,4.292862
1535,4897,4.292869
1193,2830,4.292873
1243,4555,4.292874
544,3856,4.292909
387,3749,4.292915
2595,4232,4.292928
2113,3750,4.292943
708,2395,4.292950
3040,4677,4.292951
796,4108,4.292951
2699,4336,4.292970
2642,4279,4.292989
2368,4005,4.292998
1068,2705,4.293014
3088,4725,4.293030
2888,4525,4.293050
1491,3128,4.293067
390,3702,4.293072
2046,3683,4.293072
1081,4443,4.293073
637,2274,4.293077
2198,3835,4.293124
719,2356,4.293129
2177,3814,4.293131
959,2646,4.293136
2899,4536,4.293139
772,4134,4.293142
792,2429,4.293143
1119,4481,4.293148
2065,3702,4.293175
2645,4282,4.293176
1549,3186,4.293177
1099,4411,4.293198
1489,3126,4.293198
1955,3642,4.293210
760,4122,4.293216
729,4091,4.293240
328,1965,4.293284
2964,4601,4.293325
571,3933,4.293401
2279,3916,4.293422
2455,4142,4.293427
1677,3314,4.293438
280,3642,4.293445
717,4079,4.293450
2145,3782,4.293512
1291,4603,4.293538
866,4228,4.293545
1294,2931,4.293554
3120,4757,4.293554
1454,3141,4.293563
2623,4260,4.293567
249,1886,4.293572
1652,3339,4.293595
2667,4304,4.293601
2095,3732,4.293615
1065,4427,4.293647
1793,3430,4.293652
345,3657,4.293658
1898,3535,4.293706
2365,4002,4.293749
3161,4848,4.293763
2897,4534,4.293777
758,2445,4.293850
701,4063,4.293854
2506,4193,4.293859
144,1781,4.293861
629,3991,4.293866
1946,3583,4.293882
1154,4516,4.293905
4,1691,4.293915
1551,3238,4.293919
1223,4585,4.293922
2416,4053,4.293924
3335,4972,4.293927
138,3450,4.293944
2538,4175,4.293948
1968,3605,4.293958
1879,3516,4.293961
758,4120,4.293969
2755,4442,4.293991
234,1871,4.293992
1152,2839,4.293996
597,3909,4.294015
709,2396,4.294022
1164,4526,4.294029
1416,3053,4.294035
1993,3630,4.294051
2870,4507,4.294051
1030,2667,4.294090
1487,4849,4.294112
2576,4213,4.294123
2536,4173,4.294128
468,3830,4.294137
3141,4778,4.294187
591,2228,4.294189
1502,4864,4.294211
562,3924,4.294226
3053,4740,4.294234
1402,4764,4.294265
2588,4225,4.294269
2492,4129,4.294282
3174,4811,4.294283
1831,3468,4.294293
590,3902,4.294302
595,3907,4.294315
223,3585,4.294322
588,3900,4.294347
176,3538,4.294400
529,2166,4.294402
690,4002,4.294410
1618,4980,4.294416
1275,4637,4.294431
1403,4765,4.294455
209,1896,4.294482
875,4237,4.294511
2850,4537,4.294565
1177,4539,4.294634
1210,4572,4.294645
1767,3404,4.294729
1735,3372,4.294776
2381,4018,4.294797
1197,4509,4.294804
2507,4194,4.294831
1034,2671,4.294840
1472,3109,4.294885
460,3822,4.294897
3136,4773,4.294912
628,2265,4.294921
2907,4594,4.294937
943,4255,4.294941
903,4265,4.294971
1239,4551,4.294979
361,3723,4.294995
2730,4367,4.295012
2377,4014,4.295118
1256,4618,4.295142
898,4210,4.295144
782,2419,4.295190
1371,4733,4.295211
2714,4351,4.295227
1308,4670,4.295245
699,4011,4.295247
2830,4467,4.295275
2424,4061,4.295317
1538,4850,4.295328
2879,4516,4.295345
793,2430,4.295350
2659,4346,4.295360
2415,4052,4.295370
348,3660,4.295386
73,3435,4.295415
3251,4938,4.295445
3322,4959,4.295463
2447,4084,4.295483
1817,3454,4.295518
3126,4763,4.295556
1570,3207,4.295561
931,2568,4.295614
3048,4685,4.295663
684,4046,4.295668
3277,4914,4.295700
1166,4528,4.295701
1564,3201,4.295732
117,1754,4.295759
910,2597,4.295777
1936,3573,4.295802
1264,4626,4.295821
46,3358,4.295858
1653,3340,4.295885
607,3969,4.295886
78,1715,4.295894
1533,4895,4.295906
541,2178,4.295933
843,4155,4.295947
2379,4016,4.295957
2544,4181,4.295977
851,4213,4.295981
940,2577,4.295995
2125,3762,4.296000
518,2155,4.296007
780,2417,4.296024
1281,4643,4.296047
380,3742,4.296059
675,4037,4.296075
1398,3035,4.296115
768,4130,4.296236
1912,3599,4.296255
993,2630,4.296266
652,4014,4.296301
1897,3534,4.296338
2856,4543,4.296348
989,4301,4.296348
3312,4999,4.296351
2889,4526,4.296352
844,2481,4.296362
2193,3830,4.296422
1633,4995,4.296434
1436,3073,4.296453
1415,4777,4.296465
2678,4315,4.296476
2358,4045,4.296477
1423,3060,4.296483
430,2067,4.296514
888,2525,4.296536
106,3468,4.296542
1016,4378,4.296577
592,3904,4.296621
1736,3373,4.296622
621,2258,4.296649
1777,3414,4.296658
2011,3698,4.296669
0,1687,4.296739
916,4278,4.296779
1452,3139,4.296779
295,1932,4.296841
1771,3408,4.296860
986,4348,4.296862
301,1988,4.296876
646,2283,4.296880
3008,4695,4.296894
1621,4983,4.296934
35,1672,4.296944
493,2130,4.296952
29,3391,4.297033
117,3479,4.297033
1413,4775,4.297040
2312,3999,4.297045
1452,4814,4.297046
1283,2920,4.297065
3311,4998,4.297077
472,2109,4.297127
1627,4989,4.297149
221,3583,4.297176
698,4010,4.297190
316,1953,4.297202
744,4056,4.297219
1608,4970,4.297242
3219,4856,4.297271
1514,4876,4.297323
2717,4354,4.297324
1238,2875,4.297336
2957,4644,4.297382
1787,3424,4.297417
1187,4549,4.297452
2136,3773,4.297468
28,3390,4.297495
810,4172,4.297534
2055,3742,4.297545
839,2476,4.297570
1315,4677,4.297580
2948,4585,4.297581
1145,2782,4.297650
621,3983,4.297691
734,2371,4.297706
3113,4750,4.297707
2989,4626,4.297715
1333,4695,4.297736
154,1841,4.297743
86,3448,4.297754
322,1959,4.297766
3179,4816,4.297786
2369,4006,4.297801
480,3842,4.297805
3056,4743,4.297822
2181,3818,4.297832
2679,4316,4.297929
795,4107,4.297954
244,3556,4.297955
1200,2887,4.297979
2936,4573,4.298011
3038,4675,4.298035
2756,4443,4.298038
52,1739,4.298068
125,3487,4.298140
3308,4995,4.298142
1945,3582,4.298165
16,1653,4.298194
2170,3807,4.298203
1580,3217,4.298231
800,2487,4.298231
259,3621,4.298242
1438,3075,4.298272
838,4150,4.298292
792,4104,4.298324
3124,4761,4.298331
748,4060,4.298371
546,2183,4.298417
928,4290,4.298428
2613,4250,4.298459
204,3566,4.298460
119,3481,4.298496
1563,3200,4.298500
1271,2908,4.298505
372,3734,4.298527
365,3727,4.298534
939,2576,4.298556
828,2465,4.298559
1415,3052,4.298599
481,3843,4.298655
933,2570,4.298677
3222,4859,4.298686
1227,2864,4.298708
87,1724,4.298712
451,3813,4.298798
705,4067,4.298832
1021,2658,4.298854
3285,4922,4.298877
1964,3601,4.298891
1505,4867,4.298892
1582,4944,4.298908
64,1701,4.298911
1670,3307,4.298965
470,3832,4.298978
1265,2902,4.298983
2183,3820,4.299007
2841,4478,4.299053
1540,4852,4.299135
824,2461,4.299167
478,3840,4.299171
284,1921,4.299221
211,3573,4.299237
1812,3499,4.299261
260,3622,4.299269
1426,3063,4.299291
1782,3419,4.299294
11,1698,4.299334
1774,3411,4.299354
1534,3171,4.299403
1025,2662,4.299423
936,2573,4.299431
727,2364,4.299472
157,3519,4.299477
2791,4428,4.299487
3270,4907,4.299504
1112,2799,4.299511
473,2110,4.299522
257,1944,4.299582
1304,4666,4.299592
1716,3353,4.299597
971,4333,4.299599
2887,4524,4.299666
1625,4987,4.299669
1813,3450,4.299729
2231,3868,4.299739
978,4340,4.299743
2760,4447,4.299746
169,3531,4.299825
954,2641,4.299838
222,1859,4.299845
3294,4931,4.299853
428,3790,4.299913
1853,3540,4.299967
1421,4783,4.299982
581,2218,4.299990
516,2153,4.299998
1550,4912,4.300041
1202,4564,4.300075
1060,4422,4.300160
2525,4162,4.300214
2208,3895,4.300227
1876,3513,4.300251
882,4244,4.300257
91,1728,4.300263
35,3397,4.300273
3068,4705,4.300274
483,2120,4.300312
1522,4884,4.300324
1947,3584,4.300343
2799,4436,4.300359
1068,4430,4.300407
1481,3118,4.300408
1461,3148,4.300428
1848,3485,4.300462
296,3608,4.300486
1147,2784,4.300505
1045,4357,4.300513
509,3871,4.300525
610,2297,4.300583
2640,4277,4.300593
1203,4565,4.300644
2014,3651,4.300662
1322,4684,4.300714
2954,4641,4.300730
1882,3519,4.300776
1887,3524,4.300801
2404,4091,4.300811
2961,4648,4.300815
710,2397,4.300837
2890,4527,4.300851
2334,3971,4.300871
3320,4957,4.300871
870,2507,4.300874
338,3650,4.300890
1484,3121,4.300916
1634,4996,4.300932
2301,3988,4.300966
313,3675,4.300995
639,3951,4.301033
978,2615,4.301061
1476,4838,4.301066
2725,4362,4.301077
969,2606,4.301083
951,4313,4.301231
1645,4957,4.301276
471,3833,4.301359
855,2542,4.301451
321,3683,4.301473
831,2468,4.301474
721,2358,4.301498
3151,4838,4.301499
3187,4824,4.301513
627,2264,4.301551
169,1806,4.301562
1553,3240,4.301596
1060,2747,4.301689
942,4254,4.301697
1373,3010,4.301712
820,2457,4.301715
1071,2708,4.301753
1358,3045,4.301757
1564,4926,4.301772
277,1914,4.301795
1723,3360,4.301823
1414,4776,4.301869
2819,4456,4.301872
405,2092,4.301881
508,2195,4.301973
509,2196,4.302013
972,4334,4.302064
495,2132,4.302067
3212,4899,4.302072
2784,4421,4.302099
579,3941,4.302154
480,2117,4.302284
678,4040,4.302342
904,2591,4.302366
2226,3863,4.302367
720,2357,4.302380
517,3879,4.302429
487,3849,4.302438
1599,4911,4.302454
248,1885,4.302531
415,2052,4.302556
1428,4790,4.302565
292,1929,4.302587
529,3891,4.302596
2546,4183,4.302631
26,1663,4.302637
834,2471,4.302642
1029,4391,4.302694
82,1719,4.302743
1240,2877,4.302759
128,1765,4.302774
374,2011,4.302779
782,4144,4.302797
3079,4716,4.302848
1663,3300,4.302891
306,3668,4.302919
8,3370,4.302926
619,3981,4.303092
2825,4462,4.303093
2236,3873,4.303094
1191,2828,4.303111
1589,3226,4.303112
1165,2802,4.303124
570,3932,4.303150
939,4251,4.303153
639,2276,4.303206
1424,4786,4.303221
2276,3913,4.303244
1423,4785,4.303270
3255,4942,4.303276
1259,2946,4.303278
2327,3964,4.303335
3207,4894,4.303352
1109,4471,4.303362
2606,4293,4.303404
665,4027,4.303419
2090,3727,4.303428
3117,4754,4.303461
606,3968,4.303471
3347,4984,4.303485
366,2003,4.303505
1544,4856,4.303515
2088,3725,4.303535
400,3762,4.303539
98,1735,4.303575
1641,4953,4.303629
687,4049,4.303679
1525,4887,4.303686
127,3489,4.303688
863,4225,4.303698
533,3895,4.303698
2134,3771,4.303701
1062,4424,4.303713
822,4184,4.303816
620,2257,4.303859
3229,4866,4.303868
237,3599,4.303918
1451,3138,4.303936
781,4143,4.304026
2998,4635,4.304051
1220,2857,4.304081
88,1725,4.304122
682,4044,4.304161
166,3528,4.304175
1518,4880,4.304188
1582,3219,4.304213
720,4082,4.304238
811,2498,4.304260
1697,3334,4.304280
2928,4565,4.304287
1444,4756,4.304297
3077,4714,4.304300
773,2410,4.304328
3164,4801,4.304356
710,4072,4.304362
1180,4542,4.304433
391,3703,4.304457
52,3414,4.304465
3025,4662,4.304501
1045,2682,4.304552
2846,4483,4.304620
856,2543,4.304647
2427,4064,4.304667
1007,2694,4.304722
1070,4432,4.304766
1299,4611,4.304819
3241,4878,4.304881
658,4020,4.304908
2523,4160,4.304919
486,2123,4.304948
952,2639,4.304951
2585,4222,4.304996
1240,4552,4.305117
1806,3493,4.305146
585,3947,4.305196
2902,4589,4.305209
846,2483,4.305239
1393,4705,4.305251
1317,2954,4.305254
2847,4484,4.305269
2214,3851,4.305291
776,4138,4.305306
2018,3655,4.305451
1429,3066,4.305464
1031,2668,4.305473
406,3768,4.305508
1601,4963,4.305526
803,4165,4.305542
2082,3719,4.305545
1921,3558,4.305589
2477,4114,4.305646
869,2506,4.305648
2342,3979,4.305697
188,1825,4.305751
422,3784,4.305771
2630,4267,4.305780
1642,3279,4.305823
376,2013,4.305867
3139,4776,4.305886
3282,4919,4.305920
1841,3478,4.305940
2444,4081,4.305964
2298,3935,4.305968
2372,4009,4.305981
582,3944,4.305990
2005,3692,4.306014
1100,4462,4.306016
907,2594,4.306154
1189,4501,4.306183
538,2175,4.306313
2707,4394,4.306393
1459,3146,4.306412
1288,2925,4.306446
2163,3800,4.306457
1630,4992,4.306472
3315,4952,4.306498
1404,4766,4.306501
3033,4670,4.306511
691,4003,4.306567
1763,3400,4.306576
1139,2776,4.306601
2108,3795,4.306614
699,2336,4.306657
1167,4529,4.306664
1959,3646,4.306761
785,4147,4.306762
555,2242,4.306778
1850,3537,4.306791
1944,3581,4.306792
297,1934,4.306814
1974,3611,4.306851
1391,3028,4.306862
1524,3161,4.306925
1112,4474,4.306939
901,2588,4.306945
1319,2956,4.306990
946,4258,4.307015
1309,2996,4.307068
1305,2992,4.307077
1075,2712,4.307102
2665,4302,4.307114
1664,3301,4.307237
1460,4822,4.307302
944,2581,4.307410
2843,4480,4.307438
1384,3021,4.307474
202,1889,4.307533
2196,3833,4.307582
2244,3881,4.307615
196,1833,4.307671
2316,3953,4.307681
278,1915,4.307768
2260,3947,4.307831
3195,4832,4.307986
901,4263,4.308007
485,3847,4.308013
1399,4711,4.308018
132,1769,4.308024
1062,2749,4.308043
1195,2832,4.308051
25,3387,4.308056
424,3786,4.308095
2262,3949,4.308136
379,3741,4.308181
362,2049,4.308208
2740,4377,4.308213
2339,3976,4.308227
704,2391,4.308237
335,1972,4.308242
1472,4834,4.308252
2917,4554,4.308254
730,2367,4.308261
1985,3622,4.308332
1016,2653,4.308355
2951,4638,4.308386
2732,4369,4.308425
3169,4806,4.308445
2138,3775,4.308568
3097,4734,4.308582
2471,4108,4.308731
890,4202,4.308753
1367,4729,4.308763
1149,4461,4.308775
245,1882,4.308779
1562,4924,4.308783
1548,3185,4.308794
2666,4303,4.308797
3106,4793,4.308923
826,4188,4.308963
2003,3690,4.309007
660,4022,4.309011
2264,3901,4.309039
3081,4718,4.309086
3051,4738,4.309088
1293,2930,4.309137
1321,4683,4.309142
2354,4041,4.309163
1174,4536,4.309180
2174,3811,4.309186
3205,4892,4.309305
1235,2872,4.309312
1203,2890,4.309326
1056,4418,4.309362
1513,4875,4.309374
673,2310,4.309440
1687,3324,4.309489
551,3913,4.309502
1041,2678,4.309511
729,2366,4.309529
1467,4829,4.309552
368,2005,4.309597
662,4024,4.309604
1334,4696,4.309648
548,3860,4.309683
1849,3486,4.309700
1648,4960,4.309706
1157,2844,4.309721
427,3789,4.309734
614,3976,4.309755
2100,3787,4.309783
575,3937,4.309791
1528,4890,4.309829
3259,4946,4.309848
3093,4730,4.309849
2269,3906,4.309857
3245,4882,4.309918
674,4036,4.309920
1430,4792,4.309921
1314,4676,4.309935
73,1710,4.309990
1617,4979,4.309994
3150,4837,4.310031
898,2535,4.310058
923,2560,4.310072
1605,4967,4.310122
1616,3253,4.310128
119,1756,4.310140
1866,3503,4.310154
968,4330,4.310211
2809,4496,4.310241
1333,2970,4.310317
1754,3441,4.310325
440,3752,4.310331
863,2500,4.310420
1383,4745,4.310425
3031,4668,4.310427
836,4198,4.310497
3203,4890,4.310511
689,2326,4.310524
2864,4501,4.310527
113,3475,4.310539
2202,3889,4.310540
700,2387,4.310545
246,3558,4.310620
1396,3033,4.310620
655,2342,4.310624
1632,3269,4.310626
911,2598,4.310639
2575,4212,4.310733
2532,4169,4.310742
300,1987,4.310754
2559,4246,4.310826
156,3518,4.310844
2252,3939,4.310849
3084,4721,4.310851
886,4248,4.310861
1044,4356,4.310865
2491,4128,4.310867
2008,3695,4.310874
51,3413,4.310981
2470,4107,4.311101
260,1947,4.311118
1491,4803,4.311137
1854,3541,4.311156
991,4303,4.311170
1527,3164,4.311225
584,2221,4.311353
1950,3637,4.311397
737,4099,4.311478
1278,4640,4.311485
2286,3923,4.311533
190,3502,4.311535
335,3697,4.311622
947,2584,4.311632
3129,4766,4.311636
767,4129,4.311667
142,1779,4.311712
2704,4391,4.311762
2706,4393,4.311903
1761,3448,4.311908
441,2078,4.311920
1131,2768,4.311922
818,2455,4.312057
2221,3858,4.312062
1512,4874,4.312211
1133,4495,4.312254
813,4175,4.312304
1789,3426,4.312323
569,3931,4.312369
1988,3625,4.312393
744,2381,4.312427
274,1911,4.312430
1448,4760,4.312463
2988,4625,4.312531
1764,3401,4.312553
797,2434,4.312615
766,2403,4.312628
1042,2679,4.312659
2045,3682,4.312698
1052,2739,4.312869
461,3823,4.312873
3060,4747,4.312898
58,3420,4.312913
1085,2722,4.312950
954,4316,4.312958
439,2076,4.312984
72,3434,4.312998
1232,4594,4.313030
109,1796,4.313045
403,2090,4.313100
104,3466,4.313132
1563,4925,4.313146
1557,4919,4.313157
640,2277,4.313282
834,4196,4.313291
297,3609,4.313296
1894,3531,4.313302
1528,3165,4.313311
1648,3285,4.313325
3186,4823,4.313386
9,1696,4.313399
1065,2702,4.313455
3157,4844,4.313635
448,2085,4.313670
2607,4294,4.313678
1382,3019,4.313725
406,2093,4.313731
1673,3310,4.313773
1365,4727,4.313852
2402,4089,4.313881
1399,3036,4.314001
2854,4541,4.314049
1740,3377,4.314119
43,1680,4.314121
1221,2858,4.314142
2028,3665,4.314211
3154,4841,4.314335
1278,2915,4.314396
345,1982,4.314398
1592,4904,4.314451
2325,3962,4.314477
3232,4869,4.314535
1251,2938,4.314541
778,2415,4.314546
1217,2854,4.314712
11,3373,4.314847
1722,3359,4.314860
1583,3220,4.314915
1188,2825,4.315016
1638,4950,4.315098
868,2505,4.315105
2243,3880,4.315147
1015,4377,4.315184
2792,4429,4.315198
2467,4104,4.315229
3268,4905,4.315239
524,3886,4.315268
750,4112,4.315294
1370,4732,4.315306
1321,2958,4.315352
2615,4252,4.315377
224,3586,4.315455
1411,3098,4.315460
1438,4750,4.315490
2971,4608,4.315497
951,2638,4.315509
378,3740,4.315509
1231,2868,4.315542
418,2055,4.315600
2683,4320,4.315647
2104,3791,4.315651
1147,4459,4.315666
2797,4434,4.315746
48,3360,4.315828
495,3807,4.315871
1603,4965,4.315951
2994,4631,4.315976
1804,3491,4.315986
899,4211,4.316013
1797,3434,4.316039
2591,4228,4.316120
1984,3621,4.316129
122,1759,4.316129
1311,2998,4.316142
140,1777,4.316173
2970,4607,4.316192
861,2548,4.316232
819,2456,4.316381
1555,4917,4.316483
207,1894,4.316516
1039,4351,4.316540
1672,3309,4.316579
2526,4163,4.316585
1135,4497,4.316675
371,3733,4.316724
2207,3894,4.316725
612,3974,4.316739
2430,4067,4.316785
155,1842,4.316799
552,3914,4.316806
2289,3926,4.316834
986,2623,4.316852
1250,2937,4.316951
455,3817,4.316960
2178,3815,4.317032
96,3408,4.317050
2160,3847,4.317056
2747,4384,4.317084
231,3593,4.317166
264,3626,4.317200
99,1736,4.317268
321,1958,4.317427
1693,3330,4.317538
2465,4102,4.317558
1148,2785,4.317595
337,3699,4.317693
2996,4633,4.317704
1890,3527,4.317930
1522,3159,4.318065
1545,4857,4.318139
585,2222,4.318206
107,3469,4.318292
154,3516,4.318319
655,4017,4.318353
2091,3728,4.318403
1709,3396,4.318404
390,2027,4.318487
579,2216,4.318570
2074,3711,4.318766
1487,3124,4.318771
1207,4569,4.318776
736,2373,4.318788
307,1994,4.318798
816,4178,4.318895
2943,4580,4.318930
172,3534,4.319010
1273,4635,4.319074
649,3961,4.319121
1083,2720,4.319155
1346,2983,4.319201
3034,4671,4.319223
1326,2963,4.319294
821,2458,4.319371
3103,4790,4.319463
801,2488,4.319496
2141,3778,4.319532
330,3692,4.319576
1929,3566,4.319671
1264,2901,4.319725
2616,4253,4.319754
192,1829,4.319790
2117,3754,4.319924
2880,4517,4.319953
2833,4470,4.319979
2186,3823,4.320012
1050,4412,4.320035
615,3977,4.320054
2798,4435,4.320067
2749,4386,4.320076
8,1695,4.320186
2837,4474,4.320345
513,2150,4.320376
1343,2980,4.320523
289,3601,4.320555
1756,3443,4.320574
1911,3598,4.320671
1001,4363,4.320687
2417,4054,4.320787
544,2181,4.320807
238,3550,4.320817
1794,3431,4.320878
1558,4920,4.320898
2573,4210,4.321058
813,2450,4.321071
373,3735,4.321139
2164,3801,4.321182
1142,4454,4.321293
676,2313,4.321333
1721,3358,4.321473
1507,4869,4.321565
2931,4568,4.321584
353,2040,4.321636
2874,4511,4.321726
192,3504,4.321737
620,3982,4.321752
864,2501,4.321753
3235,4872,4.321755
1811,3498,4.321796
356,2043,4.321815
2131,3768,4.321861
734,4096,4.321930
1115,4477,4.321992
1456,3143,4.321999
564,3926,4.322058
414,3776,4.322077
793,4105,4.322160
702,4064,4.322169
2026,3663,4.322235
2737,4374,4.322284
2754,4441,4.322285
308,1995,4.322288
378,2015,4.322289
468,2105,4.322375
33,3395,4.322398
288,1925,4.322529
2983,4620,4.322548
2872,4509,4.322576
1807,3494,4.322620
2001,3688,4.322740
385,3747,4.322773
1097,4409,4.322860
1238,4550,4.322893
56,1743,4.322909
2211,3898,4.322976
2040,3677,4.323037
1328,4690,4.323259
671,2308,4.323288
2254,3941,4.323296
1279,4641,4.323414
2927,4564,4.323423
2750,4437,4.323499
703,4065,4.323503
1097,2734,4.323523
788,4100,4.323524
1161,2848,4.323548
2027,3664,4.323581
1349,2986,4.323633
2449,4086,4.323646
909,2596,4.323664
3074,4711,4.323706
318,3680,4.323715
779,2416,4.323718
634,2271,4.323742
695,4007,4.323860
1630,3267,4.323885
1280,4642,4.323944
104,1791,4.324007
3018,4655,4.324067
1762,3449,4.324166
3121,4758,4.324186
1577,3214,4.324223
1357,4719,4.324226
2790,4427,4.324227
381,3743,4.324391
40,1677,4.324459
848,4160,4.324488
328,3690,4.324532
2652,4339,4.324627
2520,4157,4.324702
2292,3929,4.324709
98,3410,4.324892
804,2491,4.324945
3217,4854,4.324967
295,3607,4.325028
421,2058,4.325067
1261,4623,4.325170
101,3463,4.325178
2636,4273,4.325271
1324,4686,4.325295
30,3392,4.325316
2969,4606,4.325415
2274,3911,4.325443
453,3815,4.325567
3247,4884,4.325598
968,2605,4.325647
1094,4406,4.325652
1361,3048,4.325800
2643,4280,4.325887
1331,2968,4.325917
1474,3111,4.326047
350,2037,4.326124
247,3559,4.326200
630,2267,4.326212
2600,4287,4.326239
3017,4654,4.326280
1162,4524,4.326297
388,2025,4.326389
1150,2837,4.326389
663,2300,4.326424
567,2204,4.326651
1931,3568,4.326762
687,2324,4.326799
1515,4877,4.326842
1082,4444,4.326857
973,4335,4.327008
983,2620,4.327048
2561,4248,4.327107
1573,3210,4.327141
2664,4301,4.327213
139,3451,4.327323
3162,4849,4.327334
1316,4678,4.327398
1174,2811,4.327642
1937,3574,4.327737
1084,4446,4.327749
577,3939,4.327770
2508,4195,4.327786
1619,3256,4.327813
828,4190,4.327949
418,3780,4.328069
2516,4153,4.328083
1510,3197,4.328157
219,3581,4.328211
1364,3001,4.328233
1565,3202,4.328247
1805,3492,4.328319
25,1662,4.328501
1181,4543,4.328558
1446,4758,4.328644
1606,3293,4.328672
550,3912,4.328693
622,2259,4.328704
279,1916,4.328723
3107,4794,4.328883
2658,4345,4.328886
336,3698,4.328935
1679,3316,4.329030
147,3459,4.329038
2075,3712,4.329289
1198,2835,4.329457
1243,2880,4.329486
2453,4140,4.329689
1926,3563,4.329697
199,3511,4.329729
1381,4743,4.329801
1072,4434,4.329848
1090,4402,4.330006
1135,2772,4.330055
1058,2745,4.330081
982,4344,4.330144
2638,4275,4.330155
134,1771,4.330346
383,2020,4.330375
1222,2859,4.330459
586,2223,4.330652
1002,4364,4.330853
2599,4236,4.330971
396,2033,4.330986
487,2124,4.331008
84,3446,4.331245
1049,2686,4.331287
283,3645,4.331296
508,3870,4.331390
719,4081,4.331437
3039,4676,4.331460
2307,3994,4.331491
531,2168,4.331607
1084,2721,4.331668
702,2389,4.331805
976,4338,4.331955
1339,2976,4.331980
988,2625,4.332066
1543,4855,4.332068
512,3874,4.332115
1695,3332,4.332126
1852,3539,4.332144
2165,3802,4.332218
218,1855,4.332268
2869,4506,4.332406
1847,3484,4.332439
1271,4633,4.332664
1268,2905,4.332680
2705,4392,4.332725
1618,3255,4.332783
2219,3856,4.332789
1077,2714,4.332791
1027,4389,4.332828
438,3750,4.332891
2282,3919,4.332988
1190,4502,4.333109
180,3542,4.333321
1430,3067,4.333516
1473,4835,4.333685
3064,4701,4.333692
217,3579,4.333738
3108,4795,4.333998
3225,4862,4.334009
1614,3251,4.334067
333,1970,4.334437
3138,4775,4.334454
648,3960,4.334458
2562,4249,4.334742
1132,2769,4.334785
3250,4937,4.334839
1548,4860,4.334927
94,1731,4.334947
572,3934,4.334967
806,4168,4.335043
450,3812,4.335174
3122,4759,4.335253
2020,3657,4.335282
849,2486,4.335540
1123,4485,4.335722
39,3351,4.335733
739,4051,4.335800
1041,4353,4.335903
231,1868,4.336050
2807,4494,4.336069
1276,2913,4.336071
2373,4010,4.336080
112,1799,4.336091
994,2631,4.336225
2408,4095,4.336289
1657,3344,4.336392
1361,4723,4.336469
1160,4522,4.336772
1465,3102,4.336854
1055,2742,4.337153
738,4050,4.337240
862,2549,4.337368
522,2159,4.337425
1225,4587,4.337468
2304,3991,4.337523
2195,3832,4.337553
912,4274,4.337591
2143,3780,4.337615
45,1682,4.337623
1529,3166,4.337815
2963,4600,4.337819
1650,3337,4.337950
115,1752,4.337999
1443,4755,4.338001
1216,4578,4.338005
1715,3352,4.338020
129,3491,4.338027
141,3453,4.338097
429,2066,4.338173
2048,3685,4.338229
881,4243,4.338278
1226,4588,4.338406
273,3635,4.338592
3316,4953,4.338702
675,2312,4.338766
466,2103,4.338813
2568,4205,4.338972
1792,3429,4.339108
2692,4329,4.339188
1520,4882,4.339194
2991,4628,4.339319
1864,3501,4.339335
1749,3386,4.339791
1451,4813,4.340025
250,1937,4.340051
59,3421,4.340232
756,2443,4.340402
594,3906,4.340402
1992,3629,4.340419
141,1778,4.340449
496,2133,4.340478
189,1826,4.340557
205,1892,4.340618
2622,4259,4.340634
1372,3009,4.340676
1202,2889,4.340735
1409,3096,4.340882
749,2386,4.340886
1450,4812,4.341021
854,2541,4.341358
2845,4482,4.341385
577,2214,4.341476
2078,3715,4.341643
507,3869,4.341648
187,1824,4.341805
193,3505,4.342117
2096,3733,4.342265
2926,4563,4.342283
282,1919,4.342545
921,2558,4.342689
2735,4372,4.342772
1983,3620,4.342927
2352,4039,4.342977
1537,4899,4.343031
3331,4968,4.343083
1077,4439,4.343088
2315,3952,4.343231
1591,4903,4.343295
325,1962,4.343444
1040,2677,4.343579
282,3644,4.343629
1692,3329,4.343828
1455,4817,4.343973
259,1946,4.343999
97,1734,4.344239
2121,3758,4.344588
530,3892,4.344752
791,4103,4.344908
1369,4731,4.345055
3345,4982,4.345098
925,4287,4.345145
1,1688,4.345411
1130,2767,4.345422
2472,4109,4.345428
667,2304,4.345540
3160,4847,4.345585
843,2480,4.345704
3258,4945,4.345837
532,2169,4.345954
555,3917,4.345978
1615,4977,4.346132
2557,4244,4.346179
707,2394,4.346240
44,1681,4.346249
2217,3854,4.346271
809,4171,4.346491
316,3678,4.346530
883,4245,4.346604
2548,4185,4.346824
2635,4272,4.346828
1274,2911,4.346966
1556,4918,4.347209
926,4288,4.347246
953,4315,4.347346
714,2351,4.347620
1401,4763,4.347628
331,1968,4.347669
1037,2674,4.347890
772,2409,4.347952
347,1984,4.348251
1439,3076,4.348303
1025,4387,4.348381
1786,3423,4.348422
889,4201,4.348495
2179,3816,4.348637
2388,4025,4.348813
1625,3262,4.349021
458,3820,4.349023
82,3444,4.349102
2073,3710,4.349126
757,2444,4.349322
949,4261,4.349409
232,1869,4.349419
2510,4197,4.349525
672,4034,4.349664
2451,4138,4.349832
216,3578,4.349885
835,4197,4.349922
1136,4498,4.349935
2651,4338,4.350089
3086,4723,4.350182
2935,4572,4.350302
1259,4621,4.350382
2478,4115,4.350421
2877,4514,4.350424
1508,3195,4.350571
3297,4934,4.350757
10,3372,4.350775
1520,3157,4.350962
1598,4910,4.350980
2729,4366,4.351184
195,1832,4.351205
565,2202,4.351320
426,3788,4.351381
1175,2812,4.351618
994,4306,4.351701
1934,3571,4.351833
826,2463,4.351963
897,2534,4.352787
3016,4653,4.352918
3252,4939,4.352925
1159,4521,4.352998
991,2628,4.353248
3091,4728,4.353286
53,3415,4.353490
203,3565,4.353588
3021,4658,4.353824
2118,3755,4.353842
1475,3112,4.353938
1138,2775,4.353968
310,3672,4.353990
1225,2862,4.354157
1103,2790,4.354160
2429,4066,4.354287
48,1685,4.354669
1445,3082,4.354780
3344,4981,4.354924
1019,4381,4.355258
1610,3297,4.355276
745,4057,4.355293
3228,4865,4.355555
987,2624,4.355905
3061,4748,4.356091
742,4054,4.356097
465,2102,4.356167
1555,3242,4.356236
1178,2815,4.356541
2382,4019,4.356581
2081,3718,4.356783
647,3959,4.356796
1253,4615,4.356840
1708,3395,4.356848
2949,4586,4.356915
2148,3785,4.356996
761,2448,4.357147
134,3496,4.357422
3111,4798,4.357531
613,3975,4.357839
1486,3123,4.357882
2974,4611,4.358091
442,2079,4.358194
692,4004,4.358364
3318,4955,4.358611
1466,4828,4.358679
2168,3805,4.358971
1700,3387,4.359276
1408,3095,4.359391
2309,3996,4.359520
188,3500,4.359610
3024,4661,4.359651
559,2246,4.359732
682,2319,4.359869
1408,4770,4.359916
3204,4891,4.360084
878,4240,4.360141
1635,4997,4.360663
1590,4902,4.360761
1155,2842,4.360796
516,3878,4.360928
452,2139,4.360983
2463,4100,4.361117
605,3967,4.361304
1535,3172,4.361416
543,2180,4.361561
1290,2927,4.361922
1046,4358,4.361997
1567,3204,4.362025
1980,3617,4.362338
2418,4055,4.362353
1502,3189,4.362667
2351,4038,4.362670
1840,3477,4.362928
941,2578,4.362985
184,1821,4.363595
1236,2873,4.363642
765,2402,4.363905
667,4029,4.364077
1,3363,4.364428
212,1899,4.364685
896,2533,4.364811
2285,3922,4.365187
3325,4962,4.365309
1237,4599,4.365323
1884,3521,4.365331
2495,4132,4.365645
2553,4240,4.365672
3114,4751,4.365868
1769,3406,4.366065
1930,3567,4.366202
612,2299,4.366259
1366,3003,4.366388
602,3964,4.366458
1385,3022,4.366889
1127,2764,4.367110
160,1847,4.367137
1196,4508,4.367423
2827,4464,4.367700
76,3438,4.368118
2375,4012,4.368375
906,4268,4.368664
1839,3476,4.368945
294,3606,4.369169
3032,4669,4.369253
235,1872,4.369544
2693,4330,4.369882
408,3770,4.370093
1956,3643,4.370164
523,3885,4.370196
2070,3707,4.370684
2261,3948,4.370930
302,1989,4.370944
49,3361,4.371198
1459,4821,4.371259
2031,3668,4.371260
1376,4738,4.371513
1704,3391,4.371622
94,3406,4.371934
1351,4713,4.372509
2663,4300,4.373099
2782,4419,4.373164
592,2229,4.373212
465,3827,4.373273
2503,4190,4.373361
423,2060,4.373529
2783,4420,4.373713
3013,4650,4.374318
1131,4493,4.374346
657,2344,4.374947
1342,2979,4.375387
624,2261,4.375591
2328,3965,4.376017
184,3546,4.376723
1306,4668,4.376892
2233,3870,4.376903
1720,3357,4.377113
2171,3808,4.377132
2873,4510,4.377134
1600,3287,4.377408
363,3725,4.377466
644,3956,4.378010
947,4259,4.378023
2420,4057,4.378226
2923,4560,4.378274
1432,3069,4.378699
1610,4972,4.379285
2593,4230,4.379891
1595,4907,4.380102
293,1930,4.380253
1295,2932,4.380329
992,4304,4.380467
1117,4479,4.380942
274,3636,4.381134
854,4216,4.381188
777,2414,4.381211
2089,3726,4.381446
2712,4399,4.381484
1587,4949,4.381761
174,3536,4.382396
1318,2955,4.382457
2942,4579,4.382497
1037,4399,4.383409
929,4291,4.383590
433,3795,4.383947
1013,2650,4.384491
364,3726,4.385134
1471,4833,4.385393
1088,2725,4.385476
893,2530,4.385570
3271,4908,4.385574
1286,4648,4.385804
399,2036,4.386149
2697,4334,4.387385
2884,4521,4.387681
1127,4489,4.388421
454,3816,4.388696
1228,2865,4.389080
1836,3473,4.389437
489,2126,4.389579
528,3890,4.389660
203,1890,4.389901
2238,3875,4.390148
298,1935,4.390158
1318,4680,4.390214
437,2074,4.390374
1560,3247,4.390891
2708,4395,4.392857
339,3651,4.392968
1217,4579,4.393025
1477,3114,4.393085
1282,4644,4.393086
3176,4813,4.393178
588,2225,4.393212
1531,3168,4.393344
2779,4416,4.393360
2474,4111,4.393484
55,3417,4.393630
1048,4360,4.393784
304,1991,4.393945
2947,4584,4.394011
1297,2934,4.394113
2240,3877,4.394288
1146,2783,4.394413
3183,4820,4.394470
375,2012,4.394660
764,4126,4.394660
851,2538,4.394745
70,1707,4.394857
343,1980,4.395533
852,4214,4.395556
1999,3636,4.395578
504,3866,4.395680
916,2553,4.395791
3273,4910,4.396305
2802,4489,4.397166
1307,4669,4.397188
360,3722,4.397340
1093,4405,4.397472
343,3655,4.398205
1954,3641,4.398447
3348,4985,4.398668
1241,2878,4.400267
3181,4818,4.400396
145,1782,4.400731
433,2070,4.400761
1447,4759,4.400881
1183,4545,4.401013
1303,4665,4.401375
285,1922,4.401709
1196,2833,4.402432
1011,2698,4.402969
1941,3578,4.403133
278,3640,4.404421
609,2296,4.405466
523,2160,4.405549
375,3737,4.405884
158,1845,4.405961
987,4349,4.407306
1069,4431,4.407535
68,1705,4.407575
1380,3017,4.407676
153,1840,4.408149
1286,2923,4.408302
534,2171,4.408995
100,3462,4.409352
1006,2693,4.409433
1552,3239,4.409612
613,2250,4.409866
617,2254,4.409994
1844,3481,4.410375
757,4119,4.410732
2184,3821,4.410790
762,4124,4.411071
1859,3546,4.411164
2330,3967,4.412478
240,3552,4.412997
703,2390,4.413684
1376,3013,4.413737
2545,4182,4.413813
1497,4809,4.414537
2355,4042,4.414772
979,4341,4.415012
2139,3776,4.415609
1101,2788,4.416783
839,4151,4.417014
126,3488,4.418067
2609,4296,4.418178
1466,3103,4.418701
1666,3303,4.418971
998,2635,4.419618
723,2360,4.419759
1696,3333,4.420009
2519,4156,4.420010
1417,4779,4.420541
474,3836,4.421317
44,3356,4.421703
2229,3866,4.421708
3127,4764,4.421723
2893,4530,4.422087
2794,4431,4.422592
897,4209,4.422646
1221,4583,4.422712
1900,3587,4.422851
1556,3243,4.423163
957,2644,4.423609
2639,4276,4.423898
63,1700,4.424055
14,1651,4.424362
1576,3213,4.424736
708,4070,4.425108
1228,4590,4.425948
2323,3960,4.426238
2787,4424,4.426981
2319,3956,4.427341
220,3582,4.427829
2094,3731,4.428019
36,3398,4.428987
3082,4719,4.429426
633,2270,4.429541
1387,3024,4.429696
1311,4673,4.430651
1163,4525,4.431799
1412,3099,4.431889
2409,4096,4.432472
3208,4895,4.434317
1327,4689,4.434425
753,2440,4.434825
3172,4809,4.435745
469,2106,4.435810
2413,4050,4.436850
2549,4186,4.437072
5,1692,4.437126
3266,4903,4.437900
384,3746,4.439390
3037,4674,4.439665
1801,3488,4.440328
3262,4949,4.441567
527,2164,4.442242
2405,4092,4.443626
663,4025,4.443875
285,3647,4.443932
2753,4440,4.444435
368,3730,4.444551
40,3352,4.446857
444,2081,4.447950
1810,3497,4.449560
753,4115,4.450405
130,3492,4.451586
618,3980,4.451717
2265,3902,4.452628
1470,3107,4.452741
867,2504,4.454765
749,4061,4.455648
893,4205,4.456407
1746,3383,4.456523
1462,3149,4.458925
1606,4968,4.458949
858,2545,4.459080
1561,4923,4.460051
983,4345,4.461848
2654,4341,4.462936
2689,4326,4.464133
59,1746,4.465681
1073,4435,4.466699
1138,4450,4.467227
270,3632,4.468365
199,1836,4.471855
1322,2959,4.471937
1213,4575,4.472649
912,2599,4.474640
519,2156,4.474879
3118,4755,4.475171
289,1926,4.477438
1552,4914,4.478838
1002,2689,4.481566
379,2016,4.482402
1711,3398,4.482949
195,3507,4.487516
1142,2779,4.487902
1855,3542,4.490942
1232,2869,4.493619
2175,3812,4.495684
1995,3632,4.498052
609,3971,4.499589
768,2405,4.503959
2085,3722,4.504543
2848,4485,4.507847
2564,4201,4.508804
2938,4575,4.515131
3028,4665,4.521322
429,3791,4.523374
1372,4734,4.523629
678,2315,4.523895
1621,3258,4.524170
1462,4824,4.525953
519,3881,4.532796
1205,2397,7.675395
925,4782,7.675453
2522,3664,7.675489
3465,4607,7.675490
2043,3185,7.675496
1080,4937,7.675503
571,1713,7.675536
3310,4452,7.675547
2831,3973,7.675589
446,4253,7.675610
262,1404,7.675612
1359,2501,7.675623
291,4148,7.675630
1050,2242,7.675630
726,1868,7.675664
3619,4761,7.675669
1888,3030,7.675696
92,1234,7.675701
2197,3339,7.675716
2198,3340,7.675733
1079,4936,7.675734
550,4407,7.675742
880,2022,7.675761
1514,2656,7.675788
3839,4981,7.675792
2676,3818,7.675799
1668,2810,7.675804
770,4627,7.675827
246,1388,7.675831
2985,4127,7.675834
2456,3648,7.675858
2302,3494,7.675864
725,1867,7.675872
3140,4282,7.675895
71,3928,7.675899
2986,4128,7.675909
859,4716,7.675910
416,1558,7.675919
3464,4606,7.675948
3294,4436,7.675966
1034,2176,7.675976
505,1697,7.675977
1977,3119,7.675983
2765,3907,7.676005
3773,4915,7.676009
1189,2331,7.676021
3774,4916,7.676024
2367,3509,7.676030
1579,2721,7.676041
551,4408,7.676043
26,1168,7.676046
351,1543,7.676064
1204,2396,7.676069
1513,2655,7.676071
380,4237,7.676073
705,4562,7.676073
2286,3428,7.676097
3155,4347,7.676098
689,4546,7.676156
3553,4745,7.676156
814,1956,7.676159
445,4252,7.676164
1343,2485,7.676165
3449,4591,7.676166
3074,4216,7.676171
881,2023,7.676174
1498,2640,7.676176
225,4082,7.676188
335,1477,7.676190
2595,3737,7.676215
247,1389,7.676218
1757,2949,7.676220
1822,2964,7.676229
136,3993,7.676239
998,4805,7.676243
2611,3753,7.676263
2066,3208,7.676274
160,4017,7.676287
704,4561,7.676290
3708,4850,7.676290
2042,3184,7.676294
469,4326,7.676306
1035,2177,7.676311
107,1299,7.676313
1823,2965,7.676322
660,1802,7.676328
1587,2729,7.676339
945,2087,7.676344
1278,2420,7.676355
3847,4989,7.676371
2301,3493,7.676374
461,4318,7.676383
1058,2200,7.676402
969,2111,7.676410
3538,4680,7.676421
1669,2811,7.676424
3318,4460,7.676432
579,1721,7.676462
1733,2875,7.676465
924,4781,7.676466
91,1233,7.676485
799,1941,7.676485
1014,4871,7.676488
2839,3981,7.676491
1123,2265,7.676494
5,3862,7.676494
3383,4525,7.676501
1602,2794,7.676503
2920,4062,7.676505
644,1786,7.676515
50,1242,7.676519
534,4391,7.676522
3229,4371,7.676534
2854,4046,7.676535
3009,4151,7.676545
2310,3452,7.676548
2131,3273,7.676554
115,1257,7.676560
713,4570,7.676579
2457,3649,7.676584
2375,3517,7.676591
1013,4870,7.676599
270,1412,7.676600
226,4083,7.676604
1831,2973,7.676613
3141,4283,7.676624
778,4635,7.676627
2830,3972,7.676627
3295,4437,7.676643
2530,3672,7.676648
234,4091,7.676651
490,1632,7.676659
2610,3752,7.676660
3684,4826,7.676662
1896,3038,7.676668
2896,4038,7.676682
2521,3663,7.676683
933,4790,7.676690
181,1323,7.676693
1302,2494,7.676696
299,4106,7.676715
2001,3193,7.676726
2132,3274,7.676732
350,1542,7.676739
3562,4704,7.676748
615,4472,7.676752
404,4261,7.676753
1367,2509,7.676769
1522,2664,7.676774
698,4505,7.676774
1766,2908,7.676775
2295,3437,7.676779
2700,3892,7.676782
169,4026,7.676782
35,1177,7.676785
3782,4924,7.676788
2774,3916,7.676791
1043,2185,7.676796
514,1656,7.676796
3253,4445,7.676798
1287,2429,7.676799
570,1712,7.676804
823,1965,7.676810
3547,4689,7.676829
3627,4769,7.676831
3139,4281,7.676839
72,3929,7.676869
758,1900,7.676874
3083,4225,7.676886
2441,3583,7.676887
888,2030,7.676902
1103,4960,7.676902
1344,2486,7.676914
3018,4160,7.676939
1222,2364,7.676944
261,1403,7.676953
104,3961,7.676955
3482,4624,7.676955
879,2021,7.676963
344,1486,7.676976
1701,2893,7.676982
3148,4290,7.676982
743,1885,7.676991
535,4392,7.676993
860,4717,7.677000
506,1698,7.677012
2221,3363,7.677015
3309,4451,7.677020
633,4490,7.677024
279,1421,7.677026
2953,4145,7.677058
1424,2566,7.677060
1157,2349,7.677067
359,1501,7.677075
2230,3372,7.677076
3417,4559,7.677080
844,4651,7.677084
2554,3746,7.677085
89,3946,7.677088
2212,3354,7.677106
3618,4760,7.677114
624,4481,7.677122
678,1820,7.677133
1112,4969,7.677134
1686,2828,7.677138
2539,3681,7.677141
636,1778,7.677145
352,1544,7.677147
214,1356,7.677159
24,3881,7.677173
1142,2284,7.677176
843,4650,7.677178
2619,3761,7.677182
1911,3053,7.677183
2440,3582,7.677184
2709,3851,7.677197
314,4171,7.677201
180,1322,7.677204
568,4425,7.677212
1621,2763,7.677214
957,4814,7.677216
1742,2884,7.677219
1432,2574,7.677229
3352,4544,7.677231
2938,4080,7.677231
2919,4061,7.677238
3554,4746,7.677248
1556,2748,7.677260
499,1641,7.677261
1603,2795,7.677264
3692,4834,7.677270
3816,4958,7.677274
3000,4192,7.677279
1099,2241,7.677279
1912,3054,7.677281
659,1801,7.677286
942,4799,7.677286
1358,2500,7.677296
503,4360,7.677296
2474,3616,7.677300
488,4345,7.677304
1022,4879,7.677305
145,3952,7.677305
2165,3307,7.677307
903,2095,7.677322
3238,4380,7.677324
423,4280,7.677339
613,1755,7.677344
3448,4590,7.677352
1077,2219,7.677354
2020,3162,7.677361
1190,2332,7.677371
2075,3217,7.677371
199,1341,7.677380
1213,2355,7.677381
978,2120,7.677383
3163,4305,7.677385
1541,2683,7.677392
1824,2966,7.677400
2085,3227,7.677401
2100,3292,7.677411
887,4744,7.677412
2766,3908,7.677414
1097,4904,7.677417
1188,2330,7.677436
3717,4859,7.677436
3473,4615,7.677443
2140,3282,7.677446
1955,3147,7.677447
902,4759,7.677450
1978,3120,7.677460
2484,3626,7.677462
424,1566,7.677462
2010,3152,7.677467
315,4172,7.677475
1457,2649,7.677482
159,1301,7.677482
877,4734,7.677485
734,1876,7.677493
3337,4479,7.677506
2419,3561,7.677510
290,4147,7.677511
389,4246,7.677519
2873,4015,7.677520
3751,4943,7.677528
2994,4136,7.677530
1144,4951,7.677534
2694,3836,7.677540
70,3927,7.677540
6,3863,7.677543
967,4824,7.677544
306,4163,7.677545
1986,3128,7.677545
623,1765,7.677546
2948,4090,7.677551
2684,3826,7.677552
205,1397,7.677553
478,4335,7.677555
1032,4889,7.677556
868,4725,7.677560
2465,3607,7.677563
358,4215,7.677575
2883,4025,7.677580
2409,3551,7.677585
3838,4980,7.677587
224,1366,7.677590
2549,3691,7.677600
815,1957,7.677600
1087,2229,7.677605
543,4350,7.677608
3362,4504,7.677622
822,4679,7.677642
1087,4944,7.677658
3347,4489,7.677660
1433,2575,7.677664
1501,2693,7.677664
1667,2809,7.677667
790,1932,7.677667
434,1576,7.677671
3826,4968,7.677673
413,4270,7.677688
433,4290,7.677708
688,1830,7.677709
3375,4517,7.677710
1995,3137,7.677721
2629,3771,7.677724
2564,3706,7.677728
144,1286,7.677731
2612,3754,7.677733
897,4704,7.677735
1965,3107,7.677736
598,1740,7.677739
1012,2154,7.677754
3761,4903,7.677759
1887,3029,7.677764
134,1276,7.677767
169,1311,7.677770
1596,2738,7.677771
2155,3347,7.677779
2963,4105,7.677787
1611,2753,7.677794
1102,2294,7.677799
289,1431,7.677803
1476,2618,7.677804
3173,4315,7.677806
599,4406,7.677819
1124,2266,7.677825
633,1775,7.677833
2429,3571,7.677837
27,1169,7.677842
3693,4835,7.677844
558,1700,7.677847
812,4669,7.677852
3372,4514,7.677853
1566,2708,7.677855
2908,4050,7.677863
3836,4978,7.677870
2494,3636,7.677878
2030,3172,7.677879
1940,3082,7.677889
368,4225,7.677891
369,1511,7.677912
558,4415,7.677918
3400,4592,7.677922
2040,3182,7.677941
443,4250,7.677941
913,2055,7.677942
304,1496,7.677945
3427,4569,7.677947
1097,2239,7.677948
1578,2720,7.677949
1531,2673,7.677954
381,4238,7.677957
2454,3646,7.677964
3075,4217,7.677965
1576,2718,7.677976
2893,4035,7.677991
2196,3338,7.677998
1022,2164,7.678001
14,3871,7.678008
658,1800,7.678010
2354,3546,7.678010
398,4205,7.678012
904,2096,7.678014
3806,4998,7.678023
244,1386,7.678039
1112,2254,7.678040
2741,3883,7.678042
703,1895,7.678047
3028,4170,7.678054
2808,3950,7.678058
769,4626,7.678058
34,3891,7.678067
227,4084,7.678069
4,3861,7.678074
832,4689,7.678075
3652,4844,7.678077
1676,2818,7.678077
3272,4414,7.678077
2918,4060,7.678082
1122,2264,7.678084
2394,3536,7.678092
857,4714,7.678101
468,4325,7.678102
698,1840,7.678106
3384,4526,7.678107
3108,4250,7.678114
1903,3095,7.678124
3529,4671,7.678124
922,4779,7.678132
2529,3671,7.678133
498,4305,7.678141
3736,4878,7.678144
1511,2653,7.678146
2065,3207,7.678151
234,1376,7.678154
3447,4589,7.678158
912,4769,7.678169
3164,4306,7.678172
733,1875,7.678172
2818,3960,7.678176
1930,3072,7.678189
3093,4235,7.678192
1442,2584,7.678207
1078,4935,7.678208
1486,2628,7.678210
79,3936,7.678217
3307,4499,7.678223
269,1411,7.678236
1132,2274,7.678251
458,4315,7.678256
1167,2309,7.678257
343,4150,7.678258
3791,4933,7.678270
2993,4135,7.678290
932,4789,7.678292
2287,3429,7.678292
1601,2793,7.678293
1197,2339,7.678299
1586,2728,7.678306
2983,4125,7.678314
425,1567,7.678315
968,2110,7.678316
1067,2209,7.678317
3228,4370,7.678324
3472,4614,7.678326
898,2040,7.678327
3707,4899,7.678327
324,4181,7.678330
3382,4524,7.678337
104,1296,7.678337
336,1478,7.678338
768,1910,7.678346
489,1631,7.678349
1497,2639,7.678357
3492,4634,7.678363
1466,2608,7.678365
460,4317,7.678368
1015,4872,7.678376
44,3851,7.678382
645,1787,7.678386
179,1321,7.678388
2749,3891,7.678391
2366,3508,7.678399
3282,4424,7.678401
379,4236,7.678405
1631,2773,7.678419
757,4614,7.678426
997,4804,7.678438
2685,3827,7.678443
1921,3063,7.678444
1102,4959,7.678451
2675,3817,7.678451
833,1975,7.678462
1975,3117,7.678464
69,1211,7.678472
1976,3118,7.678474
1499,2641,7.678484
3437,4579,7.678487
1900,3092,7.678495
797,4604,7.678501
2519,3661,7.678505
1312,2454,7.678507
533,1675,7.678507
3572,4714,7.678507
1187,2329,7.678515
661,1803,7.678516
2095,3237,7.678523
3392,4534,7.678529
2220,3362,7.678530
658,4515,7.678533
3637,4779,7.678546
803,4660,7.678546
1776,2918,7.678551
2973,4115,7.678553
1088,4945,7.678555
2719,3861,7.678557
858,4715,7.678565
2509,3651,7.678568
3771,4913,7.678568
923,2065,7.678578
3008,4150,7.678587
1122,4979,7.678600
269,4126,7.678600
333,4190,7.678601
997,2139,7.678602
2330,3472,7.678623
623,4480,7.678627
99,3906,7.678632
2400,3592,7.678635
481,1623,7.678637
1002,2194,7.678641
2156,3348,7.678648
534,1676,7.678651
1269,2411,7.678655
3183,4325,7.678655
3327,4469,7.678655
2855,4047,7.678658
79,1221,7.678658
3507,4699,7.678673
3407,4599,7.678678
2455,3647,7.678679
3737,4879,7.678687
204,1396,7.678694
2055,3247,7.678699
3746,4888,7.678704
568,1710,7.678707
190,1332,7.678709
2596,3738,7.678716
1387,2529,7.678720
559,4416,7.678723
2000,3192,7.678726
1232,2374,7.678727
533,4390,7.678729
415,1557,7.678732
1941,3083,7.678735
1212,2354,7.678738
1741,2883,7.678744
690,4547,7.678758
1411,2553,7.678760
2929,4071,7.678767
1377,2519,7.678768
3846,4988,7.678776
723,1865,7.678778
1677,2819,7.678779
3726,4868,7.678786
106,1298,7.678790
733,4590,7.678796
1088,2230,7.678797
145,1287,7.678798
1345,2487,7.678801
434,4291,7.678803
835,4692,7.678803
2884,4026,7.678804
669,1811,7.678807
80,3937,7.678815
245,1387,7.678818
823,4680,7.678820
2495,3637,7.678827
3408,4550,7.678829
1198,2340,7.678831
1477,2619,7.678841
603,1795,7.678845
513,4370,7.678846
643,1785,7.678846
2057,3249,7.678852
3273,4415,7.678863
1641,2783,7.678870
244,4051,7.678870
699,1841,7.678875
3348,4490,7.678880
144,3951,7.678881
70,1212,7.678883
2364,3506,7.678885
2794,3936,7.678887
2255,3447,7.678893
1866,3008,7.678898
459,1601,7.678904
3662,4804,7.678905
116,1258,7.678920
988,4845,7.678926
3049,4191,7.678935
2439,3581,7.678941
1642,2784,7.678946
2594,3736,7.678951
45,3852,7.678953
668,1810,7.678956
179,4036,7.678962
543,1685,7.678970
1203,2395,7.678981
2984,4126,7.678983
1502,2694,7.678988
259,4116,7.678988
1875,3017,7.678989
2329,3471,7.678989
3438,4580,7.678990
977,4834,7.678993
998,2140,7.678996
1177,2319,7.678998
1865,3007,7.679002
1297,2439,7.679029
3709,4851,7.679037
588,1730,7.679044
259,1401,7.679047
2240,3382,7.679050
235,1377,7.679051
2793,3935,7.679051
3154,4346,7.679053
378,4235,7.679064
1696,2838,7.679065
2056,3248,7.679066
299,1441,7.679066
713,1855,7.679066
2133,3275,7.679067
69,3926,7.679068
3262,4404,7.679073
999,4806,7.679095
1401,2593,7.679096
303,4160,7.679109
135,3992,7.679121
2031,3173,7.679124
898,4705,7.679125
344,4151,7.679127
114,3971,7.679134
2921,4063,7.679146
444,1586,7.679154
2376,3518,7.679170
250,4107,7.679174
798,1940,7.679174
724,1866,7.679178
2767,3909,7.679181
3254,4446,7.679187
3207,4399,7.679187
2863,4005,7.679202
3827,4969,7.679203
51,1243,7.679204
1856,3048,7.679205
789,1931,7.679218
1032,2174,7.679219
260,1402,7.679222
1758,2900,7.679234
2895,4037,7.679237
1458,2600,7.679250
2928,4070,7.679250
605,1797,7.679258
151,4008,7.679267
2401,3593,7.679270
3647,4789,7.679276
987,2129,7.679280
2355,3547,7.679284
624,1766,7.679285
1897,3039,7.679291
987,4844,7.679292
2909,4051,7.679299
2339,3481,7.679303
2311,3453,7.679309
944,4751,7.679322
3220,4362,7.679326
2955,4147,7.679336
2585,3727,7.679339
2110,3252,7.679341
3808,4950,7.679342
2420,3562,7.679365
390,4247,7.679367
2130,3272,7.679370
2102,3294,7.679373
957,2149,7.679384
2464,3606,7.679399
3671,4813,7.679403
804,4661,7.679403
3463,4605,7.679405
779,4636,7.679405
989,4846,7.679405
2828,3970,7.679411
1598,2740,7.679411
788,4645,7.679413
3462,4604,7.679418
1801,2993,7.679419
944,2086,7.679419
91,3948,7.679431
306,1498,7.679437
359,4216,7.679439
645,4452,7.679445
1299,2441,7.679445
403,4260,7.679450
1159,2301,7.679463
2067,3209,7.679470
559,1701,7.679473
524,4381,7.679476
3649,4791,7.679480
2848,3990,7.679489
523,4380,7.679492
1013,2155,7.679504
1113,2255,7.679515
1057,2249,7.679525
515,1657,7.679530
2012,3154,7.679534
2796,3938,7.679535
1044,2186,7.679539
2574,3716,7.679541
446,1588,7.679543
578,4435,7.679549
2809,3951,7.679557
1803,2995,7.679570
523,1665,7.679572
950,2142,7.679574
3095,4237,7.679575
1711,2853,7.679576
189,1331,7.679580
1841,2983,7.679582
5,1197,7.679588
2656,3848,7.679588
3555,4747,7.679590
3394,4536,7.679591
2432,3574,7.679592
147,1289,7.679595
798,4605,7.679596
745,1887,7.679598
268,4125,7.679603
1943,3085,7.679604
124,1266,7.679606
970,2112,7.679610
2385,3527,7.679612
45,1187,7.679613
732,4589,7.679617
1402,2594,7.679620
1178,2320,7.679624
2853,4045,7.679625
3248,4390,7.679626
436,4293,7.679627
59,3916,7.679627
3509,4651,7.679635
767,4624,7.679645
3038,4180,7.679656
735,4592,7.679658
2865,4007,7.679658
3440,4582,7.679666
334,1476,7.679676
1090,2232,7.679679
3661,4803,7.679680
3452,4644,7.679684
3762,4904,7.679698
2587,3729,7.679708
278,4135,7.679709
161,4018,7.679717
505,4362,7.679718
4,1196,7.679718
2753,3945,7.679719
1368,2510,7.679734
2242,3384,7.679743
635,1777,7.679744
3048,4190,7.679746
1734,2876,7.679751
842,4699,7.679754
237,1379,7.679757
2497,3639,7.679773
3300,4492,7.679774
2840,3982,7.679774
2974,4116,7.679778
459,4316,7.679780
3739,4881,7.679784
3208,4350,7.679785
1644,2786,7.679785
346,4153,7.679790
125,1267,7.679798
536,4393,7.679801
1666,2808,7.679806
791,1933,7.679806
182,1324,7.679806
1034,4891,7.679821
7,1199,7.679826
1732,2874,7.679830
28,1170,7.679831
526,4383,7.679833
3683,4825,7.679834
470,4327,7.679838
216,1358,7.679846
3718,4860,7.679847
191,1333,7.679850
3247,4389,7.679856
2541,3683,7.679862
317,4174,7.679868
860,2002,7.679888
1042,4899,7.679896
3321,4463,7.679902
3530,4672,7.679903
3231,4373,7.679908
468,1610,7.679909
2886,4028,7.679914
1496,2638,7.679915
643,4450,7.679925
1421,2563,7.679927
1389,2531,7.679928
2285,3427,7.679930
913,4770,7.679932
2468,3610,7.679934
25,1167,7.679935
688,4545,7.679948
2449,3591,7.679950
2378,3520,7.679953
2764,3906,7.679964
1966,3108,7.679966
2677,3819,7.679966
1798,2940,7.679967
1615,2757,7.679967
2864,4006,7.679968
1713,2855,7.679981
3537,4679,7.679982
1756,2948,7.679991
59,1201,7.679994
723,4580,7.680000
762,1904,7.680004
1525,2667,7.680006
1412,2554,7.680015
504,1696,7.680018
1069,2211,7.680027
2584,3726,7.680027
2586,3728,7.680034
2033,3175,7.680042
1051,4908,7.680047
3528,4670,7.680052
159,4016,7.680057
2384,3526,7.680061
971,2113,7.680061
672,1814,7.680067
181,4038,7.680068
2175,3317,7.680076
1567,2709,7.680081
2654,3846,7.680091
118,1260,7.680092
3293,4435,7.680098
2520,3662,7.680101
248,4055,7.680102
714,4571,7.680111
3292,4434,7.680111
407,4264,7.680112
2566,3708,7.680113
960,2102,7.680116
742,4599,7.680120
536,1678,7.680121
604,1796,7.680121
852,2044,7.680122
3411,4553,7.680122
49,1191,7.680123
1705,2897,7.680124
2558,3700,7.680126
990,4847,7.680132
338,4195,7.680133
651,1843,7.680135
961,4818,7.680139
2783,3925,7.680144
137,3994,7.680144
1277,2419,7.680148
1504,2696,7.680156
3342,4484,7.680158
3628,4770,7.680159
314,1456,7.680159
1180,2322,7.680163
1688,2830,7.680170
3202,4394,7.680172
1987,3129,7.680177
1588,2730,7.680195
3230,4372,7.680196
932,2074,7.680197
2357,3549,7.680198
1279,2421,7.680202
1012,4869,7.680203
2489,3631,7.680203
1033,2175,7.680205
480,4337,7.680211
2288,3430,7.680212
3363,4505,7.680221
1202,2394,7.680223
108,3965,7.680226
2120,3262,7.680238
2579,3721,7.680254
3393,4535,7.680255
3217,4359,7.680262
3210,4352,7.680264
3432,4574,7.680265
2399,3541,7.680265
1435,2577,7.680267
1922,3064,7.680271
1726,2868,7.680273
327,1469,7.680274
1636,2778,7.680278
170,1312,7.680282
758,4615,7.680283
858,2000,7.680285
325,1467,7.680285
3419,4561,7.680289
889,2031,7.680292
428,4285,7.680297
1423,2565,7.680301
1386,2528,7.680312
825,4682,7.680315
2320,3462,7.680315
3374,4516,7.680316
778,1920,7.680328
3185,4327,7.680330
3112,4254,7.680331
873,2015,7.680331
582,1724,7.680337
3772,4914,7.680340
139,1281,7.680343
89,1231,7.680348
160,1302,7.680350
963,2105,7.680353
1816,2958,7.680354
206,4063,7.680360
922,2064,7.680361
802,4659,7.680363
1800,2992,7.680364
1656,2848,7.680365
1133,2275,7.680368
616,4473,7.680371
1546,2688,7.680387
783,1925,7.680389
992,2134,7.680396
1242,2384,7.680397
2669,3811,7.680397
3149,4291,7.680402
110,1252,7.680405
867,4724,7.680418
871,4728,7.680424
816,1958,7.680428
200,1392,7.680431
1053,2245,7.680438
20,1162,7.680439
1845,2987,7.680450
3620,4762,7.680451
15,3872,7.680459
2259,3401,7.680461
1956,3148,7.680462
3522,4664,7.680473
1521,2663,7.680479
360,1502,7.680486
2442,3584,7.680489
1059,4916,7.680490
539,4396,7.680493
2698,3840,7.680500
340,1482,7.680502
835,1977,7.680503
2639,3781,7.680504
1906,3098,7.680504
3829,4971,7.680504
1512,2654,7.680504
629,4486,7.680508
204,4061,7.680511
2264,3406,7.680518
458,1600,7.680518
415,4272,7.680520
449,4256,7.680521
2121,3263,7.680523
1612,2754,7.680526
18,3875,7.680530
3848,4990,7.680540
3501,4693,7.680541
693,1835,7.680545
2620,3762,7.680546
1072,4929,7.680547
1914,3056,7.680556
719,4576,7.680556
3752,4944,7.680556
3783,4925,7.680562
2319,3461,7.680565
3317,4459,7.680568
544,4351,7.680569
547,4354,7.680570
518,4375,7.680570
1604,2796,7.680570
787,4644,7.680571
1193,2335,7.680572
1061,2203,7.680579
1023,4880,7.680579
208,1350,7.680583
2141,3283,7.680587
2775,3917,7.680589
788,1930,7.680593
2819,3961,7.680593
1396,2538,7.680595
2332,3474,7.680599
3073,4215,7.680602
430,1572,7.680605
3723,4865,7.680606
309,4166,7.680606
3633,4775,7.680606
3484,4626,7.680610
2759,3901,7.680615
1406,2598,7.680620
60,1202,7.680623
809,4666,7.680625
599,1741,7.680629
3813,4955,7.680629
1885,3027,7.680630
1134,2276,7.680633
3543,4685,7.680639
1057,4914,7.680640
3373,4515,7.680653
3022,4164,7.680658
14,1156,7.680658
770,1912,7.680661
96,3903,7.680667
2784,3926,7.680678
2395,3537,7.680679
229,1371,7.680682
2976,4118,7.680683
614,4471,7.680684
3539,4681,7.680684
114,1256,7.680687
444,4251,7.680700
988,2130,7.680704
334,4191,7.680704
2046,3188,7.680705
949,4756,7.680707
186,4043,7.680714
3403,4595,7.680715
598,4405,7.680715
3001,4193,7.680723
47,3854,7.680728
520,1662,7.680731
1283,2425,7.680740
326,1468,7.680745
982,4839,7.680747
850,4707,7.680758
2960,4102,7.680759
60,3917,7.680759
680,4537,7.680761
219,4076,7.680761
3612,4754,7.680762
3050,4242,7.680764
276,4133,7.680764
2265,3407,7.680772
2870,4012,7.680772
2728,3870,7.680777
3190,4332,7.680783
491,1633,7.680791
1039,4896,7.680795
44,1186,7.680795
1082,2224,7.680801
2780,3922,7.680811
3280,4422,7.680812
2169,3311,7.680813
561,1703,7.680814
126,1268,7.680814
366,4223,7.680814
553,1745,7.680816
1920,3062,7.680824
305,4162,7.680826
1910,3052,7.680840
3053,4245,7.680841
492,1634,7.680844
3313,4455,7.680845
2123,3265,7.680845
3370,4512,7.680846
1124,4981,7.680851
456,4313,7.680861
1059,2201,7.680868
610,1752,7.680868
1479,2621,7.680868
1623,2765,7.680879
1129,4986,7.680881
2690,3832,7.680883
3460,4602,7.680885
2899,4041,7.680890
324,1466,7.680891
1414,2556,7.680899
596,4403,7.680902
1935,3077,7.680919
2849,3991,7.680921
3550,4742,7.680928
781,4638,7.680929
2041,3183,7.680929
1373,2515,7.680930
608,4465,7.680933
686,4543,7.680938
1985,3127,7.680944
2136,3278,7.680944
1023,2165,7.680953
1114,2256,7.680960
77,1219,7.680960
3681,4823,7.680962
776,4633,7.680970
3690,4832,7.680976
714,1856,7.680989
1270,2412,7.680989
580,1722,7.680996
2550,3742,7.680998
1316,2458,7.681000
866,4723,7.681000
129,3986,7.681002
700,1892,7.681007
3749,4891,7.681015
2247,3389,7.681017
2267,3409,7.681018
2337,3479,7.681022
3706,4898,7.681029
167,1309,7.681030
2788,3930,7.681031
3780,4922,7.681032
2107,3299,7.681032
956,4813,7.681032
2631,3773,7.681036
3785,4927,7.681039
3223,4365,7.681042
2427,3569,7.681042
892,4749,7.681055
2017,3159,7.681070
1096,4903,7.681070
469,1611,7.681072
3517,4659,7.681074
2517,3659,7.681077
257,1449,7.681086
1577,2719,7.681087
13,3870,7.681097
1002,4859,7.681099
417,1559,7.681110
2211,3353,7.681114
3702,4894,7.681114
2930,4072,7.681119
319,1461,7.681120
1810,2952,7.681121
2607,3799,7.681125
397,1539,7.681128
626,1768,7.681128
3641,4783,7.681130
281,1423,7.681130
1463,2605,7.681131
3646,4788,7.681136
1927,3069,7.681136
840,1982,7.681141
1855,3047,7.681141
3182,4324,7.681147
2476,3618,7.681152
3192,4334,7.681152
487,1629,7.681155
379,1521,7.681157
750,1942,7.681160
897,2039,7.681160
2460,3602,7.681167
757,1949,7.681167
577,1719,7.681169
667,1809,7.681171
3120,4262,7.681176
3319,4461,7.681177
2932,4074,7.681177
103,3960,7.681178
979,2121,7.681181
134,3991,7.681182
2747,3889,7.681187
845,4652,7.681191
923,4780,7.681194
124,3981,7.681196
588,4445,7.681203
271,4128,7.681205
706,4563,7.681205
589,1731,7.681206
2989,4131,7.681206
2226,3368,7.681207
722,4579,7.681207
2510,3652,7.681208
637,4494,7.681213
2609,3751,7.681215
463,1605,7.681223
203,4060,7.681239
1837,2979,7.681239
1257,2449,7.681252
503,1695,7.681258
930,2072,7.681264
2837,3979,7.681265
2200,3392,7.681266
3710,4852,7.681274
2718,3860,7.681276
348,1490,7.681276
2340,3482,7.681277
243,4050,7.681280
3076,4218,7.681307
1172,2314,7.681314
1151,2343,7.681315
2857,4049,7.681316
3133,4275,7.681320
2004,3196,7.681329
1553,2745,7.681333
2430,3572,7.681334
323,4180,7.681336
2079,3221,7.681344
39,3896,7.681345
478,1620,7.681349
1397,2539,7.681351
388,4245,7.681358
2927,4069,7.681363
748,4555,7.681366
369,4226,7.681367
7,3864,7.681368
1020,2162,7.681371
915,4772,7.681374
116,3973,7.681376
1747,2889,7.681386
3283,4425,7.681390
2701,3893,7.681391
2370,3512,7.681400
499,4306,7.681411
1902,3094,7.681414
1268,2410,7.681416
3672,4814,7.681417
1394,2536,7.681445
1840,2982,7.681447
1484,2626,7.681450
1110,2252,7.681457
667,4524,7.681458
1254,2446,7.681467
3193,4335,7.681470
3328,4470,7.681475
1574,2716,7.681477
1778,2920,7.681478
2316,3458,7.681481
3017,4159,7.681485
670,1812,7.681486
3329,4471,7.681488
752,4609,7.681490
1700,2892,7.681501
1487,2629,7.681505
2025,3167,7.681507
3842,4984,7.681512
1164,2306,7.681517
1200,2392,7.681521
1693,2835,7.681527
1664,2806,7.681528
1703,2895,7.681529
2349,3491,7.681531
2254,3446,7.681531
3065,4207,7.681544
1610,2752,7.681544
1226,2368,7.681547
3079,4221,7.681548
3275,4417,7.681557
1340,2482,7.681561
1613,2755,7.681561
1520,2662,7.681570
2058,3200,7.681572
2786,3928,7.681576
3527,4669,7.681576
1430,2572,7.681577
843,1985,7.681577
1607,2799,7.681585
869,4726,7.681586
760,1902,7.681594
1143,4950,7.681595
1103,2295,7.681596
2911,4053,7.681597
1074,2216,7.681601
62,3919,7.681601
1754,2946,7.681602
404,1596,7.681613
1843,2985,7.681617
3819,4961,7.681622
3010,4152,7.681625
969,4826,7.681627
1832,2974,7.681631
409,1551,7.681636
3107,4299,7.681636
2696,3838,7.681638
2876,4018,7.681649
3764,4906,7.681655
570,4427,7.681655
2277,3419,7.681656
3606,4798,7.681659
1045,4852,7.681665
46,3853,7.681680
691,4548,7.681683
52,3909,7.681690
2878,4020,7.681692
1523,2665,7.681694
3043,4185,7.681696
1894,3036,7.681701
936,2078,7.681705
1783,2925,7.681706
3729,4871,7.681707
2280,3422,7.681712
813,1955,7.681716
2077,3219,7.681718
984,2126,7.681723
1068,2210,7.681725
1135,4992,7.681737
1969,3111,7.681743
3064,4206,7.681745
760,4617,7.681748
2406,3598,7.681756
2949,4091,7.681757
905,4762,7.681764
3118,4260,7.681765
258,4115,7.681778
3695,4837,7.681782
3002,4194,7.681783
2195,3337,7.681785
373,1515,7.681788
1026,2168,7.681793
2274,3416,7.681799
1131,4988,7.681801
3066,4208,7.681803
846,1988,7.681808
3756,4948,7.681809
1876,3018,7.681812
2556,3748,7.681813
1456,2648,7.681818
3781,4923,7.681825
1984,3126,7.681829
228,4085,7.681830
850,2042,7.681830
959,4816,7.681834
1879,3021,7.681839
1933,3075,7.681847
1517,2659,7.681849
838,4695,7.681850
288,4145,7.681851
2912,4054,7.681857
544,1686,7.681861
2059,3201,7.681861
279,4136,7.681862
3731,4873,7.681863
1873,3015,7.681864
138,3995,7.681867
29,1171,7.681875
3063,4205,7.681875
471,1613,7.681879
2966,4108,7.681883
1062,2204,7.681887
119,1261,7.681892
894,2036,7.681892
888,4745,7.681894
325,4182,7.681897
2422,3564,7.681899
524,1666,7.681902
3169,4311,7.681903
1441,2583,7.681904
1913,3055,7.681905
2842,3984,7.681914
2145,3287,7.681914
1262,2404,7.681914
578,1720,7.681918
3639,4781,7.681921
925,2067,7.681925
680,1822,7.681933
192,4049,7.681936
75,3932,7.681940
3142,4284,7.681945
3807,4999,7.681954
3178,4320,7.681966
1152,2344,7.681977
2213,3355,7.681977
264,4121,7.681988
1104,4961,7.681989
2074,3216,7.681990
1963,3105,7.681995
155,1347,7.682001
1542,2684,7.682002
3088,4230,7.682006
83,1225,7.682007
815,4672,7.682010
727,4584,7.682015
1342,2484,7.682019
2546,3688,7.682021
3552,4744,7.682029
1489,2631,7.682030
2693,3835,7.682034
224,4081,7.682038
2005,3197,7.682039
443,1585,7.682045
2374,3516,7.682046
189,4046,7.682052
1324,2466,7.682053
318,4175,7.682054
354,4211,7.682058
1238,2380,7.682060
603,4460,7.682062
2649,3791,7.682064
2181,3323,7.682065
1003,4860,7.682066
541,1683,7.682068
834,4691,7.682069
1721,2863,7.682073
662,4519,7.682074
706,1898,7.682076
271,1413,7.682077
972,2114,7.682078
1989,3131,7.682080
3338,4480,7.682081
2466,3608,7.682082
401,1593,7.682083
857,2049,7.682083
631,1773,7.682087
1322,2464,7.682088
1821,2963,7.682088
3214,4356,7.682089
1148,2290,7.682096
2053,3245,7.682097
2235,3377,7.682097
1116,2258,7.682100
1081,4938,7.682113
754,1946,7.682115
2190,3332,7.682117
2553,3745,7.682118
1789,2931,7.682119
1360,2502,7.682120
3727,4869,7.682123
135,1277,7.682128
2740,3882,7.682131
2185,3327,7.682132
311,1453,7.682132
241,1383,7.682133
48,3855,7.682134
1121,4978,7.682135
2822,3964,7.682138
721,1863,7.682138
438,1580,7.682142
1931,3073,7.682142
300,4157,7.682143
1597,2739,7.682160
65,1207,7.682163
2193,3335,7.682166
703,4560,7.682170
2463,3605,7.682176
2271,3413,7.682183
2217,3359,7.682183
634,1776,7.682184
2903,4095,7.682185
440,4297,7.682188
2164,3306,7.682189
1125,2267,7.682189
1427,2569,7.682189
2115,3257,7.682192
209,1351,7.682196
3574,4716,7.682197
2283,3425,7.682202
295,1437,7.682205
2373,3515,7.682205
549,1691,7.682209
1274,2416,7.682212
313,4170,7.682213
990,2132,7.682216
1099,4906,7.682217
3124,4266,7.682219
221,1363,7.682220
2199,3341,7.682220
337,1479,7.682221
811,1953,7.682222
1569,2711,7.682223
1184,2326,7.682223
942,2084,7.682225
507,1699,7.682229
386,4243,7.682232
1291,2433,7.682240
3549,4691,7.682241
2023,3165,7.682244
3250,4442,7.682246
16,3873,7.682250
1321,2463,7.682250
174,4031,7.682252
3259,4401,7.682259
80,1222,7.682261
3268,4410,7.682266
2636,3778,7.682267
2177,3319,7.682274
1220,2362,7.682277
403,1595,7.682279
2300,3492,7.682283
1731,2873,7.682283
1136,2278,7.682285
277,1419,7.682289
3160,4302,7.682297
3056,4248,7.682300
846,4653,7.682302
1533,2675,7.682305
2144,3286,7.682308
3263,4405,7.682311
213,4070,7.682317
3246,4388,7.682319
3716,4858,7.682327
2253,3445,7.682339
3800,4992,7.682340
2091,3233,7.682341
901,2093,7.682341
479,4336,7.682341
2997,4139,7.682342
101,1293,7.682343
1224,2366,7.682348
2998,4140,7.682349
131,1273,7.682352
223,1365,7.682358
187,1329,7.682358
657,4514,7.682360
3582,4724,7.682361
72,1214,7.682368
928,4785,7.682369
3232,4374,7.682374
1657,2849,7.682374
725,4582,7.682377
1292,2434,7.682382
331,1473,7.682383
165,4022,7.682383
282,4139,7.682385
3304,4496,7.682388
36,1178,7.682388
399,1541,7.682396
422,4279,7.682399
2249,3391,7.682401
2307,3499,7.682401
664,1806,7.682402
743,4550,7.682403
2163,3305,7.682404
3666,4808,7.682411
967,2109,7.682421
1328,2470,7.682423
90,1232,7.682429
332,4189,7.682434
805,1997,7.682437
476,4333,7.682440
1915,3057,7.682441
1166,2308,7.682451
2127,3269,7.682457
668,4525,7.682457
2968,4110,7.682461
1256,2448,7.682472
1643,2785,7.682483
616,1758,7.682484
1376,2518,7.682486
2726,3868,7.682489
1008,2150,7.682491
2076,3218,7.682496
1310,2452,7.682496
1041,2183,7.682497
494,4301,7.682498
173,1315,7.682502
2531,3673,7.682511
882,2024,7.682519
210,4067,7.682520
716,1858,7.682524
41,1183,7.682532
283,1425,7.682533
3651,4843,7.682533
3030,4172,7.682547
1785,2927,7.682549
296,4103,7.682552
1699,2841,7.682558
408,4265,7.682570
3336,4478,7.682574
991,4848,7.682575
1352,2544,7.682579
2222,3364,7.682583
3138,4280,7.682583
2732,3874,7.682597
3765,4907,7.682602
3399,4541,7.682605
2829,3971,7.682610
1337,2479,7.682618
958,4815,7.682622
1130,2272,7.682624
2325,3467,7.682625
316,4173,7.682626
2050,3242,7.682630
61,1203,7.682636
235,4092,7.682641
3409,4551,7.682648
260,4117,7.682653
3084,4226,7.682653
1117,4974,7.682654
1206,2398,7.682656
2738,3880,7.682657
17,1159,7.682660
3453,4645,7.682665
3106,4298,7.682667
2763,3905,7.682672
313,1455,7.682677
2109,3251,7.682677
2816,3958,7.682679
1267,2409,7.682684
133,1275,7.682684
2087,3229,7.682687
1094,2236,7.682689
1115,2257,7.682690
1131,2273,7.682694
530,4387,7.682697
1364,2506,7.682697
1003,2195,7.682709
3821,4963,7.682715
2555,3747,7.682718
1132,4989,7.682719
480,1622,7.682728
3390,4532,7.682728
2361,3503,7.682732
1303,2495,7.682733
3034,4176,7.682736
1968,3110,7.682737
1004,2196,7.682741
2721,3863,7.682744
2386,3528,7.682749
47,1189,7.682756
574,1716,7.682763
3636,4778,7.682767
1093,4900,7.682769
1080,2222,7.682775
106,3963,7.682776
345,1487,7.682784
367,1509,7.682790
3174,4316,7.682791
3563,4705,7.682793
2431,3573,7.682796
1005,4862,7.682797
361,4218,7.682800
1144,2286,7.682800
2813,3955,7.682806
385,1527,7.682810
84,3941,7.682815
349,1491,7.682820
824,1966,7.682822
639,1781,7.682823
2821,3963,7.682825
833,4690,7.682826
1889,3031,7.682827
572,4429,7.682827
569,1711,7.682827
255,4112,7.682828
946,2088,7.682830
2113,3255,7.682832
2906,4098,7.682833
3070,4212,7.682835
635,4492,7.682845
170,4027,7.682847
2289,3431,7.682852
951,4808,7.682864
2729,3871,7.682877
26,3883,7.682879
2393,3535,7.682883
977,2119,7.682888
3546,4688,7.682892
8,3865,7.682895
2702,3894,7.682896
740,4597,7.682899
1018,4875,7.682906
830,4687,7.682907
2778,3920,7.682910
867,2009,7.682911
934,4791,7.682926
3196,4338,7.682928
3489,4631,7.682930
250,1442,7.682933
600,4457,7.682934
2832,3974,7.682935
1221,2363,7.682938
3358,4500,7.682941
752,1944,7.682943
1145,4952,7.682947
3721,4863,7.682947
3046,4188,7.682948
817,4674,7.682948
97,1239,7.682950
2205,3397,7.682950
920,4777,7.682957
3674,4816,7.682957
2858,4000,7.682962
1691,2833,7.682963
1997,3139,7.682965
803,1995,7.682969
11,1153,7.682970
1951,3143,7.682971
702,4559,7.682972
748,1890,7.682977
1835,2977,7.682980
3406,4598,7.682984
371,1513,7.682996
1077,4934,7.683005
753,4610,7.683007
526,1668,7.683007
3837,4979,7.683008
512,4369,7.683013
510,4367,7.683014
3136,4278,7.683020
1759,2901,7.683024
3385,4527,7.683026
2073,3215,7.683029
554,1746,7.683032
151,1343,7.683033
152,4009,7.683036
3052,4244,7.683037
2922,4064,7.683037
3316,4458,7.683037
1899,3041,7.683047
1010,4867,7.683048
3226,4368,7.683050
2231,3373,7.683051
3523,4665,7.683051
2634,3776,7.683054
2653,3845,7.683063
372,4229,7.683066
242,4099,7.683069
1076,2218,7.683070
953,4810,7.683071
3308,4450,7.683082
3667,4809,7.683085
1825,2967,7.683086
1042,2184,7.683089
3792,4934,7.683090
807,4664,7.683093
947,4754,7.683099
2436,3578,7.683100
2580,3722,7.683101
3322,4464,7.683101
609,4466,7.683103
2239,3381,7.683103
3020,4162,7.683103
389,1531,7.683125
1559,2701,7.683130
3607,4799,7.683131
1745,2887,7.683132
421,1563,7.683134
1493,2635,7.683136
1382,2524,7.683136
670,4527,7.683137
420,4277,7.683142
1067,4924,7.683142
1349,2491,7.683148
1247,2389,7.683151
677,4534,7.683153
528,1670,7.683153
3444,4586,7.683154
806,1998,7.683155
3775,4917,7.683156
2447,3589,7.683156
892,2034,7.683159
1547,2689,7.683162
2597,3739,7.683163
1113,4970,7.683163
3379,4521,7.683164
3117,4259,7.683164
625,4482,7.683166
3576,4718,7.683173
2096,3238,7.683176
792,1934,7.683177
2037,3179,7.683181
1100,4957,7.683183
356,1548,7.683184
212,1354,7.683196
2642,3784,7.683208
918,2060,7.683209
2292,3434,7.683210
484,1626,7.683212
3365,4507,7.683213
566,4423,7.683220
1418,2560,7.683222
3579,4721,7.683228
912,2054,7.683228
851,4708,7.683231
1311,2453,7.683237
3156,4348,7.683238
1046,2188,7.683241
1155,2347,7.683242
3675,4817,7.683242
411,4268,7.683245
267,4124,7.683249
3577,4719,7.683251
263,1405,7.683251
1637,2779,7.683253
410,1552,7.683257
395,4202,7.683263
68,1210,7.683267
2724,3866,7.683267
1960,3102,7.683267
500,1692,7.683272
3239,4381,7.683275
879,4736,7.683277
120,3977,7.683281
1868,3010,7.683288
1775,2917,7.683289
1979,3121,7.683290
150,4007,7.683291
1492,2634,7.683291
123,3980,7.683296
2940,4082,7.683311
3058,4200,7.683314
2002,3194,7.683317
555,4412,7.683318
3037,4179,7.683320
1356,2548,7.683322
330,4187,7.683323
3181,4323,7.683325
1381,2523,7.683326
3811,4953,7.683326
465,4322,7.683327
1400,2592,7.683327
584,4441,7.683346
608,1750,7.683347
1434,2576,7.683348
933,2075,7.683353
156,4013,7.683356
1066,4923,7.683364
98,1240,7.683365
381,1523,7.683368
3235,4377,7.683369
525,4382,7.683375
1011,2153,7.683377
1098,2240,7.683377
2148,3290,7.683383
350,4207,7.683386
3219,4361,7.683389
35,3892,7.683389
3325,4467,7.683391
545,4352,7.683391
2490,3632,7.683396
2303,3495,7.683401
3581,4723,7.683407
548,4355,7.683413
2688,3830,7.683431
3594,4736,7.683432
1288,2430,7.683432
2094,3236,7.683434
1027,4884,7.683437
863,4720,7.683447
1091,4948,7.683448
1108,4965,7.683448
1532,2674,7.683453
729,1871,7.683460
2234,3376,7.683463
246,4053,7.683467
137,1279,7.683474
3548,4690,7.683481
193,1335,7.683481
3426,4568,7.683482
861,4718,7.683489
1040,2182,7.683489
1346,2488,7.683489
3669,4811,7.683489
2411,3553,7.683493
2238,3380,7.683494
3237,4379,7.683506
694,1836,7.683508
749,4556,7.683509
1799,2941,7.683510
1353,2545,7.683511
613,4470,7.683516
1450,2642,7.683521
3354,4546,7.683522
188,4045,7.683529
1170,2312,7.683530
2415,3557,7.683534
1468,2610,7.683547
3469,4611,7.683550
663,4520,7.683554
1781,2923,7.683554
3087,4229,7.683560
240,4097,7.683564
954,2146,7.683568
689,1831,7.683570
3016,4158,7.683573
2723,3865,7.683578
1954,3146,7.683581
3252,4444,7.683586
2663,3805,7.683587
266,1408,7.683589
2838,3980,7.683590
2019,3161,7.683592
647,1789,7.683597
188,1330,7.683597
2512,3654,7.683599
914,2056,7.683602
171,1313,7.683602
2944,4086,7.683602
634,4491,7.683604
43,1185,7.683607
83,3940,7.683616
3091,4233,7.683619
436,1578,7.683623
321,4178,7.683625
936,4793,7.683629
2382,3524,7.683632
490,4347,7.683634
2203,3395,7.683636
1101,2293,7.683641
3801,4993,7.683641
660,4517,7.683651
3747,4889,7.683653
1234,2376,7.683654
1036,2178,7.683654
2868,4010,7.683661
54,3911,7.683662
1786,2928,7.683675
485,4342,7.683678
405,4262,7.683683
525,1667,7.683683
804,1996,7.683699
1551,2743,7.683708
3759,4901,7.683710
620,4477,7.683712
777,4634,7.683716
2485,3627,7.683716
1331,2473,7.683718
1454,2646,7.683723
3152,4344,7.683729
3433,4575,7.683732
1743,2885,7.683737
590,1732,7.683749
464,1606,7.683755
2451,3643,7.683755
1295,2437,7.683758
394,1536,7.683760
2345,3487,7.683764
482,4339,7.683771
2756,3948,7.683780
3480,4622,7.683788
2379,3521,7.683788
3286,4428,7.683794
414,4271,7.683795
1263,2405,7.683800
439,1581,7.683800
1107,2299,7.683803
1469,2611,7.683810
435,1577,7.683811
2768,3910,7.683813
2980,4122,7.683818
1015,2157,7.683819
320,1462,7.683822
424,4281,7.683826
1407,2599,7.683826
291,1433,7.683827
3631,4773,7.683839
148,3955,7.683845
3613,4755,7.683845
2206,3398,7.683847
2062,3204,7.683855
3264,4406,7.683858
475,1617,7.683858
2167,3309,7.683864
3005,4197,7.683865
893,4700,7.683865
632,4489,7.683867
1467,2609,7.683868
2346,3488,7.683868
100,3957,7.683872
646,1788,7.683874
2947,4089,7.683878
2526,3668,7.683881
42,3899,7.683884
278,1420,7.683885
1431,2573,7.683886
1078,2220,7.683896
724,4581,7.683903
3804,4996,7.683904
457,1649,7.683906
199,4006,7.683908
773,4630,7.683908
1119,2261,7.683913
519,4376,7.683915
813,4670,7.683918
1861,3003,7.683918
2874,4016,7.683927
940,4797,7.683928
662,1804,7.683933
3744,4886,7.683937
158,1300,7.683939
3604,4796,7.683942
141,3998,7.683942
1735,2877,7.683943
2861,4003,7.683946
2502,3694,7.683946
838,1980,7.683946
1209,2351,7.683950
177,4034,7.683950
1659,2801,7.683953
597,1739,7.683957
3199,4341,7.683964
2350,3542,7.683968
1439,2581,7.683969
1063,4920,7.683976
122,1264,7.683977
2742,3884,7.683978
1540,2682,7.683978
56,1248,7.683981
3834,4976,7.683983
907,4764,7.683987
3172,4314,7.683994
542,4399,7.683994
3514,4656,7.683999
796,4603,7.684000
462,4319,7.684008
132,3989,7.684009
741,1883,7.684017
580,4437,7.684018
1149,4956,7.684021
652,1844,7.684024
3585,4727,7.684027
3498,4640,7.684029
1582,2724,7.684032
176,1318,7.684039
2664,3806,7.684046
1870,3012,7.684048
1918,3060,7.684053
761,4618,7.684053
575,4432,7.684062
2483,3625,7.684062
3694,4836,7.684068
402,4259,7.684075
172,1314,7.684078
67,3924,7.684080
222,4079,7.684083
1084,4941,7.684087
2600,3792,7.684087
162,4019,7.684088
1925,3067,7.684102
3227,4369,7.684102
1378,2520,7.684103
819,1961,7.684105
312,4169,7.684105
3660,4802,7.684106
2011,3153,7.684112
3424,4566,7.684112
302,1494,7.684116
3486,4628,7.684116
2710,3852,7.684118
959,2101,7.684119
950,4807,7.684127
93,1235,7.684130
513,1655,7.684133
1767,2909,7.684143
1025,2167,7.684149
3653,4845,7.684150
285,4142,7.684151
3412,4554,7.684160
1857,3049,7.684162
3592,4734,7.684163
2544,3686,7.684165
1983,3125,7.684169
1684,2826,7.684172
3343,4485,7.684182
498,1640,7.684186
642,4499,7.684188
1141,4998,7.684197
3638,4780,7.684206
1056,4913,7.684209
828,1970,7.684215
975,2117,7.684227
157,4014,7.684230
3198,4340,7.684230
217,4074,7.684230
375,4232,7.684234
368,1510,7.684235
789,4646,7.684239
3131,4273,7.684239
2962,4104,7.684247
10,3867,7.684254
102,3959,7.684257
33,3890,7.684267
1878,3020,7.684270
3128,4270,7.684271
18,1160,7.684275
2717,3859,7.684276
1472,2614,7.684277
3334,4476,7.684282
986,2128,7.684282
2670,3812,7.684283
618,1760,7.684283
353,1545,7.684284
2703,3895,7.684288
146,3953,7.684290
1760,2902,7.684291
885,2027,7.684299
2188,3330,7.684301
3664,4806,7.684303
1443,2585,7.684303
1583,2725,7.684310
346,1488,7.684311
1947,3089,7.684313
178,4035,7.684324
3289,4431,7.684324
3757,4949,7.684325
602,4459,7.684326
162,1304,7.684329
357,4214,7.684330
3494,4636,7.684336
3696,4838,7.684337
336,4193,7.684343
817,1959,7.684344
3110,4252,7.684349
3012,4154,7.684351
717,4574,7.684357
3127,4269,7.684361
2674,3816,7.684362
2122,3264,7.684363
24,1166,7.684367
961,2103,7.684371
1120,4977,7.684376
378,1520,7.684385
30,3887,7.684386
2627,3769,7.684392
227,1369,7.684396
943,4750,7.684402
496,1638,7.684403
86,1228,7.684406
665,4522,7.684407
2152,3344,7.684410
1245,2387,7.684415
638,4495,7.684418
254,1446,7.684423
1065,2207,7.684427
511,1653,7.684429
3534,4676,7.684431
297,4104,7.684435
782,4639,7.684436
906,2098,7.684439
292,4149,7.684443
1037,4894,7.684443
2731,3873,7.684444
1016,4873,7.684448
2321,3463,7.684450
589,4446,7.684451
576,1718,7.684458
775,4632,7.684460
3487,4629,7.684464
32,1174,7.684467
429,4286,7.684467
683,4540,7.684468
937,4794,7.684479
1605,2797,7.684488
2910,4052,7.684491
2537,3679,7.684492
196,1338,7.684493
1508,2650,7.684500
1519,2661,7.684500
3689,4831,7.684507
1260,2402,7.684509
1774,2916,7.684511
198,1340,7.684511
3244,4386,7.684516
1904,3096,7.684521
2633,3775,7.684521
1141,2283,7.684529
3502,4694,7.684531
1334,2476,7.684536
397,4204,7.684537
1471,2613,7.684544
2890,4032,7.684545
3685,4827,7.684560
501,4358,7.684568
1379,2521,7.684577
1828,2970,7.684578
252,1444,7.684584
583,1725,7.684585
2462,3604,7.684586
2084,3226,7.684588
1017,2159,7.684592
2695,3837,7.684593
2746,3888,7.684598
66,3923,7.684600
73,3930,7.684603
3261,4403,7.684604
2435,3577,7.684612
656,4513,7.684621
3571,4713,7.684622
3516,4658,7.684626
1436,2578,7.684632
1314,2456,7.684633
674,4531,7.684640
982,2124,7.684651
53,1245,7.684659
2540,3682,7.684663
2754,3946,7.684664
3584,4726,7.684673
3570,4712,7.684676
194,4001,7.684681
1820,2962,7.684684
2343,3485,7.684684
3833,4975,7.684686
3027,4169,7.684689
2559,3701,7.684692
387,4244,7.684700
3711,4853,7.684700
878,2020,7.684700
755,4612,7.684707
2318,3460,7.684714
3405,4597,7.684716
842,1984,7.684719
3777,4919,7.684722
2897,4039,7.684722
2856,4048,7.684727
1795,2937,7.684731
1029,2171,7.684731
1753,2945,7.684734
2773,3915,7.684735
2501,3693,7.684736
2894,4036,7.684738
909,2051,7.684743
976,4833,7.684748
1181,2323,7.684752
399,4206,7.684756
238,1380,7.684758
2324,3466,7.684765
231,4088,7.684774
905,2097,7.684779
2124,3266,7.684780
2804,3996,7.684781
1526,2668,7.684784
1672,2814,7.684785
2412,3554,7.684786
1243,2385,7.684787
437,4294,7.684797
451,4308,7.684805
831,1973,7.684810
2987,4129,7.684810
3617,4759,7.684811
3271,4413,7.684812
3632,4774,7.684813
3104,4296,7.684819
864,2006,7.684820
1727,2869,7.684821
1214,2356,7.684823
230,1372,7.684823
718,4575,7.684824
900,2092,7.684828
113,3970,7.684831
2689,3831,7.684833
433,1575,7.684837
573,4430,7.684837
640,1782,7.684837
3067,4209,7.684842
2800,3992,7.684844
2505,3697,7.684860
519,1661,7.684866
1375,2517,7.684867
678,4535,7.684867
2678,3820,7.684870
2210,3352,7.684870
3301,4493,7.684870
919,4776,7.684872
2027,3169,7.684878
2970,4112,7.684880
1746,2888,7.684886
2814,3956,7.684888
541,4398,7.684890
280,1422,7.684893
921,2063,7.684896
1616,2758,7.684903
1084,2226,7.684904
3793,4935,7.684910
56,3913,7.684913
810,1952,7.684915
2771,3913,7.684924
3748,4890,7.684924
3376,4518,7.684925
2708,3850,7.684932
392,4249,7.684932
3495,4637,7.684933
695,4502,7.684934
2573,3715,7.684934
153,4010,7.684937
1462,2604,7.684940
2811,3953,7.684941
3177,4319,7.684942
2308,3450,7.684943
1365,2507,7.684943
2296,3438,7.684948
1797,2939,7.684950
3296,4438,7.684951
895,4702,7.684955
1357,2549,7.684960
141,1283,7.684961
2069,3211,7.684967
3145,4287,7.684969
3251,4443,7.684970
753,1945,7.684970
422,1564,7.684970
2008,3150,7.684972
286,1428,7.684974
1049,4856,7.684974
3840,4982,7.684976
2358,3500,7.684978
1645,2787,7.684982
518,1660,7.684984
2926,4068,7.684989
1780,2922,7.684991
671,4528,7.685015
621,4478,7.685026
477,4334,7.685029
562,1704,7.685031
2469,3611,7.685033
98,3905,7.685037
479,1621,7.685041
2405,3597,7.685045
94,3901,7.685046
340,4197,7.685047
206,1398,7.685050
3616,4758,7.685055
432,1574,7.685063
1702,2894,7.685064
800,1992,7.685064
1146,4953,7.685065
2044,3186,7.685068
173,4030,7.685072
1095,4902,7.685078
2443,3585,7.685080
952,4809,7.685086
3039,4181,7.685090
3019,4161,7.685090
1929,3071,7.685094
720,1862,7.685104
2068,3210,7.685105
342,1484,7.685108
3535,4677,7.685108
1047,4854,7.685110
1105,2297,7.685112
3415,4557,7.685114
1415,2557,7.685119
1972,3114,7.685125
593,4400,7.685138
1081,2223,7.685140
1009,4866,7.685140
289,4146,7.685148
985,4842,7.685148
1771,2913,7.685148
2024,3166,7.685149
138,1280,7.685152
1026,4883,7.685152
2184,3326,7.685152
2598,3740,7.685155
1590,2732,7.685157
3204,4396,7.685163
673,1815,7.685163
529,1671,7.685170
1030,4887,7.685173
2751,3943,7.685177
2967,4109,7.685178
1280,2422,7.685180
3398,4540,7.685181
737,1879,7.685181
1793,2935,7.685184
337,4194,7.685184
3288,4430,7.685188
2661,3803,7.685197
3014,4156,7.685199
343,1485,7.685207
185,1327,7.685210
384,4241,7.685217
2891,4033,7.685217
164,1306,7.685217
1558,2700,7.685218
2592,3734,7.685219
1128,2270,7.685222
947,2089,7.685226
53,3910,7.685229
9,3866,7.685234
1796,2938,7.685237
552,4409,7.685238
3201,4393,7.685239
3298,4440,7.685242
1996,3138,7.685245
1173,2315,7.685251
2071,3213,7.685252
1422,2564,7.685253
759,1901,7.685253
771,4628,7.685254
3455,4647,7.685255
3396,4538,7.685263
710,4567,7.685275
2571,3713,7.685280
926,4783,7.685281
1075,4932,7.685282
2686,3828,7.685282
232,1374,7.685283
374,1516,7.685283
3687,4829,7.685285
1175,2317,7.685285
2305,3497,7.685287
2591,3733,7.685292
472,1614,7.685295
431,4288,7.685297
1046,4853,7.685300
631,4488,7.685301
1630,2772,7.685304
2118,3260,7.685305
39,1181,7.685308
2261,3403,7.685308
2258,3400,7.685314
203,1395,7.685316
2981,4123,7.685317
973,4830,7.685320
777,1919,7.685321
3345,4487,7.685327
2736,3878,7.685332
3474,4616,7.685332
1594,2736,7.685334
3714,4856,7.685336
3591,4733,7.685337
3061,4203,7.685341
484,4341,7.685347
1362,2504,7.685351
23,1165,7.685355
581,4438,7.685356
978,4835,7.685357
1649,2791,7.685357
1049,2191,7.685361
113,1255,7.685366
1285,2427,7.685369
2352,3544,7.685375
1886,3028,7.685377
1051,2243,7.685378
3200,4392,7.685381
1663,2805,7.685381
2328,3470,7.685388
565,1707,7.685388
847,1989,7.685391
3629,4771,7.685391
197,4004,7.685393
34,1176,7.685395
1710,2852,7.685399
461,1603,7.685399
1289,2431,7.685408
1315,2457,7.685411
376,1518,7.685414
2923,4065,7.685415
1890,3032,7.685420
2481,3623,7.685426
567,4424,7.685429
426,4283,7.685429
419,1561,7.685434
1409,2551,7.685439
1332,2474,7.685447
1004,4861,7.685452
2098,3240,7.685458
784,1926,7.685461
1140,4997,7.685461
839,4696,7.685464
650,1842,7.685471
1296,2438,7.685472
872,4729,7.685473
738,1880,7.685473
2525,3667,7.685478
3165,4307,7.685479
3071,4213,7.685480
1318,2460,7.685485
413,1555,7.685487
2174,3316,7.685493
868,2010,7.685494
751,1943,7.685499
1790,2932,7.685503
2365,3507,7.685505
708,1850,7.685508
3679,4821,7.685509
1864,3006,7.685510
564,1706,7.685516
763,4620,7.685520
466,1608,7.685521
699,4506,7.685521
715,4572,7.685523
1507,2699,7.685523
656,1848,7.685523
372,1514,7.685529
3677,4819,7.685534
927,2069,7.685535
1762,2904,7.685535
618,4475,7.685536
2450,3642,7.685539
1744,2886,7.685544
285,1427,7.685545
941,2083,7.685546
317,1459,7.685547
1871,3013,7.685555
1958,3100,7.685556
2734,3876,7.685558
3559,4701,7.685561
3443,4585,7.685566
3588,4730,7.685568
117,1259,7.685579
3545,4687,7.685583
1632,2774,7.685584
2915,4057,7.685587
382,1524,7.685590
1791,2933,7.685593
99,1241,7.685598
87,3944,7.685601
2687,3829,7.685602
2029,3171,7.685603
529,4386,7.685603
2972,4114,7.685606
1086,2228,7.685608
2951,4143,7.685614
58,3915,7.685617
143,1285,7.685622
1980,3122,7.685628
3817,4959,7.685631
493,1635,7.685633
2733,3875,7.685635
1001,4858,7.685636
848,1990,7.685638
727,1869,7.685638
2391,3533,7.685641
342,4199,7.685643
1884,3026,7.685647
2833,3975,7.685647
768,4625,7.685649
330,1472,7.685650
2543,3685,7.685657
3532,4674,7.685657
2602,3794,7.685660
802,1994,7.685662
2924,4066,7.685665
571,4428,7.685669
3630,4772,7.685672
2228,3370,7.685673
3206,4398,7.685673
516,1658,7.685676
679,4536,7.685678
375,1517,7.685691
1126,2268,7.685693
2606,3798,7.685704
2322,3464,7.685704
1273,2415,7.685706
3161,4303,7.685707
1895,3037,7.685712
2263,3405,7.685712
878,4735,7.685712
765,4622,7.685714
855,4712,7.685718
832,1974,7.685719
1461,2603,7.685719
903,4760,7.685725
371,4228,7.685736
687,1829,7.685737
1350,2542,7.685737
108,1250,7.685740
847,4654,7.685746
2116,3258,7.685748
1111,4968,7.685749
284,4141,7.685751
716,4573,7.685753
2958,4100,7.685754
216,4073,7.685755
2472,3614,7.685756
2638,3780,7.685757
1320,2462,7.685759
2827,3969,7.685763
1241,2383,7.685769
3428,4570,7.685770
2216,3358,7.685772
1228,2370,7.685773
1893,3035,7.685779
615,1757,7.685782
3676,4818,7.685787
3797,4939,7.685797
2589,3731,7.685798
1317,2459,7.685801
1488,2630,7.685809
1807,2999,7.685813
377,1519,7.685814
735,1877,7.685815
800,4657,7.685815
3485,4627,7.685830
3786,4928,7.685833
82,1224,7.685833
704,1896,7.685834
1562,2704,7.685839
517,1659,7.685846
414,1556,7.685847
3159,4301,7.685848
1459,2601,7.685852
3041,4183,7.685858
1325,2467,7.685859
1811,2953,7.685860
1561,2703,7.685869
1037,2179,7.685873
3691,4833,7.685875
576,4433,7.685878
3770,4912,7.685896
1720,2862,7.685905
3776,4918,7.685906
2552,3744,7.685909
225,1367,7.685912
574,4431,7.685928
2251,3443,7.685930
712,4569,7.685930
3541,4683,7.685932
3355,4547,7.685933
1480,2622,7.685933
453,4310,7.685934
295,4102,7.685934
2423,3565,7.685934
537,1679,7.685935
3366,4508,7.685936
736,4593,7.685938
452,4309,7.685940
3769,4911,7.685941
3600,4792,7.685943
253,1445,7.685945
566,1708,7.685947
1139,2281,7.685948
2657,3849,7.685949
12,3869,7.685950
1460,2602,7.685951
3490,4632,7.685951
1246,2388,7.685952
1697,2839,7.685957
3597,4739,7.685957
1714,2856,7.685958
3621,4763,7.685958
762,4619,7.685959
1646,2788,7.685959
2189,3331,7.685961
1041,4898,7.685961
771,1913,7.685968
3132,4274,7.685971
970,4827,7.685980
2209,3351,7.685982
218,4075,7.685983
935,2077,7.685989
27,3884,7.685995
19,1161,7.685996
2433,3575,7.686004
2021,3163,7.686009
962,2104,7.686011
2941,4083,7.686011
2542,3684,7.686013
2410,3552,7.686014
3171,4313,7.686020
388,1530,7.686021
1905,3097,7.686027
96,1238,7.686029
1998,3140,7.686029
2171,3313,7.686031
2547,3689,7.686033
814,4671,7.686034
3439,4581,7.686037
896,2038,7.686039
2872,4014,7.686042
856,4713,7.686044
2898,4040,7.686044
1670,2812,7.686047
2402,3594,7.686050
1005,2197,7.686050
1385,2527,7.686056
614,1756,7.686060
572,1714,7.686062
3841,4983,7.686063
2403,3595,7.686067
3626,4768,7.686069
238,4095,7.686072
3599,4741,7.686072
62,1204,7.686072
927,4784,7.686083
3682,4824,7.686087
488,1630,7.686089
1105,4962,7.686091
2640,3782,7.686093
471,4328,7.686093
261,4118,7.686097
2588,3730,7.686103
3728,4870,7.686103
728,1870,7.686104
1690,2832,7.686117
2294,3436,7.686117
1,3858,7.686118
1554,2746,7.686123
3175,4317,7.686124
1671,2813,7.686127
3593,4735,7.686127
1039,2181,7.686133
257,4114,7.686139
653,1845,7.686139
556,1748,7.686141
1515,2657,7.686149
563,1705,7.686151
450,1642,7.686151
2614,3756,7.686151
94,1236,7.686151
750,4607,7.686152
2232,3374,7.686153
307,4164,7.686154
2475,3617,7.686155
74,1216,7.686158
2268,3410,7.686162
426,1568,7.686162
2496,3638,7.686168
3378,4520,7.686170
1505,2697,7.686174
3557,4749,7.686176
2785,3927,7.686179
2414,3556,7.686188
58,1200,7.686189
3703,4895,7.686190
2826,3968,7.686192
3488,4630,7.686195
862,4719,7.686198
693,4500,7.686202
983,4840,7.686202
1788,2930,7.686207
657,1849,7.686208
1509,2651,7.686209
728,4585,7.686214
2807,3999,7.686217
1599,2741,7.686219
2458,3600,7.686221
611,1753,7.686222
2683,3825,7.686223
2834,3976,7.686226
494,1636,7.686229
886,4743,7.686232
2714,3856,7.686237
1001,2193,7.686242
2843,3985,7.686242
3583,4725,7.686242
1982,3124,7.686247
1437,2579,7.686258
3624,4766,7.686261
1842,2984,7.686262
2309,3451,7.686262
1852,3044,7.686267
2995,4137,7.686267
3395,4537,7.686270
1609,2751,7.686277
1199,2341,7.686283
2616,3758,7.686286
2380,3522,7.686287
3540,4682,7.686292
1137,4994,7.686293
1648,2790,7.686296
2161,3303,7.686297
1994,3136,7.686297
3401,4593,7.686300
127,3984,7.686312
1503,2695,7.686313
601,1793,7.686315
3059,4201,7.686317
3323,4465,7.686318
3114,4256,7.686320
1678,2820,7.686322
928,2070,7.686325
105,1297,7.686328
2621,3763,7.686331
810,4667,7.686331
252,4109,7.686334
1142,4999,7.686335
852,4709,7.686340
3564,4706,7.686341
2615,3757,7.686344
409,4266,7.686350
899,2041,7.686351
3466,4608,7.686352
650,4507,7.686352
619,1761,7.686356
2284,3426,7.686356
2937,4079,7.686356
1506,2698,7.686362
423,1565,7.686364
1366,2508,7.686366
451,1643,7.686366
622,4479,7.686367
3386,4528,7.686368
3391,4533,7.686370
2925,4067,7.686370
3536,4678,7.686373
1444,2586,7.686382
210,1352,7.686382
537,4394,7.686383
2593,3735,7.686383
1600,2792,7.686387
2260,3402,7.686392
1740,2882,7.686394
119,3976,7.686396
3033,4175,7.686399
2387,3529,7.686400
1062,4919,7.686400
669,4526,7.686405
774,1916,7.686405
2090,3232,7.686407
863,2005,7.686410
696,1838,7.686415
1153,2345,7.686416
23,3880,7.686418
3330,4472,7.686419
764,4621,7.686421
1147,2289,7.686421
1806,2998,7.686425
2377,3519,7.686427
818,4675,7.686428
1361,2503,7.686430
418,1560,7.686434
2304,3496,7.686436
416,4273,7.686441
154,1346,7.686441
2739,3881,7.686443
606,1798,7.686446
2799,3941,7.686447
1098,4905,7.686447
617,4474,7.686448
3724,4866,7.686448
2146,3288,7.686451
3297,4439,7.686453
3267,4409,7.686459
293,4100,7.686462
217,1359,7.686465
353,4210,7.686467
338,1480,7.686471
1883,3025,7.686471
560,1702,7.686472
3531,4673,7.686472
3742,4884,7.686475
298,1440,7.686476
2276,3418,7.686477
383,4240,7.686480
966,4823,7.686483
1453,2645,7.686484
2446,3588,7.686484
510,1652,7.686484
3389,4531,7.686484
709,4566,7.686485
475,4332,7.686485
685,4542,7.686485
3623,4765,7.686485
276,1418,7.686485
2680,3822,7.686486
3089,4231,7.686486
1219,2361,7.686486
1737,2879,7.686487
2162,3304,7.686487
794,1936,7.686488
2641,3783,7.686489
3105,4297,7.686489
993,4800,7.686490
241,4098,7.686490
1160,2302,7.686491
0,3857,7.686492
42,1184,7.686492
1529,2671,7.686492
2545,3687,7.686493
1229,2371,7.686493
2914,4056,7.686494
985,2127,7.686494
1971,3113,7.686496
1928,3070,7.686496
1028,2170,7.686499
2871,4013,7.686499
2452,3644,7.686499
3211,4353,7.686500
3814,4956,7.686501
85,1227,7.686501
11,3868,7.686502
900,4757,7.686504
3732,4874,7.686505
2613,3755,7.686507
701,1893,7.686507
828,4685,7.686509
1694,2836,7.686510
481,4338,7.686511
2637,3779,7.686514
184,1326,7.686517
3580,4722,7.686518
2128,3270,7.686519
2103,3295,7.686519
666,4523,7.686522
663,1805,7.686522
175,4032,7.686523
467,1609,7.686526
183,1325,7.686529
1410,2552,7.686530
2353,3545,7.686535
3346,4488,7.686540
432,4289,7.686545
198,4005,7.686546
3096,4238,7.686549
629,1771,7.686550
233,1375,7.686550
105,3962,7.686550
767,1909,7.686551
464,4321,7.686555
1176,2318,7.686556
1118,4975,7.686560
3766,4908,7.686560
2119,3261,7.686562
2404,3596,7.686563
2257,3449,7.686564
1281,2423,7.686564
1127,2269,7.686565
390,1532,7.686567
2015,3157,7.686568
3062,4204,7.686568
1185,2327,7.686569
215,1357,7.686571
2781,3923,7.686574
837,1979,7.686575
797,1939,7.686579
470,1612,7.686581
1036,4893,7.686582
182,4039,7.686582
2789,3931,7.686587
93,3900,7.686590
2499,3641,7.686593
1572,2714,7.686597
2957,4149,7.686598
919,2061,7.686598
2014,3156,7.686606
1071,2213,7.686615
1125,4982,7.686617
3221,4363,7.686620
1286,2428,7.686622
128,1270,7.686624
2070,3212,7.686624
786,1928,7.686624
265,1407,7.686625
1681,2823,7.686625
1808,2950,7.686627
3340,4482,7.686630
242,1384,7.686631
327,4184,7.686633
1862,3004,7.686637
3256,4448,7.686638
200,4057,7.686639
2645,3787,7.686642
2229,3371,7.686643
3241,4383,7.686643
759,4616,7.686643
954,4811,7.686644
2601,3793,7.686650
2515,3657,7.686650
2298,3440,7.686653
926,2068,7.686654
1231,2373,7.686656
1948,3090,7.686659
2224,3366,7.686662
1305,2497,7.686664
1718,2860,7.686665
1846,2988,7.686673
362,1504,7.686675
2805,3997,7.686677
263,4120,7.686679
223,4080,7.686680
561,4418,7.686686
666,1808,7.686690
1901,3093,7.686693
3013,4155,7.686693
1869,3011,7.686693
805,4662,7.686695
3475,4617,7.686698
1850,3042,7.686702
441,4298,7.686705
1838,2980,7.686710
2532,3674,7.686710
3458,4600,7.686710
1208,2350,7.686712
994,4801,7.686716
3798,4940,7.686717
1589,2731,7.686723
2812,3954,7.686735
3506,4698,7.686743
516,4373,7.686751
3457,4649,7.686751
884,4741,7.686758
1196,2338,7.686761
2038,3180,7.686761
876,2018,7.686764
853,2045,7.686765
3167,4309,7.686765
1413,2555,7.686771
382,4239,7.686771
149,3956,7.686773
282,1424,7.686774
1628,2770,7.686775
594,4401,7.686777
370,4227,7.686778
3320,4462,7.686779
3755,4947,7.686780
940,2082,7.686780
996,4803,7.686781
692,4549,7.686790
3750,4942,7.686791
3305,4497,7.686791
755,1947,7.686794
685,1827,7.686800
2823,3965,7.686800
3157,4349,7.686806
214,4071,7.686813
16,1158,7.686814
2151,3343,7.686816
442,1584,7.686817
3445,4587,7.686817
3481,4623,7.686818
1070,4927,7.686819
627,4484,7.686820
1552,2744,7.686822
891,4748,7.686826
3673,4815,7.686829
1056,2248,7.686833
966,2108,7.686834
1116,4973,7.686843
3442,4584,7.686844
395,1537,7.686850
374,4231,7.686853
895,2037,7.686855
1052,4909,7.686861
1092,4949,7.686864
2836,3978,7.686871
363,4220,7.686871
347,4154,7.686872
253,4110,7.686873
692,1834,7.686875
1606,2798,7.686879
3754,4946,7.686882
303,1495,7.686883
406,4263,7.686886
2362,3504,7.686889
2744,3886,7.686894
697,4504,7.686907
502,4359,7.686919
577,4434,7.686923
215,4072,7.686923
1635,2777,7.686927
3092,4234,7.686928
1338,2480,7.686930
3144,4286,7.686938
486,1628,7.686943
3102,4294,7.686944
1557,2749,7.686948
827,1969,7.686950
648,1790,7.686952
1748,2890,7.686954
2750,3942,7.686954
3284,4426,7.686954
407,1599,7.686954
195,4002,7.686955
3416,4558,7.686956
2954,4146,7.686956
1538,2680,7.686958
109,3966,7.686962
883,4740,7.686966
893,2035,7.686966
3719,4861,7.686967
1992,3134,7.686968
2186,3328,7.686971
2356,3548,7.686974
2341,3483,7.686975
2578,3720,7.686981
2533,3675,7.686982
54,1246,7.686986
1319,2461,7.686987
1,1193,7.686988
2473,3615,7.686993
1398,2540,7.686996
1680,2822,7.686996
1419,2561,7.686998
3,3860,7.686998
3265,4407,7.687006
1094,4901,7.687009
207,1399,7.687010
2760,3902,7.687016
2281,3423,7.687017
3556,4748,7.687018
405,1597,7.687018
2500,3692,7.687022
2730,3872,7.687028
1530,2672,7.687032
3521,4663,7.687038
3595,4737,7.687040
604,4461,7.687041
40,3897,7.687045
3129,4271,7.687046
955,4812,7.687051
3203,4395,7.687056
1225,2367,7.687059
1880,3022,7.687061
877,2019,7.687063
3518,4660,7.687064
3023,4165,7.687069
587,1729,7.687071
230,4087,7.687076
1836,2978,7.687079
2575,3717,7.687088
288,1430,7.687092
607,4464,7.687098
1813,2955,7.687099
3493,4635,7.687101
1047,2189,7.687103
1673,2815,7.687108
3224,4366,7.687110
786,4643,7.687111
528,4385,7.687114
1139,4996,7.687117
476,1618,7.687118
2691,3833,7.687122
3815,4957,7.687125
1839,2981,7.687137
2278,3420,7.687138
865,4722,7.687146
1150,2342,7.687148
3650,4842,7.687151
3468,4610,7.687158
408,1550,7.687160
531,4388,7.687163
101,3958,7.687173
304,4161,7.687175
2080,3222,7.687180
2218,3360,7.687181
609,1751,7.687182
2214,3356,7.687183
579,4436,7.687184
3349,4491,7.687190
591,4448,7.687192
2707,3899,7.687192
2705,3897,7.687196
1127,4984,7.687199
2779,3921,7.687204
707,4564,7.687208
310,4167,7.687210
907,2099,7.687212
1448,2590,7.687220
1990,3132,7.687225
1351,2543,7.687225
2917,4059,7.687231
31,1173,7.687233
1764,2906,7.687234
1787,2929,7.687241
1490,2632,7.687244
675,4532,7.687250
491,4348,7.687253
3218,4360,7.687257
2776,3918,7.687261
780,4637,7.687264
1126,4983,7.687266
2599,3741,7.687267
380,1522,7.687272
497,4304,7.687274
821,1963,7.687277
1651,2843,7.687277
148,1290,7.687278
2344,3486,7.687293
1137,2279,7.687297
3634,4776,7.687299
2143,3285,7.687302
2628,3770,7.687303
1981,3123,7.687303
744,1886,7.687309
111,1253,7.687318
1020,4877,7.687320
586,1728,7.687324
125,3982,7.687336
3722,4864,7.687339
2275,3417,7.687341
937,2079,7.687341
3015,4157,7.687346
2933,4075,7.687351
77,3934,7.687363
3287,4429,7.687363
2168,3310,7.687365
1323,2465,7.687366
994,2136,7.687366
871,2013,7.687379
795,1937,7.687383
2681,3823,7.687387
3589,4731,7.687394
329,1471,7.687404
974,2116,7.687407
2991,4133,7.687407
3642,4784,7.687409
435,4292,7.687418
194,1336,7.687419
1054,2246,7.687432
373,4230,7.687437
1404,2596,7.687439
655,1847,7.687442
2961,4103,7.687442
1429,2571,7.687445
1550,2742,7.687448
3153,4345,7.687449
2048,3190,7.687452
2266,3408,7.687464
1089,4946,7.687465
844,1986,7.687467
3086,4228,7.687471
3657,4849,7.687480
1974,3116,7.687481
19,3876,7.687482
2498,3640,7.687483
196,4003,7.687483
720,4577,7.687485
808,4665,7.687486
1072,2214,7.687487
1055,2247,7.687497
2673,3815,7.687510
174,1316,7.687513
3397,4539,7.687515
2072,3214,7.687529
332,1474,7.687537
112,1254,7.687542
393,4200,7.687546
2646,3788,7.687549
2047,3189,7.687554
1308,2450,7.687565
3209,4351,7.687567
487,4344,7.687569
1833,2975,7.687578
2901,4093,7.687580
311,4168,7.687588
1830,2972,7.687588
1117,2259,7.687592
1271,2413,7.687594
1819,2961,7.687597
3678,4820,7.687598
1917,3059,7.687599
962,4819,7.687618
2523,3665,7.687625
3483,4625,7.687627
2082,3224,7.687627
3225,4367,7.687634
2018,3160,7.687641
1717,2859,7.687641
1136,4993,7.687642
3779,4921,7.687646
2762,3904,7.687647
150,1342,7.687648
172,4029,7.687656
779,1921,7.687659
236,1378,7.687660
1138,4995,7.687663
3285,4427,7.687665
641,4498,7.687671
2060,3202,7.687674
345,4152,7.687675
273,4130,7.687676
3257,4449,7.687678
521,1663,7.687679
2282,3424,7.687681
2604,3796,7.687681
3367,4509,7.687682
2990,4132,7.687682
3542,4684,7.687687
3111,4253,7.687693
2142,3284,7.687693
3705,4897,7.687698
2504,3696,7.687706
1043,4850,7.687708
1335,2477,7.687709
1272,2414,7.687713
1653,2845,7.687714
1091,2233,7.687718
1129,2271,7.687722
1179,2321,7.687725
1339,2481,7.687728
3561,4703,7.687736
1031,2173,7.687746
841,4698,7.687749
763,1905,7.687758
3003,4195,7.687759
1765,2907,7.687768
1106,4963,7.687772
1937,3079,7.687775
396,1538,7.687775
2618,3760,7.687778
146,1288,7.687788
281,4138,7.687790
339,4196,7.687791
1549,2691,7.687791
642,1784,7.687800
2860,4002,7.687808
2314,3456,7.687816
76,3933,7.687818
428,1570,7.687818
1675,2817,7.687821
595,4402,7.687823
1967,3109,7.687839
139,3996,7.687847
1585,2727,7.687851
1115,4972,7.687857
1075,2217,7.687857
1652,2844,7.687863
607,1799,7.687865
732,1874,7.687865
3459,4601,7.687871
3060,4202,7.687878
3187,4329,7.687881
1464,2606,7.687882
15,1157,7.687887
710,1852,7.687891
1706,2898,7.687902
2648,3790,7.687903
2528,3670,7.687903
1089,2231,7.687907
1223,2365,7.687908
2448,3590,7.687910
931,4788,7.687911
890,2032,7.687917
2516,3658,7.687919
186,1328,7.687924
2159,3301,7.687925
2624,3766,7.687934
1275,2417,7.687938
1082,4939,7.687938
1817,2959,7.687941
3471,4613,7.687955
3845,4987,7.687957
1371,2513,7.687960
1891,3033,7.687960
1019,4876,7.687961
50,3907,7.687963
747,1889,7.687963
193,4000,7.687964
391,1533,7.687965
1573,2715,7.687967
1134,4991,7.687983
2904,4096,7.687989
1814,2956,7.687991
2372,3514,7.687992
958,2100,7.687996
1218,2360,7.687999
2397,3539,7.687999
2852,4044,7.688005
557,4414,7.688006
630,1772,7.688016
2845,3987,7.688019
612,4469,7.688024
88,1230,7.688027
730,1872,7.688028
2032,3174,7.688030
883,2025,7.688032
3803,4995,7.688036
328,1470,7.688037
2215,3357,7.688040
247,4054,7.688041
2699,3841,7.688042
298,4105,7.688047
1909,3051,7.688053
358,1500,7.688058
829,4686,7.688065
916,2058,7.688073
3849,4991,7.688074
2157,3349,7.688076
909,4766,7.688079
3357,4549,7.688084
1898,3040,7.688087
3351,4543,7.688088
1639,2781,7.688089
132,1274,7.688090
2407,3599,7.688094
681,4538,7.688095
2244,3386,7.688101
806,4663,7.688102
1301,2493,7.688110
820,1962,7.688112
3743,4885,7.688114
1738,2880,7.688117
3430,4572,7.688121
1826,2968,7.688130
3558,4700,7.688136
385,4242,7.688136
628,4485,7.688139
938,2080,7.688148
2975,4117,7.688159
514,4371,7.688163
3361,4503,7.688163
184,4041,7.688177
2262,3404,7.688187
902,2094,7.688191
2034,3176,7.688192
2880,4022,7.688213
2939,4081,7.688230
2769,3911,7.688230
2964,4106,7.688232
2172,3314,7.688235
845,1987,7.688246
785,4642,7.688252
3166,4308,7.688267
1763,2905,7.688270
3823,4965,7.688278
939,4796,7.688281
684,1826,7.688287
865,2007,7.688288
551,1743,7.688291
756,1948,7.688292
61,3918,7.688293
2117,3259,7.688302
1859,3001,7.688305
3057,4249,7.688306
2755,3947,7.688310
955,2147,7.688310
1729,2871,7.688312
3350,4542,7.688314
1591,2733,7.688316
287,4144,7.688325
392,1534,7.688333
3712,4854,7.688334
606,4463,7.688335
1251,2443,7.688336
1168,2310,7.688340
331,4188,7.688341
901,4758,7.688344
233,4090,7.688345
775,1917,7.688346
3720,4862,7.688351
3299,4441,7.688358
2782,3924,7.688372
163,4020,7.688383
3158,4300,7.688387
2748,3890,7.688393
2538,3680,7.688403
2139,3281,7.688410
48,1190,7.688411
1095,2237,7.688412
2706,3898,7.688435
939,2081,7.688441
848,4655,7.688441
351,4208,7.688481
2049,3191,7.688505
1695,2837,7.688507
3353,4545,7.688510
129,1271,7.688513
527,4384,7.688515
3205,4397,7.688518
486,4343,7.688542
740,1882,7.688545
649,1791,7.688552
1455,2647,7.688552
3011,4153,7.688553
2802,3994,7.688554
1031,4888,7.688567
483,4340,7.688575
1698,2840,7.688583
3315,4457,7.688583
308,1450,7.688587
2306,3498,7.688590
275,1417,7.688592
140,1282,7.688598
2313,3455,7.688600
2514,3656,7.688601
3699,4841,7.688608
3245,4387,7.688609
1266,2408,7.688609
2777,3919,7.688612
508,1650,7.688619
3505,4697,7.688619
429,1571,7.688623
3151,4343,7.688640
943,2085,7.688640
547,1689,7.688646
2408,3550,7.688649
687,4544,7.688653
2757,3949,7.688657
560,4417,7.688658
1592,2734,7.688666
2114,3256,7.688669
64,1206,7.688671
2223,3365,7.688677
2977,4119,7.688700
474,4331,7.688703
168,4025,7.688705
595,1737,7.688707
587,4444,7.688707
854,4711,7.688730
1751,2943,7.688735
292,1434,7.688743
294,4101,7.688753
1174,2316,7.688756
175,1317,7.688756
3277,4419,7.688766
287,1429,7.688779
2535,3677,7.688783
679,1821,7.688785
2935,4077,7.688802
991,2133,7.688802
3388,4530,7.688816
3795,4937,7.688818
1683,2825,7.688827
1363,2505,7.688832
507,4364,7.688852
341,4198,7.688866
917,2059,7.688872
793,4600,7.688878
1834,2976,7.688886
251,4108,7.688890
2252,3444,7.688894
3478,4620,7.688904
2735,3877,7.688920
2445,3587,7.688931
3441,4583,7.688956
874,2016,7.688966
2208,3350,7.688970
1341,2483,7.688974
899,4706,7.688997
512,1654,7.689000
472,4329,7.689001
1770,2912,7.689007
1333,2475,7.689010
1216,2358,7.689014
455,1647,7.689017
1230,2372,7.689023
2660,3802,7.689027
564,4421,7.689028
1961,3103,7.689036
3077,4219,7.689045
929,4786,7.689045
1452,2644,7.689047
1171,2313,7.689053
1060,2202,7.689056
1580,2722,7.689057
3476,4618,7.689072
554,4411,7.689074
2623,3765,7.689074
420,1562,7.689084
3698,4840,7.689088
881,4738,7.689099
890,4747,7.689110
2626,3768,7.689127
3421,4563,7.689132
95,1237,7.689137
1372,2514,7.689138
315,1457,7.689142
2418,3560,7.689144
974,4831,7.689147
365,1507,7.689155
509,1651,7.689166
1038,2180,7.689170
891,2033,7.689172
1258,2400,7.689191
1309,2451,7.689196
1934,3076,7.689213
401,4258,7.689218
31,3888,7.689221
142,1284,7.689230
709,1851,7.689231
231,1373,7.689239
63,3920,7.689241
2201,3393,7.689241
183,4040,7.689242
1465,2607,7.689252
3098,4240,7.689259
482,1624,7.689263
2173,3315,7.689276
3085,4227,7.689282
708,4565,7.689287
1882,3024,7.689289
3194,4336,7.689290
2644,3786,7.689293
2945,4087,7.689297
3418,4560,7.689310
1265,2407,7.689318
280,4137,7.689339
619,4476,7.689346
545,1687,7.689353
3137,4279,7.689359
1952,3144,7.689374
3700,4892,7.689375
81,1223,7.689387
682,1824,7.689396
3567,4709,7.689399
3130,4272,7.689402
3622,4764,7.689410
2478,3620,7.689427
1658,2800,7.689430
1024,2166,7.689435
3569,4711,7.689446
1009,2151,7.689453
228,1370,7.689457
1090,4947,7.689470
284,1426,7.689470
711,4568,7.689475
1083,2225,7.689477
2134,3276,7.689484
366,1508,7.689515
1191,2333,7.689530
3025,4167,7.689531
66,1208,7.689534
2679,3821,7.689534
3116,4258,7.689537
248,1390,7.689576
715,1857,7.689600
1085,2227,7.689610
265,4122,7.689617
3533,4675,7.689619
447,4254,7.689621
1661,2803,7.689640
2877,4019,7.689645
328,4185,7.689646
2492,3634,7.689657
2487,3629,7.689657
1736,2878,7.689661
2562,3704,7.689661
3311,4453,7.689667
2424,3566,7.689670
1369,2511,7.689671
1749,2891,7.689672
322,1464,7.689682
2315,3457,7.689684
272,1414,7.689690
702,1894,7.689698
3179,4321,7.689701
2563,3705,7.689709
1625,2767,7.689709
2368,3510,7.689711
81,3938,7.689717
3587,4729,7.689729
1535,2677,7.689737
3725,4867,7.689745
430,4287,7.689751
1425,2567,7.689756
1627,2769,7.689761
914,4771,7.689774
147,3954,7.689781
655,4512,7.689783
2236,3378,7.689787
793,1935,7.689789
3497,4639,7.689791
1158,2300,7.689802
202,4059,7.689806
1076,4933,7.689812
1006,4863,7.689815
2534,3676,7.689839
565,4422,7.689851
3491,4633,7.689862
2342,3484,7.689864
1293,2435,7.689874
3520,4662,7.689880
427,4284,7.689883
37,3894,7.689889
202,1394,7.689898
522,1664,7.689898
2590,3732,7.689902
1068,4925,7.689915
992,4849,7.689919
948,2090,7.689925
2149,3291,7.689947
3828,4970,7.689951
626,4483,7.689957
300,1492,7.689964
2582,3724,7.689976
3625,4767,7.689977
1195,2337,7.689998
3788,4930,7.690000
2028,3170,7.690007
3195,4337,7.690020
673,4530,7.690039
2568,3710,7.690039
49,3856,7.690050
549,4356,7.690055
946,4753,7.690058
592,1734,7.690061
521,4378,7.690063
3,1195,7.690083
2138,3280,7.690086
1073,4930,7.690091
3820,4962,7.690098
152,1344,7.690129
2885,4027,7.690133
836,4693,7.690146
1215,2357,7.690146
3413,4555,7.690148
694,4501,7.690160
1064,4921,7.690161
3843,4985,7.690161
3768,4910,7.690161
12,1154,7.690171
3081,4223,7.690177
2913,4055,7.690183
1595,2737,7.690184
1018,2160,7.690185
2158,3300,7.690186
1451,2643,7.690190
1647,2789,7.690195
3115,4257,7.690198
705,1897,7.690198
3479,4621,7.690203
2825,3967,7.690206
746,4553,7.690209
2672,3814,7.690211
273,1415,7.690212
1475,2617,7.690216
3101,4293,7.690225
493,4300,7.690232
2470,3612,7.690243
1881,3023,7.690245
191,4048,7.690252
90,3947,7.690258
3082,4224,7.690261
3258,4400,7.690261
237,4094,7.690264
167,4024,7.690269
102,1294,7.690269
3344,4486,7.690294
1722,2864,7.690295
38,1180,7.690303
1970,3112,7.690318
1942,3084,7.690318
3341,4483,7.690330
1730,2872,7.690335
1527,2669,7.690339
981,2123,7.690340
474,1616,7.690358
1110,4967,7.690362
996,2138,7.690368
1924,3066,7.690377
2992,4134,7.690382
3511,4653,7.690385
1792,2934,7.690388
791,4648,7.690400
1685,2827,7.690403
1235,2377,7.690405
1544,2686,7.690405
2867,4009,7.690414
2971,4113,7.690420
807,1999,7.690423
171,4028,7.690426
2026,3168,7.690427
594,1736,7.690429
584,1726,7.690438
1227,2369,7.690438
2105,3297,7.690446
3810,4952,7.690450
1027,2169,7.690454
911,2053,7.690458
3435,4577,7.690461
654,1846,7.690499
999,2141,7.690507
2682,3824,7.690507
783,4640,7.690539
1854,3046,7.690555
3603,4795,7.690562
1044,4851,7.690563
1114,4971,7.690570
906,4763,7.690571
2536,3678,7.690572
721,4578,7.690586
84,1226,7.690592
3697,4839,7.690641
637,1779,7.690650
2847,3989,7.690655
1939,3081,7.690660
794,4601,7.690673
1687,2829,7.690676
1417,2559,7.690688
1571,2713,7.690688
6,1198,7.690700
915,2057,7.690716
283,4140,7.690732
2704,3896,7.690746
908,4765,7.690746
647,4454,7.690749
3655,4847,7.690753
3790,4932,7.690756
1619,2761,7.690796
2398,3540,7.690798
808,1950,7.690808
853,4710,7.690813
1370,2512,7.690818
1655,2847,7.690849
57,3914,7.690850
3162,4304,7.690851
1761,2903,7.690852
876,4733,7.690859
21,3878,7.690861
1858,3000,7.690864
2351,3543,7.690866
394,4201,7.690869
3197,4339,7.690873
3242,4384,7.690885
887,2029,7.690887
205,4062,7.690896
1118,2260,7.690898
2334,3476,7.690902
1007,2199,7.690919
3526,4668,7.690933
1593,2735,7.690957
2882,4024,7.690960
818,1960,7.690961
677,1819,7.690964
870,2012,7.690971
581,1723,7.690979
1143,2285,7.690986
2801,3993,7.691012
2204,3396,7.691015
2824,3966,7.691018
653,4510,7.691019
2360,3502,7.691027
1101,4958,7.691029
654,4511,7.691035
3767,4909,7.691039
822,1964,7.691040
569,4426,7.691053
1750,2942,7.691064
707,1899,7.691065
1739,2881,7.691065
1620,2762,7.691071
1017,4874,7.691072
3119,4261,7.691096
2111,3253,7.691107
2712,3854,7.691120
448,1590,7.691129
1860,3002,7.691159
1261,2403,7.691159
3794,4936,7.691162
74,3931,7.691184
2692,3834,7.691191
784,4641,7.691210
355,1547,7.691223
811,4668,7.691255
3825,4967,7.691268
904,4761,7.691269
1755,2947,7.691271
1405,2597,7.691288
1000,4857,7.691295
2176,3318,7.691299
2988,4130,7.691299
318,1460,7.691304
880,4737,7.691313
130,3987,7.691317
3635,4777,7.691317
2713,3855,7.691324
2850,4042,7.691341
489,4346,7.691355
600,1792,7.691359
3303,4495,7.691376
532,1674,7.691380
2570,3712,7.691385
2166,3308,7.691387
3566,4708,7.691413
2045,3187,7.691416
562,4419,7.691426
75,1217,7.691436
2969,4111,7.691448
517,4374,7.691450
3097,4239,7.691463
681,1823,7.691466
1408,2550,7.691468
2170,3312,7.691479
1769,2911,7.691501
1233,2375,7.691506
195,1337,7.691509
3477,4619,7.691520
1391,2533,7.691525
1052,2244,7.691536
1650,2842,7.691578
3551,4743,7.691579
911,4768,7.691583
2577,3719,7.691590
1907,3099,7.691596
3431,4573,7.691598
323,1465,7.691612
1624,2766,7.691619
691,1833,7.691626
796,1938,7.691651
109,1251,7.691657
111,3968,7.691658
25,3882,7.691663
290,1432,7.691716
439,4296,7.691734
1162,2304,7.691737
2743,3885,7.691737
3147,4289,7.691738
2488,3630,7.691747
801,1993,7.691757
2567,3709,7.691774
849,4656,7.691776
3451,4643,7.691777
308,4165,7.691781
462,1604,7.691799
88,3945,7.691832
718,1860,7.691833
3100,4292,7.691835
964,2106,7.691855
1481,2623,7.691896
1545,2687,7.691897
826,1968,7.691897
712,1854,7.691906
3222,4364,7.691907
2841,3983,7.691910
2444,3586,7.691921
3510,4652,7.691930
3610,4752,7.691936
590,4447,7.691943
935,4792,7.691946
1145,2287,7.691950
398,1540,7.691956
849,1991,7.692000
676,1818,7.692025
2279,3421,7.692035
552,1744,7.692048
3525,4667,7.692077
646,4453,7.692086
465,1607,7.692100
240,1382,7.692102
2643,3785,7.692112
1147,4954,7.692120
21,1163,7.692120
583,4440,7.692126
1537,2679,7.692134
602,1794,7.692162
1336,2478,7.692165
1138,2280,7.692178
751,4608,7.692200
874,4731,7.692209
3713,4855,7.692210
1812,2954,7.692225
546,1688,7.692227
2299,3441,7.692231
1794,2936,7.692234
2178,3320,7.692237
211,4068,7.692240
121,3978,7.692244
447,1589,7.692244
739,4596,7.692247
995,4802,7.692265
393,1535,7.692298
1025,4882,7.692306
1622,2764,7.692308
3615,4757,7.692321
661,4518,7.692331
301,4158,7.692333
1399,2541,7.692334
3665,4807,7.692354
201,4058,7.692382
220,4077,7.692391
1390,2532,7.692403
2194,3336,7.692405
3822,4964,7.692409
495,1637,7.692416
3818,4960,7.692420
592,4449,7.692434
3686,4828,7.692444
78,3935,7.692463
1183,2325,7.692480
980,4837,7.692483
361,1503,7.692486
2722,3864,7.692509
2202,3394,7.692523
55,3912,7.692540
2333,3475,7.692563
3456,4648,7.692571
3113,4255,7.692594
294,1436,7.692630
731,4588,7.692637
3044,4186,7.692643
2770,3912,7.692660
1779,2921,7.692664
3586,4728,7.692666
3134,4276,7.692667
2513,3655,7.692712
3276,4418,7.692724
2737,3879,7.692727
82,3939,7.692730
664,4521,7.692762
274,4131,7.692790
454,1646,7.692796
3055,4247,7.692796
52,1244,7.692815
836,1978,7.692821
869,2011,7.692825
742,1884,7.692853
1570,2712,7.692854
3658,4800,7.692857
2126,3268,7.692867
2081,3223,7.692879
3575,4717,7.692885
362,4219,7.692885
612,1754,7.692901
2,3859,7.692906
504,4361,7.692917
133,3990,7.692929
2191,3333,7.692948
1035,4892,7.692978
627,1769,7.692999
628,1770,7.693012
163,1305,7.693048
2003,3195,7.693055
3763,4905,7.693062
1007,4864,7.693114
1827,2969,7.693126
219,1361,7.693133
92,3949,7.693137
964,4821,7.693146
826,4683,7.693147
51,3908,7.693157
3513,4655,7.693161
2996,4138,7.693167
772,4629,7.693182
427,1569,7.693202
2548,3690,7.693205
1106,2298,7.693211
1248,2390,7.693234
3680,4822,7.693236
672,4529,7.693240
3069,4211,7.693263
2665,3807,7.693265
3568,4710,7.693272
2061,3203,7.693278
2956,4148,7.693296
3740,4882,7.693297
875,4732,7.693349
563,4420,7.693358
2099,3241,7.693375
1156,2348,7.693382
2312,3454,7.693403
1950,3142,7.693422
744,4551,7.693430
2797,3939,7.693450
3578,4720,7.693455
2013,3155,7.693456
2632,3774,7.693461
1634,2776,7.693464
2101,3293,7.693487
255,1447,7.693526
787,1929,7.693531
3042,4184,7.693540
585,1727,7.693561
2916,4058,7.693576
2187,3329,7.693600
1804,2996,7.693606
1348,2490,7.693607
884,2026,7.693608
3024,4166,7.693609
1070,2212,7.693617
2875,4017,7.693653
1024,4881,7.693665
155,4012,7.693668
1306,2498,7.693684
2803,3995,7.693702
1048,4855,7.693702
128,3985,7.693706
766,4623,7.693760
3121,4263,7.693763
861,2003,7.693764
127,1269,7.693779
249,4056,7.693780
3387,4529,7.693811
454,4311,7.693822
2667,3809,7.693824
473,1615,7.693833
1071,4928,7.693872
3656,4848,7.693900
1060,4917,7.693925
2104,3296,7.693930
326,4183,7.693942
2088,3230,7.693944
573,1715,7.693954
3645,4787,7.693985
2480,3622,7.693993
1054,4911,7.694009
2219,3361,7.694012
652,4509,7.694014
1033,4890,7.694016
3255,4447,7.694035
872,2014,7.694039
363,1505,7.694043
1689,2831,7.694059
2051,3243,7.694070
540,1682,7.694081
1148,4955,7.694083
117,3974,7.694089
1083,4940,7.694105
3240,4382,7.694105
3368,4510,7.694124
2635,3777,7.694178
1815,2957,7.694206
3054,4246,7.694215
2583,3725,7.694216
2879,4021,7.694219
158,4015,7.694225
3188,4330,7.694247
3031,4173,7.694255
917,4774,7.694260
2297,3439,7.694269
781,1923,7.694272
1973,3115,7.694275
567,1709,7.694299
801,4658,7.694336
538,1680,7.694361
110,3967,7.694370
2758,3900,7.694375
611,4468,7.694389
2425,3567,7.694430
1304,2496,7.694433
1416,2558,7.694446
2086,3228,7.694458
2630,3772,7.694500
949,2091,7.694506
812,1954,7.694510
3125,4267,7.694518
3035,4177,7.694539
3701,4893,7.694543
154,4011,7.694545
207,4064,7.694587
3215,4357,7.694604
140,3997,7.694618
1086,4943,7.694630
418,4275,7.694634
701,4558,7.694640
675,1817,7.694645
746,1888,7.694679
1555,2747,7.694683
391,4248,7.694688
384,1526,7.694709
837,4694,7.694713
1447,2589,7.694727
1482,2624,7.694741
1021,4878,7.694748
1516,2658,7.694757
3789,4931,7.694767
2,1194,7.694788
2508,3650,7.694844
1510,2652,7.694854
2608,3750,7.694868
638,1780,7.694882
1438,2580,7.694903
1692,2834,7.694932
370,1512,7.694938
1892,3034,7.694938
745,4552,7.694942
1932,3074,7.694968
522,4379,7.694989
1030,2172,7.695001
0,1192,7.695040
1581,2723,7.695052
539,1681,7.695058
406,1598,7.695075
941,4798,7.695075
2359,3501,7.695079
649,4456,7.695088
3004,4196,7.695146
1053,4910,7.695161
1524,2666,7.695211
2524,3666,7.695223
2715,3857,7.695259
1237,2379,7.695279
1259,2401,7.695299
597,4404,7.695303
945,4752,7.695321
3109,4251,7.695328
1724,2866,7.695352
364,1506,7.695353
192,1334,7.695363
738,4595,7.695379
2835,3977,7.695380
3467,4609,7.695394
1069,4926,7.695396
2453,3645,7.695424
2652,3844,7.695426
8,1150,7.695445
2952,4144,7.695515
968,4825,7.695543
553,4410,7.695565
827,4684,7.695572
2154,3346,7.695574
2459,3601,7.695593
1108,2250,7.695598
2112,3254,7.695615
64,3921,7.695653
765,1907,7.695655
3602,4794,7.695704
749,1891,7.695716
2625,3767,7.695729
3302,4494,7.695731
354,1546,7.695737
87,1229,7.695757
989,2131,7.695757
2245,3387,7.695807
1201,2393,7.695817
3778,4920,7.695830
473,4330,7.695861
1347,2489,7.695909
854,2046,7.695982
3809,4951,7.695986
3423,4565,7.696004
3446,4588,7.696009
2965,4107,7.696029
2659,3801,7.696034
1135,2277,7.696060
1483,2625,7.696063
2290,3432,7.696081
236,4093,7.696097
46,1188,7.696112
1528,2670,7.696141
1936,3078,7.696176
2943,4085,7.696180
2291,3433,7.696223
3332,4474,7.696241
3784,4926,7.696248
3233,4375,7.696254
2565,3707,7.696280
2846,3988,7.696280
864,4721,7.696289
1565,2707,7.696320
951,2143,7.696337
736,1878,7.696341
1716,2858,7.696369
993,2135,7.696371
438,4295,7.696402
3047,4189,7.696414
319,4176,7.696427
3402,4594,7.696461
3454,4646,7.696470
245,4052,7.696474
825,1967,7.696500
3796,4938,7.696502
948,4755,7.696532
286,4143,7.696541
1276,2418,7.696556
3608,4750,7.696567
855,2047,7.696581
120,1262,7.696600
532,4389,7.696610
1161,2303,7.696642
2866,4008,7.696673
1768,2910,7.696701
3715,4857,7.696707
773,1915,7.696709
143,3950,7.696719
792,4649,7.696734
665,1807,7.696756
1063,2205,7.696773
2078,3220,7.696778
2180,3322,7.696781
2390,3532,7.696813
333,1475,7.696826
1847,2989,7.696833
453,1645,7.696875
2711,3853,7.696906
412,1554,7.696914
3831,4973,7.696923
2006,3198,7.696946
1709,2851,7.696959
305,1497,7.696974
2182,3324,7.697006
2092,3234,7.697046
2820,3962,7.697049
972,4829,7.697053
737,4594,7.697065
2272,3414,7.697083
239,1381,7.697093
986,4843,7.697097
3654,4846,7.697114
2999,4141,7.697119
3123,4265,7.697145
400,1592,7.697165
502,1694,7.697170
3068,4210,7.697201
165,1307,7.697227
213,1355,7.697232
1608,2750,7.697232
1045,2187,7.697252
1944,3086,7.697263
85,3942,7.697293
3007,4199,7.697306
1618,2760,7.697307
790,4647,7.697326
3150,4342,7.697354
538,4395,7.697360
3812,4954,7.697378
1923,3065,7.697382
29,3886,7.697401
995,2137,7.697413
1028,4885,7.697466
1252,2444,7.697470
3805,4997,7.697491
1307,2499,7.697505
209,4066,7.697516
3021,4163,7.697517
1327,2469,7.697539
591,1733,7.697540
1877,3019,7.697598
2381,3523,7.697621
3094,4236,7.697625
829,1971,7.697640
190,4047,7.697661
2790,3932,7.697713
2551,3743,7.697716
1534,2676,7.697758
3072,4214,7.697779
1182,2324,7.697802
1772,2914,7.697813
1640,2782,7.697872
622,1764,7.697886
1853,3045,7.697887
10,1152,7.697895
2064,3206,7.697909
3609,4751,7.697925
2389,3531,7.697953
2477,3619,7.697979
3029,4171,7.698003
97,3904,7.698064
274,1416,7.698069
1040,4897,7.698087
605,4462,7.698087
1011,4868,7.698108
841,1983,7.698110
980,2122,7.698113
1784,2926,7.698135
2727,3869,7.698161
934,2076,7.698162
509,4366,7.698167
3670,4812,7.698189
2426,3568,7.698193
2207,3399,7.698196
3420,4562,7.698204
3544,4686,7.698209
756,4613,7.698218
2887,4029,7.698223
834,1976,7.698228
557,1749,7.698248
2869,4011,7.698255
107,3964,7.698277
1500,2692,7.698279
953,2145,7.698281
339,1481,7.698292
2493,3635,7.698312
3436,4578,7.698346
316,1458,7.698347
1244,2386,7.698350
3741,4883,7.698370
1708,2850,7.698389
1682,2824,7.698406
2978,4120,7.698424
506,4363,7.698432
218,1360,7.698436
417,4274,7.698475
3331,4473,7.698515
1665,2807,7.698519
1121,2263,7.698529
2125,3267,7.698531
2388,3530,7.698557
766,1908,7.698585
1445,2587,7.698600
3733,4875,7.698623
452,1644,7.698644
307,1499,7.698664
1946,3088,7.698675
651,4508,7.698690
1169,2311,7.698710
630,4487,7.698710
3565,4707,7.698738
1133,4990,7.698739
3573,4715,7.698781
2622,3764,7.698787
1679,2821,7.698837
37,1179,7.698868
1250,2442,7.698899
2471,3613,7.698950
364,4221,7.698957
3461,4603,7.699014
3333,4475,7.699054
1050,4907,7.699058
1264,2406,7.699067
3234,4376,7.699073
2889,4031,7.699077
2243,3385,7.699138
1926,3068,7.699164
178,1320,7.699164
2022,3164,7.699177
3830,4972,7.699216
431,1573,7.699219
309,1451,7.699237
1282,2424,7.699254
2772,3914,7.699274
1313,2455,7.699282
1848,2990,7.699376
3186,4328,7.699380
1393,2535,7.699392
3832,4974,7.699487
821,4678,7.699543
882,4739,7.699557
819,4676,7.699562
910,2052,7.699590
258,1400,7.699596
2009,3151,7.699615
272,4129,7.699625
1355,2547,7.699649
1239,2381,7.699703
1374,2516,7.699737
1149,2291,7.699764
1329,2471,7.699769
1446,2588,7.699770
2250,3442,7.699813
377,4234,7.699817
2888,4030,7.699821
593,1735,7.699827
1211,2353,7.699853
851,2043,7.699859
769,1911,7.699870
73,1215,7.699875
918,4775,7.699904
1495,2637,7.699908
2467,3609,7.699958
321,1463,7.699967
3601,4793,7.700009
2862,4004,7.700103
983,2125,7.700104
1016,2158,7.700128
2561,3703,7.700195
916,4773,7.700243
2225,3367,7.700248
1938,3080,7.700258
2317,3459,7.700262
2054,3246,7.700268
965,4822,7.700304
719,1861,7.700330
126,3983,7.700375
1959,3101,7.700385
1217,2359,7.700436
3369,4511,7.700471
310,1452,7.700482
3291,4433,7.700485
620,1762,7.700530
3324,4466,7.700569
2270,3412,7.700617
2902,4094,7.700645
1844,2986,7.700682
3508,4650,7.700699
1662,2804,7.700763
3278,4420,7.700789
3260,4402,7.700796
520,4377,7.700896
38,3895,7.700910
412,4269,7.701033
43,3850,7.701035
40,1182,7.701075
870,4727,7.701099
508,4365,7.701107
2348,3490,7.701171
2666,3808,7.701178
981,4838,7.701178
3326,4468,7.701199
2605,3797,7.701204
3168,4310,7.701273
3735,4877,7.701290
717,1859,7.701303
739,1881,7.701304
396,4203,7.701337
2651,3843,7.701346
2383,3525,7.701365
3519,4661,7.701370
1109,4966,7.701387
2798,3940,7.701405
2035,3177,7.701429
419,4276,7.701448
782,1924,7.701450
1298,2440,7.701482
2787,3929,7.701525
1563,2705,7.701528
1440,2582,7.701530
2511,3653,7.701546
3598,4740,7.701654
515,4372,7.701670
2129,3271,7.701691
497,1639,7.701694
1725,2867,7.701726
2336,3478,7.701769
3434,4576,7.701855
696,4503,7.701858
2160,3302,7.701880
197,1339,7.701887
115,3972,7.701896
697,1839,7.701900
3414,4556,7.701986
2668,3810,7.702006
3560,4702,7.702021
1829,2971,7.702039
68,3925,7.702067
239,4096,7.702078
226,1368,7.702080
684,4541,7.702112
22,3879,7.702116
320,4177,7.702153
2617,3759,7.702184
1988,3130,7.702199
180,4037,7.702214
3243,4385,7.702277
3611,4753,7.702290
254,4111,7.702330
1674,2816,7.702346
3730,4872,7.702389
2791,3933,7.702392
2438,3580,7.702392
1660,2802,7.702397
1140,2282,7.702444
3103,4295,7.702470
731,1873,7.702507
722,1864,7.702533
3381,4523,7.702554
2506,3698,7.702554
485,1627,7.702577
747,4554,7.702578
1079,2221,7.702604
296,1438,7.702611
386,1528,7.702663
930,4787,7.702668
156,1348,7.702694
467,4324,7.702715
2335,3477,7.702722
3844,4986,7.702828
2491,3633,7.702844
683,1825,7.702868
548,1690,7.702870
268,1410,7.702876
1777,2919,7.702894
455,4312,7.702896
1919,3061,7.702909
1253,2445,7.702949
1945,3087,7.702953
2851,4043,7.702987
2083,3225,7.703008
1428,2570,7.703052
3422,4564,7.703082
2518,3660,7.703090
2792,3934,7.703129
1908,3050,7.703145
1491,2633,7.703166
1536,2678,7.703176
2658,3800,7.703192
816,4673,7.703272
166,4023,7.703280
965,2107,7.703302
3504,4696,7.703309
2881,4023,7.703322
55,1247,7.703417
22,1164,7.703459
2434,3576,7.703467
659,4516,7.703518
2603,3795,7.703523
2371,3513,7.703534
3026,4168,7.703581
3499,4641,7.703609
221,4078,7.703615
251,1443,7.703649
457,4314,7.703741
410,4267,7.703747
3135,4277,7.703770
3377,4519,7.703771
1548,2690,7.703862
2192,3334,7.703924
3213,4355,7.703940
220,1362,7.703995
3410,4552,7.704015
2936,4078,7.704022
3314,4456,7.704025
1249,2391,7.704077
463,4320,7.704080
2256,3448,7.704084
1066,2208,7.704132
112,3969,7.704160
617,1759,7.704176
256,1448,7.704230
3279,4421,7.704294
264,1406,7.704393
938,4795,7.704422
886,2028,7.704472
1111,2253,7.704491
3824,4966,7.704501
400,4257,7.704525
3644,4786,7.704526
1048,2190,7.704534
1712,2854,7.704640
1092,2234,7.704666
1805,2997,7.704677
3596,4738,7.704682
585,4442,7.704693
1723,2865,7.704699
1207,2399,7.704710
1055,4912,7.704748
1392,2534,7.704757
546,4353,7.704760
329,4186,7.704896
555,1747,7.704910
2576,3718,7.704924
2150,3342,7.705032
201,1393,7.705033
1849,2991,7.705059
1560,2702,7.705100
2479,3621,7.705160
500,4357,7.705249
3429,4571,7.705265
3080,4222,7.705269
910,4767,7.705333
856,2048,7.705342
2907,4099,7.705343
3143,4285,7.705358
121,1263,7.705465
1085,4942,7.705494
347,1489,7.705523
1194,2336,7.705549
644,4451,7.705565
2246,3388,7.705566
3734,4876,7.705628
1991,3133,7.705683
229,4086,7.705689
425,4282,7.705725
495,4302,7.705728
355,4212,7.705836
682,4539,7.705874
3040,4182,7.705906
976,2118,7.705911
1186,2328,7.705960
754,4611,7.705988
1993,3135,7.706021
30,1172,7.706024
2503,3695,7.706045
2137,3279,7.706075
1058,4915,7.706137
711,1853,7.706180
896,4703,7.706301
1290,2432,7.706302
136,1278,7.706308
952,2144,7.706322
973,2115,7.706363
2982,4124,7.706386
1626,2768,7.706432
2241,3383,7.706437
671,1813,7.706461
142,3999,7.706545
1715,2857,7.706615
640,4497,7.706647
1163,2305,7.706695
1916,3058,7.706707
2934,4076,7.706861
449,1591,7.706894
921,4778,7.706908
365,4222,7.706969
3269,4411,7.706976
3496,4638,7.707008
1654,2846,7.707043
2859,4001,7.707056
3668,4810,7.707097
483,1625,7.707098
2233,3375,7.707099
211,1353,7.707153
2326,3468,7.707166
1568,2710,7.707170
1123,4980,7.707254
1383,2525,7.707358
3802,4994,7.707409
349,4156,7.707510
1575,2717,7.707529
440,1582,7.707553
3006,4198,7.707623
2931,4073,7.707656
130,1272,7.707670
639,4496,7.707751
3176,4318,7.707913
2647,3789,7.707922
730,4587,7.707929
3503,4695,7.707952
582,4439,7.707992
2720,3862,7.708012
20,3877,7.708070
1064,2206,7.708091
1000,2192,7.708113
149,1291,7.708137
2560,3702,7.708155
862,2004,7.708187
100,1292,7.708225
2725,3867,7.708235
3371,4513,7.708253
3189,4331,7.708334
1426,2568,7.708355
1617,2759,7.708361
780,1922,7.708490
674,1816,7.708569
460,1602,7.708708
2063,3205,7.708730
301,1493,7.708739
262,4119,7.708744
1633,2775,7.708750
873,4730,7.708781
3590,4732,7.708816
1093,2235,7.708935
3787,4929,7.708995
383,1525,7.708995
3359,4501,7.709055
123,1265,7.709066
168,1310,7.709082
820,4677,7.709084
33,1175,7.709107
648,4455,7.709134
2486,3628,7.709134
335,4192,7.709158
2844,3986,7.709212
963,4820,7.709310
3249,4391,7.709341
1782,2924,7.709403
1851,3043,7.709432
450,4307,7.709499
2106,3298,7.709548
63,1205,7.709593
2369,3511,7.709643
3339,4481,7.709646
2036,3178,7.709653
908,2050,7.709654
676,4533,7.709725
166,1308,7.709791
2655,3847,7.709854
1120,2262,7.709865
1107,4964,7.709880
9,1151,7.709925
1326,2468,7.710018
1964,3106,7.710021
164,4021,7.710108
441,1583,7.710209
2569,3711,7.710250
772,1914,7.710277
57,1249,7.710300
3078,4220,7.710340
2979,4121,7.710380
1006,2198,7.710459
2135,3277,7.710574
764,1906,7.710579
243,1385,7.710588
1073,2215,7.710598
839,1981,7.710602
477,1619,7.710649
859,2001,7.710723
1154,2346,7.710787
1192,2334,7.710811
445,1587,7.710876
3312,4454,7.710964
177,1319,7.711028
249,1391,7.711052
2269,3411,7.711060
2039,3181,7.711065
3760,4902,7.711075
65,3922,7.711116
275,4132,7.711252
448,4255,7.711295
1999,3141,7.711343
3512,4654,7.711476
531,1673,7.711553
1420,2562,7.711589
3835,4977,7.711646
1038,4895,7.711832
3184,4326,7.711840
348,4155,7.711841
1008,4865,7.711861
1707,2899,7.711877
625,1767,7.711907
1061,4918,7.711934
3212,4354,7.712121
376,4233,7.712220
2942,4084,7.712245
632,1774,7.712333
1614,2756,7.712334
824,4681,7.712375
1294,2436,7.712454
232,4089,7.712499
2363,3505,7.712543
979,4836,7.712550
3099,4241,7.712553
256,4113,7.712580
2416,3558,7.712592
809,1951,7.712614
924,2066,7.712742
621,1763,7.712760
1109,2251,7.712761
2007,3199,7.712780
3738,4880,7.712846
690,1832,7.712847
95,3902,7.713092
2428,3570,7.713131
28,3885,7.713165
2650,3842,7.713206
1543,2685,7.713277
2795,3937,7.713319
1752,2944,7.713376
3290,4432,7.713440
3306,4498,7.713512
3663,4805,7.713580
17,3874,7.713620
322,4179,7.713661
2016,3158,7.713681
208,4065,7.713764
1802,2994,7.713794
2396,3538,7.713843
1384,2526,7.713994
367,4224,7.714042
971,4828,7.714103
2745,3887,7.714147
76,1218,7.714319
1403,2595,7.714352
2959,4101,7.714383
442,4299,7.714496
3643,4785,7.714564
2147,3289,7.714649
2347,3489,7.714689
3688,4830,7.714925
3170,4312,7.714954
1021,2163,7.715070
1474,2616,7.715398
3648,4790,7.715508
185,4042,7.715709
774,4631,7.715712
2052,3244,7.715878
3364,4506,7.715898
118,3975,7.715918
729,4586,7.715951
1354,2546,7.715967
3146,4288,7.716086
1096,2238,7.716103
2817,3959,7.716221
1473,2615,7.716339
2237,3379,7.716394
575,1717,7.716508
1388,2530,7.716631
1564,2706,7.716654
2892,4034,7.716745
2950,4142,7.716782
36,3893,7.716879
960,4817,7.716894
889,4746,7.717215
411,1553,7.717273
3236,4378,7.717290
1518,2660,7.717311
530,1672,7.717367
2227,3369,7.717423
831,4688,7.717501
1019,2161,7.717536
270,4127,7.717688
550,1742,7.717692
3122,4264,7.717838
2327,3469,7.718002
761,1903,7.718114
2461,3603,7.718122
1485,2627,7.718374
610,4467,7.718609
1867,3009,7.718678
2557,3749,7.718714
3090,4232,7.718737
3404,4596,7.718941
1128,4985,7.719016
3045,4187,7.719142
1704,2896,7.719355
3281,4423,7.719369
2417,3559,7.719463
799,4606,7.719598
540,4397,7.719768
2153,3345,7.719869
3524,4666,7.719974
1284,2426,7.719986
3032,4174,7.720141
78,1220,7.720489
3180,4322,7.720558
341,1483,7.720603
2697,3839,7.720616
2507,3699,7.720766
734,4591,7.720792
1962,3104,7.720901
86,3943,7.721012
2293,3435,7.721113
2097,3239,7.721249
2581,3723,7.721368
2900,4092,7.721477
103,1295,7.721501
1874,3016,7.721739
3753,4945,7.721854
3640,4782,7.721898
2179,3321,7.722148
1949,3091,7.722206
3270,4412,7.722232
929,2071,7.722473
131,3988,7.722552
1638,2780,7.722792
2331,3473,7.722828
2421,3563,7.722845
3745,4887,7.723032
176,4033,7.723052
726,4583,7.723199
3360,4502,7.723747
1210,2352,7.723847
71,1213,7.723980
542,1684,7.723984
695,1837,7.724245
2905,4097,7.724414
527,1669,7.724521
2089,3231,7.724601
266,4123,7.724946
2810,3952,7.725059
2338,3480,7.725064
3450,4642,7.725095
1300,2492,7.725129
1029,4886,7.725469
3500,4692,7.725601
456,1648,7.725708
894,4701,7.725728
1449,2591,7.725747
2392,3534,7.725789
3335,4477,7.725832
1470,2612,7.725862
421,4278,7.725879
222,1364,7.725927
1165,2307,7.725978
2108,3250,7.726031
1872,3014,7.726080
1104,2296,7.726081
3051,4243,7.726087
1074,4931,7.726108
187,4044,7.726145
1130,4987,7.726206
931,2073,7.726268
277,4134,7.726278
1957,3149,7.726344
535,1677,7.726421
356,4213,7.726682
1236,2378,7.726694
2413,3555,7.727223
3758,4900,7.727241
302,4159,7.727259
1119,4976,7.727591
267,1409,7.728021
956,2148,7.728028
41,3898,7.728074
496,4303,7.728251
3356,4548,7.728604
2815,3957,7.728783
2752,3944,7.728927
1146,2288,7.729298
357,1549,7.729338
3274,4416,7.729465
67,1209,7.729556
586,4443,7.729641
875,2017,7.729809
741,4598,7.729959
492,4349,7.730004
830,1972,7.730153
1478,2620,7.730340
1014,2156,7.730714
1395,2537,7.731127
161,1303,7.731180
157,1349,7.731354
293,1435,7.731424
984,4841,7.731882
920,2062,7.732354
466,4323,7.732391
3191,4333,7.732436
297,1439,7.732972
636,4493,7.732993
3216,4358,7.733375
1818,2960,7.733654
556,4413,7.733741
13,1155,7.734211
153,1345,7.734233
1010,2152,7.734389
387,1529,7.734402
3470,4612,7.734997
1773,2915,7.735063
1809,2951,7.735185
2527,3669,7.735260
1584,2726,7.735520
641,1783,7.735779
785,1927,7.735836
840,4697,7.736035
1100,2292,7.736244
3380,4522,7.736253
3704,4896,7.736290
3605,4797,7.736299
1330,2472,7.736361
360,4217,7.736541
2761,3903,7.736543
1863,3005,7.737342
402,1594,7.737557
2273,3415,7.737707
2437,3579,7.737897
1240,2382,7.737910
2248,3390,7.738963
352,4209,7.739405
1953,3145,7.739442
1494,2636,7.739570
1728,2870,7.739936
2716,3858,7.740199
212,4069,7.740755
437,1579,7.740887
501,1693,7.741271
2093,3235,7.741354
866,2008,7.741805
2806,3998,7.742552
700,4557,7.743001
2662,3804,7.743003
2183,3325,7.743065
2671,3813,7.744181
601,4458,7.744353
2946,4088,7.744716
3614,4756,7.744760
3266,4408,7.744815
3659,4801,7.745558
1255,2447,7.745859
3036,4178,7.746681
3126,4268,7.747659
3799,4941,7.747983
1065,4922,7.748787
1380,2522,7.749281
1719,2861,7.750072
32,3889,7.750210
2323,3465,7.750461
795,4602,7.751142
3515,4657,7.751515
122,3979,7.752226
312,1454,7.753123
885,4742,7.753636
975,4832,7.755922
596,1738,7.756948
776,1918,7.757504
2572,3714,7.759043
686,1828,7.759510
511,4368,7.760755
1539,2681,7.762975
1629,2771,7.765602
3425,4567,7.768753
2482,3624,7.769224
490,3112,10.007414
373,2700,10.007510
1845,4172,10.007513
1690,4017,10.007537
1278,3900,10.007546
2478,4805,10.007647
1757,4429,10.007667
2066,4738,10.007681
1161,3538,10.007681
218,2595,10.007729
2633,4960,10.007746
644,3266,10.007781
527,2854,10.007806
1999,4326,10.007817
1433,4055,10.007844
1006,3383,10.007849
115,2787,10.007915
799,3421,10.007930
1315,3692,10.007935
335,2957,10.007938
1432,4054,10.007941
2169,4546,10.007950
903,3575,10.007997
1844,4171,10.008022
1123,3795,10.008023
1587,4209,10.008045
48,2375,10.008096
2221,4893,10.008107
2103,4480,10.008108
1741,4363,10.008113
836,3163,10.008116
2220,4892,10.008158
1624,3951,10.008163
1911,4583,10.008189
1212,3884,10.008252
2632,4959,10.008269
682,3009,10.008282
424,3096,10.008285
747,3074,10.008286
1535,3862,10.008312
1316,3693,10.008315
2412,4789,10.008323
2000,4672,10.008338
152,2529,10.008339
2258,4635,10.008342
1470,3847,10.008355
1145,3472,10.008372
1933,4260,10.008378
269,2941,10.008393
1521,4193,10.008438
372,2749,10.008450
2323,4650,10.008452
681,3008,10.008489
307,2684,10.008495
1404,3781,10.008514
733,3355,10.008518
116,2788,10.008523
2104,4481,10.008583
1042,3664,10.008600
798,3420,10.008637
2309,4981,10.008641
1896,4518,10.008642
99,2721,10.008644
2242,4569,10.008653
461,2838,10.008665
1830,4452,10.008676
616,2993,10.008683
925,3252,10.008693
1713,4090,10.008707
578,3200,10.008708
489,3111,10.008710
270,2942,10.008723
1602,4274,10.008729
1058,3730,10.008735
2567,4944,10.008739
1301,3973,10.008745
990,3317,10.008779
1234,3561,10.008786
814,3486,10.008787
513,3185,10.008789
63,2440,10.008822
822,3494,10.008830
1160,3537,10.008842
204,2876,10.008861
705,3082,10.008875
1057,3729,10.008881
446,2773,10.008886
904,3576,10.008912
343,2965,10.008921
226,2553,10.008967
34,2656,10.008979
1779,4106,10.008987
2155,4827,10.009009
2486,4813,10.009013
1469,3846,10.009020
137,2464,10.009048
851,3228,10.009058
2074,4746,10.009060
2294,4916,10.009067
1957,4334,10.009108
1277,3949,10.009113
2177,4504,10.009149
1742,4364,10.009159
1595,4217,10.009160
991,3318,10.009176
1586,4208,10.009202
1478,3805,10.009216
1765,4437,10.009221
49,2376,10.009238
2397,4724,10.009239
153,2530,10.009245
291,2618,10.009274
358,3030,10.009276
1066,3738,10.009279
1698,4025,10.009284
2501,4878,10.009285
2014,4391,10.009286
770,3147,10.009293
2088,4415,10.009299
180,2802,10.009309
2139,4761,10.009309
887,3509,10.009327
1286,3908,10.009337
2022,4399,10.009344
999,3326,10.009352
1367,4039,10.009370
1169,3546,10.009379
1299,3626,10.009381
1610,4282,10.009390
757,3429,10.009410
1985,4607,10.009428
690,3017,10.009432
1998,4325,10.009432
587,3209,10.009437
1530,4152,10.009438
1942,4269,10.009440
1413,3790,10.009441
278,2900,10.009445
2009,4681,10.009445
1543,3870,10.009447
2421,4798,10.009449
161,2538,10.009450
1226,3553,10.009453
1001,3673,10.009454
1366,4038,10.009458
1689,4016,10.009458
934,3261,10.009481
968,3640,10.009505
1131,3753,10.009516
522,3194,10.009526
470,2847,10.009539
1778,4105,10.009561
405,2782,10.009596
1014,3391,10.009596
1676,4348,10.009603
1868,4245,10.009614
837,3164,10.009622
58,2730,10.009659
579,3201,10.009668
602,3274,10.009691
1895,4517,10.009693
43,2665,10.009694
869,3246,10.009715
2065,4737,10.009719
457,3129,10.009720
986,3608,10.009741
390,2717,10.009765
1250,3627,10.009782
1456,4128,10.009790
1398,3725,10.009794
535,2862,10.009800
2318,4990,10.009804
1625,3952,10.009824
2253,4925,10.009829
2413,4790,10.009834
2600,4977,10.009855
2257,4634,10.009859
1465,4137,10.009866
1756,4428,10.009886
442,3064,10.009908
804,3181,10.009912
1559,3936,10.009914
592,2919,10.009924
123,2795,10.009927
1877,4204,10.009952
1389,3716,10.009956
325,2652,10.009965
921,3593,10.009970
2201,4578,10.009978
2131,4753,10.009995
2238,4860,10.010000
2186,4513,10.010005
1994,4616,10.010046
789,3116,10.010059
1380,3707,10.010061
47,2374,10.010064
2477,4804,10.010068
1333,3660,10.010072
6,2383,10.010074
2259,4636,10.010079
2585,4912,10.010092
856,3528,10.010095
377,3049,10.010105
977,3649,10.010108
2356,4733,10.010145
1839,4461,10.010185
841,3463,10.010197
1268,3645,10.010201
462,2839,10.010202
2121,4498,10.010208
1400,4072,10.010211
888,3510,10.010215
1197,3819,10.010227
1774,4446,10.010229
1203,3580,10.010231
260,2637,10.010241
2266,4643,10.010243
860,3237,10.010243
146,2473,10.010243
724,3051,10.010267
2173,4845,10.010300
114,2786,10.010312
1255,3927,10.010328
213,2885,10.010337
1188,3515,10.010340
1320,3992,10.010359
498,3120,10.010360
1385,4007,10.010369
1812,4189,10.010380
2168,4545,10.010405
625,2952,10.010423
1722,4099,10.010431
425,3097,10.010433
1602,3979,10.010435
1667,4044,10.010436
1854,4526,10.010438
312,2984,10.010453
381,2708,10.010458
1719,4391,10.010469
2520,4897,10.010480
2001,4673,10.010482
776,3448,10.010484
1709,4381,10.010486
217,2594,10.010487
742,3364,10.010498
1059,3731,10.010500
1657,4034,10.010510
2641,4968,10.010535
2066,4443,10.010535
1080,3407,10.010536
1240,3862,10.010551
1104,3481,10.010559
1213,3885,10.010568
1732,4059,10.010569
1929,4551,10.010571
1196,3818,10.010586
1558,3935,10.010588
1797,4124,10.010588
2229,4851,10.010591
2056,4433,10.010597
2183,4805,10.010599
1221,3893,10.010604
1079,3406,10.010607
526,2853,10.010609
1675,4347,10.010613
2112,4489,10.010625
1633,3960,10.010631
2530,4857,10.010633
1700,4372,10.010638
2131,4458,10.010640
1654,4326,10.010642
667,3339,10.010649
1784,4406,10.010652
2087,4414,10.010662
771,3148,10.010663
1787,4114,10.010664
659,3331,10.010680
270,2647,10.010704
550,2927,10.010714
1310,3982,10.010723
322,2994,10.010730
1497,4119,10.010735
2154,4826,10.010737
2118,4790,10.010753
245,2572,10.010767
50,2722,10.010770
659,3036,10.010772
2341,4668,10.010778
734,3061,10.010783
188,2810,10.010800
2595,4922,10.010818
1123,3450,10.010831
2108,4780,10.010832
786,3408,10.010836
668,3340,10.010838
2566,4943,10.010841
1198,3525,10.010843
1642,3969,10.010843
1849,4471,10.010850
1864,4536,10.010852
1295,3917,10.010854
2543,4870,10.010869
205,2582,10.010892
1612,3989,10.010900
71,2448,10.010909
1375,4047,10.010923
1587,3914,10.010934
2248,4870,10.010935
387,3009,10.010952
643,3265,10.010960
2196,4523,10.010963
1200,3872,10.010974
306,2683,10.010976
2076,4403,10.010978
334,2956,10.010984
1694,4316,10.010995
81,2408,10.010995
2285,4907,10.011024
1897,4519,10.011034
801,3473,10.011037
2331,4658,10.011043
2193,4815,10.011065
1243,3570,10.011066
280,2607,10.011069
669,3046,10.011071
1265,3937,10.011075
1729,4351,10.011077
2001,4378,10.011082
2540,4867,10.011113
359,3031,10.011119
551,2928,10.011128
744,3071,10.011128
423,3095,10.011145
2276,4603,10.011151
1664,4336,10.011171
1934,4261,10.011178
335,2662,10.011179
2211,4588,10.011194
1919,4591,10.011202
1275,3947,10.011206
198,2820,10.011216
297,2919,10.011220
1258,3635,10.011221
2455,4832,10.011222
811,3483,10.011233
1178,3505,10.011269
2465,4842,10.011286
711,3383,10.011289
1739,4361,10.011290
1230,3852,10.011290
1158,3535,10.011292
2041,4368,10.011309
397,3019,10.011317
1133,3460,10.011318
2565,4942,10.011331
308,2685,10.011332
2101,4478,10.011334
2610,4987,10.011340
332,2954,10.011347
835,3162,10.011351
2263,4935,10.011358
799,3126,10.011362
2310,4982,10.011363
1005,3382,10.011372
1146,3473,10.011377
1802,4179,10.011389
189,2811,10.011401
769,3146,10.011407
2555,4932,10.011414
1175,3847,10.011425
560,2937,10.011436
1687,4014,10.011457
831,3453,10.011467
2128,4750,10.011468
1213,3590,10.011475
16,2393,10.011477
2141,4468,10.011489
305,2682,10.011501
1577,3904,10.011503
1300,3972,10.011507
1677,4004,10.011514
357,3029,10.011517
1233,3560,10.011518
1859,4236,10.011539
1764,4436,10.011543
2153,4825,10.011548
896,3518,10.011562
257,2929,10.011566
746,3073,10.011567
292,2619,10.011577
2640,4967,10.011585
1071,3448,10.011589
2328,4950,10.011589
992,3319,10.011594
902,3574,10.011599
1440,4062,10.011605
1622,3999,10.011618
2176,4503,10.011625
1639,4261,10.011634
844,3171,10.011639
1223,3550,10.011642
677,3349,10.011649
72,2449,10.011655
1597,3924,10.011664
402,3074,10.011667
886,3508,10.011698
2218,4890,10.011728
796,3418,10.011736
380,2707,10.011754
25,2697,10.011755
766,3438,10.011765
133,2755,10.011823
3,2675,10.011826
2093,4715,10.011831
1113,3490,10.011836
759,3136,10.011839
180,2507,10.011840
350,2727,10.011844
1122,3794,10.011852
1089,3416,10.011853
1323,3650,10.011855
432,3054,10.011885
2332,4659,10.011886
911,3583,10.011886
2228,4850,10.011891
1314,3691,10.011891
215,2592,10.011911
1522,4194,10.011913
1712,4089,10.011914
1697,4024,10.011918
866,3538,10.011919
283,2610,10.011922
1629,4251,10.011923
2053,4725,10.011930
714,3091,10.011934
644,2971,10.011940
721,3393,10.011950
779,3106,10.011953
821,3493,10.011970
2243,4570,10.011972
345,2672,10.012007
1754,4426,10.012024
68,2740,10.012028
2502,4879,10.012030
422,3094,10.012036
1156,3828,10.012042
597,3219,10.012049
290,2617,10.012053
1330,3952,10.012081
1780,4107,10.012089
1920,4592,10.012092
1423,3750,10.012092
2208,4880,10.012117
1954,4626,10.012132
1058,3435,10.012133
1165,3837,10.012134
2293,4915,10.012142
1794,4416,10.012146
2011,4388,10.012154
480,2807,10.012167
158,2830,10.012171
2086,4413,10.012174
545,2872,10.012182
1034,3361,10.012212
1568,3945,10.012212
1431,4053,10.012234
1011,3683,10.012242
734,3356,10.012243
813,3485,10.012244
1565,4237,10.012259
1803,4180,10.012271
814,3191,10.012271
2568,4945,10.012308
2441,4768,10.012317
1887,4214,10.012328
1340,3962,10.012335
190,2517,10.012337
1210,3882,10.012340
699,3026,10.012350
415,2792,10.012358
1685,4307,10.012362
1298,3625,10.012368
497,3119,10.012374
645,2972,10.012392
367,3039,10.012398
1534,3861,10.012407
1441,4063,10.012420
1522,3899,10.012427
91,2418,10.012428
467,3139,10.012435
2630,4957,10.012453
302,2974,10.012473
2140,4762,10.012473
1185,3807,10.012476
1976,4648,10.012485
2097,4424,10.012487
1176,3848,10.012488
701,3373,10.012491
2119,4791,10.012491
323,2995,10.012495
1588,3915,10.012505
1199,3526,10.012525
712,3384,10.012530
1324,3651,10.012539
622,3294,10.012547
612,3284,10.012547
679,3006,10.012558
181,2508,10.012558
959,3336,10.012567
2164,4836,10.012585
1977,4304,10.012586
1730,4352,10.012589
1831,4453,10.012592
1540,4162,10.012601
1976,4303,10.012606
437,2764,10.012606
1101,3773,10.012608
1278,3605,10.012610
2002,4379,10.012614
876,3548,10.012614
2366,4743,10.012618
570,2947,10.012619
912,3584,10.012626
1843,4170,10.012632
2440,4767,10.012646
315,2692,10.012650
2576,4903,10.012655
1188,3810,10.012663
1405,3782,10.012678
845,3172,10.012681
1512,3889,10.012685
1498,3825,10.012688
316,2693,10.012695
2556,4933,10.012696
1703,4080,10.012696
2111,4488,10.012698
433,3055,10.012704
877,3549,10.012705
203,2875,10.012708
136,2463,10.012710
1829,4451,10.012716
615,2992,10.012738
2284,4906,10.012742
2396,4723,10.012746
346,2673,10.012757
1285,3907,10.012775
206,2583,10.012776
232,2854,10.012800
580,3202,10.012802
732,3354,10.012803
1984,4606,10.012814
412,3084,10.012827
2475,4802,10.012839
1742,4069,10.012840
2142,4469,10.012841
1986,4313,10.012842
488,3110,10.012853
2029,4651,10.012857
760,3137,10.012858
704,3081,10.012886
604,2981,10.012888
2166,4543,10.012888
1098,3425,10.012898
2023,4350,10.012902
1144,3471,10.012903
250,2627,10.012904
1024,3351,10.012912
834,3161,10.012914
1867,4244,10.012914
532,3154,10.012942
2620,4997,10.012945
1266,3938,10.012948
850,3227,10.012952
2156,4533,10.012952
931,3553,10.012977
787,3409,10.012984
1225,3552,10.013026
287,2909,10.013032
2500,4877,10.013036
1211,3883,10.013041
1601,4273,10.013043
1455,4127,10.013048
233,2855,10.013060
735,3062,10.013070
33,2655,10.013070
696,3318,10.013072
944,3271,10.013079
1341,3963,10.013084
1910,4582,10.013090
24,2696,10.013091
235,2562,10.013093
879,3206,10.013101
1958,4335,10.013102
162,2539,10.013120
617,2994,10.013154
1015,3392,10.013160
1649,4271,10.013191
2531,4858,10.013197
1686,4308,10.013204
1132,3754,10.013208
1714,4091,10.013213
1388,3715,10.013217
1623,3950,10.013218
1674,4346,10.013231
1368,4040,10.013231
1475,4147,10.013235
2512,4889,10.013235
1613,3990,10.013248
634,2961,10.013266
1141,3763,10.013272
1820,4492,10.013274
743,3365,10.013278
1659,4036,10.013293
1702,4079,10.013293
1059,3436,10.013303
1611,4283,10.013311
1105,3482,10.013323
1655,4327,10.013324
2156,4828,10.013348
2240,4862,10.013373
2167,4544,10.013387
1387,4009,10.013390
833,3455,10.013393
1365,4037,10.013397
2400,4777,10.013405
1395,4017,10.013420
2301,4678,10.013421
859,3236,10.013422
976,3648,10.013422
806,3183,10.013432
716,3093,10.013436
1740,4362,10.013438
1596,4218,10.013442
1124,3451,10.013443
2002,4674,10.013443
1043,3665,10.013463
534,3156,10.013471
1143,3470,10.013477
1110,3782,10.013477
2510,4887,10.013478
370,2747,10.013486
1289,3616,10.013488
1360,3737,10.013536
298,2920,10.013549
507,2884,10.013558
1564,4236,10.013562
2213,4590,10.013563
279,2901,10.013574
2194,4816,10.013576
2388,4715,10.013584
504,3176,10.013589
1640,4262,10.013596
1569,3946,10.013597
2303,4680,10.013599
1100,3772,10.013610
2322,4699,10.013615
2031,4653,10.013618
1503,3880,10.013620
1068,3445,10.013626
1288,3615,10.013626
2330,4952,10.013634
2094,4716,10.013637
505,2882,10.013641
252,2629,10.013653
2028,4650,10.013654
444,3066,10.013655
2602,4979,10.013665
1076,3748,10.013693
1544,3871,10.013696
2102,4479,10.013703
1513,3890,10.013703
1178,3800,10.013705
413,3085,10.013724
2575,4902,10.013728
1809,4481,10.013739
1902,4279,10.013740
687,3309,10.013744
106,2483,10.013757
235,2857,10.013759
1450,3827,10.013762
2004,4381,10.013765
2013,4390,10.013769
1343,3670,10.013773
371,2748,10.013780
267,2939,10.013782
1088,3710,10.013784
1151,3528,10.013794
2495,4822,10.013803
325,2997,10.013807
686,3308,10.013807
170,2547,10.013823
1297,3919,10.013827
1302,3974,10.013831
996,3618,10.013832
348,2675,10.013838
1941,4563,10.013852
824,3151,10.013855
2422,4799,10.013876
1477,4149,10.013883
115,2492,10.013883
2241,4568,10.013891
1822,4494,10.013891
1086,3708,10.013902
1550,3927,10.013915
2144,4471,10.013916
2273,4945,10.013920
1342,3964,10.013921
2075,4747,10.013938
2466,4843,10.013945
647,2974,10.013946
969,3641,10.013949
1620,4292,10.013953
360,2737,10.013957
2209,4881,10.013972
417,2794,10.013973
398,3020,10.013980
1799,4126,10.014001
2219,4891,10.014016
1291,3618,10.014026
1749,4371,10.014029
2283,4905,10.014029
1574,4246,10.014038
967,3639,10.014042
2098,4425,10.014053
1935,4262,10.014066
1776,4448,10.014069
2100,4772,10.014096
205,2877,10.014101
463,2840,10.014110
901,3573,10.014114
1082,3409,10.014121
2148,4770,10.014127
879,3501,10.014128
1732,4354,10.014129
438,2765,10.014129
1168,3545,10.014138
2121,4793,10.014140
26,2698,10.014147
242,2864,10.014153
2063,4735,10.014153
208,2585,10.014153
1270,3647,10.014160
624,3296,10.014163
222,2894,10.014171
229,2556,10.014176
1912,4289,10.014208
1061,3438,10.014209
62,2439,10.014212
1678,4005,10.014222
1912,4584,10.014222
1703,4375,10.014232
2163,4835,10.014259
579,2906,10.014260
926,3253,10.014262
2032,4359,10.014265
342,2964,10.014291
850,3522,10.014291
139,2466,10.014292
603,3275,10.014293
1914,4291,10.014303
1268,3940,10.014334
1757,4134,10.014336
47,2669,10.014360
670,3047,10.014360
206,2878,10.014364
1613,4285,10.014366
2631,4958,10.014382
946,3273,10.014385
445,2772,10.014386
436,2763,10.014402
2025,4352,10.014411
2123,4450,10.014429
1235,3562,10.014439
1172,3549,10.014442
2089,4416,10.014442
1816,4193,10.014443
145,2767,10.014444
1251,3628,10.014449
760,3432,10.014455
319,2696,10.014460
2443,4770,10.014462
802,3474,10.014466
1843,4465,10.014468
990,3612,10.014472
1224,3551,10.014472
137,2759,10.014476
626,2953,10.014479
1906,4283,10.014490
2138,4760,10.014490
1819,4491,10.014498
415,3087,10.014520
1053,3430,10.014522
963,3340,10.014549
923,3595,10.014552
2149,4771,10.014552
2579,4906,10.014563
116,2493,10.014566
1488,3815,10.014573
1222,3894,10.014575
200,2577,10.014582
2130,4752,10.014594
1532,3859,10.014601
2083,4705,10.014611
1358,3735,10.014616
1245,3572,10.014623
998,3620,10.014643
1410,4082,10.014647
1724,4396,10.014682
110,2487,10.014687
2234,4561,10.014691
1726,4053,10.014693
340,2667,10.014694
271,2648,10.014699
1814,4486,10.014699
1033,3360,10.014711
1497,3824,10.014714
916,3293,10.014715
1193,3520,10.014728
2430,4757,10.014732
1557,3934,10.014742
961,3633,10.014760
1777,4104,10.014761
2221,4598,10.014762
1590,3917,10.014765
2232,4559,10.014782
2038,4660,10.014786
2046,4373,10.014791
304,2976,10.014794
93,2420,10.014798
1043,3370,10.014802
487,3109,10.014808
2511,4888,10.014811
1705,4082,10.014817
852,3229,10.014824
871,3543,10.014836
1051,3723,10.014838
2558,4935,10.014841
1381,3708,10.014841
128,2455,10.014849
1201,3873,10.014852
873,3200,10.014852
2096,4423,10.014854
1355,4027,10.014856
2031,4358,10.014859
1634,4256,10.014866
227,2899,10.014868
248,2870,10.014869
569,2946,10.014874
1911,4288,10.014877
1904,4576,10.014882
179,2801,10.014889
108,2780,10.014892
789,3411,10.014899
2067,4444,10.014911
1801,4473,10.014912
1523,4195,10.014923
536,2863,10.014930
1704,4081,10.014938
1080,3702,10.014950
338,2960,10.014962
528,2855,10.014965
697,3319,10.014984
430,2757,10.014985
2107,4484,10.014988
1642,4264,10.014996
2017,4394,10.014996
1479,3806,10.014998
670,3342,10.015013
1933,4555,10.015028
823,3495,10.015030
13,2685,10.015032
251,2628,10.015039
1191,3813,10.015039
20,2397,10.015047
731,3353,10.015052
18,2690,10.015057
1755,4427,10.015063
737,3064,10.015063
2247,4574,10.015064
514,3186,10.015065
138,2465,10.015075
941,3563,10.015075
70,2742,10.015082
409,2786,10.015093
781,3403,10.015097
1241,3863,10.015099
1555,4227,10.015100
1927,4254,10.015112
1394,3721,10.015122
1199,3821,10.015125
1283,3610,10.015131
2489,4816,10.015132
656,3328,10.015134
477,3149,10.015136
118,2495,10.015140
1254,3631,10.015140
1262,3639,10.015140
428,3050,10.015142
124,2796,10.015148
346,2968,10.015159
2115,4492,10.015163
1484,3811,10.015163
1356,4028,10.015173
1939,4561,10.015179
2044,4666,10.015199
2337,4664,10.015200
691,3018,10.015201
2375,4702,10.015206
105,2482,10.015219
1567,4239,10.015226
368,3040,10.015231
1164,3541,10.015238
1574,3901,10.015247
660,3037,10.015258
327,2654,10.015263
392,2719,10.015263
1157,3829,10.015272
1636,3963,10.015284
1544,4166,10.015286
631,2958,10.015303
2136,4463,10.015305
369,3041,10.015308
721,3098,10.015309
7,2384,10.015326
1281,3903,10.015335
971,3348,10.015337
541,2868,10.015341
811,3188,10.015346
2211,4883,10.015346
1874,4546,10.015346
1664,4041,10.015357
1667,4339,10.015359
1837,4164,10.015361
2427,4754,10.015378
2456,4833,10.015381
780,3107,10.015387
518,3190,10.015387
2550,4927,10.015395
901,3278,10.015402
2308,4980,10.015416
520,2897,10.015423
150,2527,10.015427
23,2695,10.015428
2077,4404,10.015430
1074,3401,10.015439
401,2778,10.015440
2267,4644,10.015462
1041,3368,10.015468
1630,4252,10.015468
1523,3850,10.015471
783,3110,10.015472
1754,4131,10.015480
2019,4691,10.015480
317,2989,10.015492
897,3519,10.015504
51,2723,10.015505
1099,3426,10.015514
223,2895,10.015519
1684,4306,10.015520
2542,4869,10.015526
1966,4343,10.015526
143,2765,10.015527
1131,3458,10.015537
1457,3834,10.015537
1855,4527,10.015556
825,3152,10.015564
2335,4957,10.015577
1677,4349,10.015580
691,3313,10.015580
2517,4894,10.015580
1259,3636,10.015581
1822,4199,10.015587
98,2425,10.015588
2245,4867,10.015593
1824,4151,10.015598
706,3083,10.015600
1221,3598,10.015603
1894,4221,10.015605
1358,4030,10.015605
1788,4115,10.015607
1376,4048,10.015615
1313,3690,10.015616
1967,4344,10.015617
311,2688,10.015617
188,2515,10.015618
2134,4756,10.015619
1889,4216,10.015642
2105,4777,10.015647
591,2918,10.015653
1520,4192,10.015655
714,3386,10.015657
278,2605,10.015663
1311,3688,10.015665
1932,4259,10.015674
608,3280,10.015675
1403,3780,10.015679
1619,4291,10.015680
1170,3842,10.015682
1373,3700,10.015693
1371,4043,10.015700
2257,4929,10.015703
1180,3507,10.015712
167,2839,10.015713
368,2745,10.015720
1401,3778,10.015722
1984,4311,10.015723
889,3511,10.015730
2049,4671,10.015737
1041,3663,10.015747
2015,4687,10.015749
125,2452,10.015764
984,3311,10.015766
2018,4690,10.015769
1747,4074,10.015773
1541,3868,10.015775
458,2835,10.015788
2607,4984,10.015791
2074,4401,10.015826
1631,3958,10.015828
505,3177,10.015834
2411,4788,10.015846
924,3251,10.015858
2023,4695,10.015864
447,2774,10.015866
598,2925,10.015869
1996,4323,10.015875
2010,4682,10.015882
1721,4098,10.015888
221,2598,10.015893
2338,4960,10.015897
1632,3959,10.015910
2164,4541,10.015910
2487,4814,10.015912
1925,4597,10.015913
2231,4558,10.015932
969,3346,10.015932
5,2677,10.015933
2286,4908,10.015935
2460,4837,10.015940
2621,4998,10.015946
1866,4538,10.015952
762,3139,10.015959
1811,4188,10.015962
688,3015,10.015965
2254,4631,10.015973
610,2987,10.015974
1404,4076,10.015983
748,3370,10.015985
2226,4553,10.015994
1033,3655,10.015995
75,2747,10.015996
621,3293,10.016000
151,2528,10.016001
512,3184,10.016013
2394,4721,10.016014
2324,4651,10.016026
549,2876,10.016027
1615,3992,10.016029
756,3428,10.016033
2054,4726,10.016035
2484,4811,10.016036
132,2754,10.016037
42,2664,10.016040
2574,4901,10.016043
1901,4278,10.016062
2398,4725,10.016065
1572,4244,10.016071
1085,3707,10.016074
2533,4860,10.016077
1482,4104,10.016082
778,3105,10.016084
1379,3706,10.016087
1821,4493,10.016090
1662,4334,10.016091
2165,4837,10.016105
281,2608,10.016107
1461,4133,10.016111
157,2829,10.016112
2224,4896,10.016115
2188,4515,10.016115
2399,4726,10.016117
2084,4706,10.016119
1392,4014,10.016130
1752,4424,10.016139
344,2966,10.016143
2468,4845,10.016148
1835,4457,10.016156
1352,3729,10.016165
1471,3848,10.016177
165,2837,10.016186
268,2940,10.016205
225,2552,10.016208
1485,4107,10.016215
1892,4514,10.016215
1036,3363,10.016216
1252,3924,10.016223
868,3245,10.016233
894,3221,10.016247
1575,4247,10.016261
1546,3873,10.016263
1567,3944,10.016264
542,3164,10.016268
2205,4582,10.016271
2033,4360,10.016273
425,2752,10.016275
618,2995,10.016285
1767,4144,10.016287
131,2458,10.016290
245,2867,10.016291
838,3460,10.016302
407,3079,10.016309
1795,4417,10.016312
1982,4604,10.016319
551,3223,10.016320
699,3321,10.016322
1549,4171,10.016333
436,3058,10.016339
2142,4764,10.016348
255,2927,10.016351
858,3530,10.016353
1289,3911,10.016365
1162,3834,10.016371
1607,3984,10.016379
191,2518,10.016380
1463,3840,10.016381
1665,4337,10.016391
899,3226,10.016400
1500,4172,10.016402
1120,3792,10.016403
631,3253,10.016419
2365,4742,10.016421
958,3335,10.016422
2286,4613,10.016437
2021,4398,10.016439
1894,4516,10.016441
693,3020,10.016455
2072,4744,10.016455
1075,3747,10.016456
680,3007,10.016459
889,3216,10.016468
632,3254,10.016469
1303,3680,10.016470
1680,4007,10.016475
395,3017,10.016485
51,2428,10.016490
1745,4367,10.016496
1921,4298,10.016501
658,3330,10.016511
985,3607,10.016540
1551,4223,10.016545
1502,4174,10.016558
1554,4226,10.016558
282,2609,10.016573
485,3107,10.016583
1072,3744,10.016584
2577,4904,10.016588
2496,4823,10.016599
1502,3879,10.016600
928,3550,10.016608
895,3517,10.016609
700,3077,10.016609
1260,3932,10.016626
2162,4834,10.016629
503,3175,10.016637
988,3610,10.016638
575,3247,10.016643
898,3520,10.016645
755,3427,10.016653
1214,3591,10.016653
227,2554,10.016655
35,2657,10.016657
2314,4986,10.016661
665,3337,10.016666
1013,3685,10.016672
258,2930,10.016686
2167,4839,10.016698
2021,4693,10.016699
2370,4747,10.016726
1195,3817,10.016731
1560,3937,10.016750
1931,4553,10.016753
727,3054,10.016764
722,3394,10.016766
797,3419,10.016767
1963,4635,10.016785
183,2510,10.016788
2316,4693,10.016822
1134,3461,10.016824
45,2667,10.016826
758,3430,10.016828
1760,4137,10.016829
41,2368,10.016833
1634,3961,10.016838
827,3154,10.016842
1078,3700,10.016845
2252,4924,10.016848
637,2964,10.016854
28,2355,10.016863
1711,4383,10.016872
982,3604,10.016878
2111,4783,10.016885
719,3391,10.016886
171,2843,10.016892
1018,3690,10.016892
812,3484,10.016894
629,3251,10.016895
754,3131,10.016910
809,3481,10.016922
2113,4785,10.016932
1670,4047,10.016939
2376,4703,10.016942
817,3194,10.016944
539,3161,10.016952
1605,4277,10.016953
1204,3876,10.016956
388,3010,10.016964
214,2886,10.016965
1335,3662,10.016974
2311,4983,10.016975
1691,4313,10.016984
1314,3986,10.016996
949,3571,10.017002
2311,4688,10.017003
81,2703,10.017006
1841,4463,10.017008
1850,4227,10.017019
589,2916,10.017022
2287,4909,10.017028
1114,3786,10.017053
236,2563,10.017054
772,3149,10.017063
449,3071,10.017063
1986,4608,10.017065
435,2762,10.017066
2197,4819,10.017083
1312,3984,10.017088
614,2991,10.017088
1155,3827,10.017092
1044,3371,10.017095
853,3230,10.017104
261,2933,10.017114
993,3320,10.017116
15,2392,10.017123
1936,4263,10.017124
1039,3661,10.017126
78,2700,10.017129
1159,3536,10.017131
1108,3780,10.017143
347,2969,10.017157
1553,3930,10.017163
2301,4973,10.017170
547,2874,10.017172
2349,4971,10.017186
1517,3894,10.017210
639,2966,10.017217
1380,4002,10.017219
77,2404,10.017233
1344,3966,10.017233
2026,4353,10.017234
309,2981,10.017236
2184,4806,10.017237
881,3208,10.017247
892,3514,10.017269
98,2720,10.017269
547,3169,10.017281
135,2757,10.017291
1129,3751,10.017298
840,3167,10.017301
1029,3356,10.017301
1168,3840,10.017303
1580,3907,10.017308
2323,4995,10.017311
1724,4051,10.017319
86,2413,10.017330
1657,4329,10.017347
2062,4439,10.017348
1220,3892,10.017351
1248,3870,10.017352
2201,4873,10.017353
1290,3912,10.017353
1095,3717,10.017358
461,3133,10.017358
2233,4560,10.017385
0,2377,10.017386
1928,4550,10.017387
437,3059,10.017397
904,3281,10.017400
1430,4052,10.017400
160,2832,10.017405
207,2879,10.017409
2613,4990,10.017410
1781,4403,10.017410
1416,4088,10.017422
1701,4373,10.017429
2295,4917,10.017433
907,3284,10.017437
1445,3772,10.017441
383,3005,10.017446
50,2427,10.017447
1498,4120,10.017452
1846,4173,10.017461
2401,4778,10.017464
1603,3980,10.017469
1492,3819,10.017470
1070,3447,10.017470
1024,3696,10.017475
303,2975,10.017478
473,3145,10.017480
219,2891,10.017481
504,2881,10.017492
763,3140,10.017495
122,2499,10.017498
2057,4729,10.017502
237,2564,10.017505
1338,3960,10.017512
1119,3496,10.017514
1343,3965,10.017515
2410,4787,10.017518
1219,3891,10.017524
1838,4460,10.017525
1065,3442,10.017526
90,2417,10.017534
1972,4349,10.017539
2148,4475,10.017547
2278,4900,10.017549
1515,4187,10.017551
1276,3948,10.017556
1990,4317,10.017558
580,2907,10.017563
2196,4818,10.017574
2348,4970,10.017576
1083,3410,10.017585
26,2353,10.017597
1452,4124,10.017611
1428,4050,10.017621
32,2359,10.017624
1748,4370,10.017624
1470,4142,10.017626
1140,3762,10.017628
419,3091,10.017639
777,3449,10.017654
968,3345,10.017659
939,3266,10.017672
1518,4190,10.017675
1608,4280,10.017675
407,2784,10.017679
1406,3783,10.017679
1101,3478,10.017680
645,3267,10.017683
2345,4672,10.017684
672,3049,10.017694
1155,3532,10.017707
1487,3814,10.017717
351,3023,10.017721
1734,4061,10.017721
1768,4145,10.017725
509,3181,10.017725
1506,4178,10.017725
2385,4712,10.017740
1350,4022,10.017742
2431,4758,10.017743
68,2445,10.017746
399,3021,10.017747
455,3127,10.017748
2406,4783,10.017756
158,2535,10.017768
752,3424,10.017776
664,3041,10.017786
1953,4625,10.017789
246,2573,10.017790
2280,4607,10.017790
2152,4529,10.017797
1688,4015,10.017806
1326,3998,10.017806
1067,3739,10.017806
2008,4385,10.017809
1871,4543,10.017809
1309,3981,10.017810
167,2544,10.017810
129,2751,10.017811
104,2481,10.017813
2233,4855,10.017823
2184,4511,10.017831
2094,4421,10.017836
2116,4493,10.017847
553,2930,10.017848
526,3198,10.017852
2414,4791,10.017858
1368,3745,10.017864
482,2809,10.017865
715,3092,10.017867
2042,4369,10.017874
635,2962,10.017876
1525,3852,10.017878
804,3476,10.017878
2130,4457,10.017880
1490,3817,10.017893
1884,4506,10.017902
1166,3838,10.017903
1448,4070,10.017905
1538,4160,10.017911
607,2984,10.017925
1434,4056,10.017935
956,3628,10.017936
176,2503,10.017943
1198,3820,10.017944
1097,3424,10.017952
1496,4118,10.017953
1484,4106,10.017958
1379,4001,10.017968
1150,3822,10.017971
1561,3938,10.017975
401,3073,10.017981
1362,4034,10.017982
1693,4020,10.018009
1088,3415,10.018011
1187,3514,10.018012
225,2897,10.018019
930,3257,10.018023
1420,4092,10.018025
1584,4206,10.018026
1987,4314,10.018028
2232,4854,10.018029
708,3085,10.018032
1432,3759,10.018036
1814,4191,10.018038
293,2915,10.018042
2448,4775,10.018049
1258,3930,10.018055
2541,4868,10.018061
2523,4850,10.018061
1869,4246,10.018065
2538,4865,10.018069
2077,4749,10.018077
975,3302,10.018083
2238,4565,10.018087
2308,4685,10.018091
1103,3480,10.018092
117,2789,10.018098
1592,4214,10.018101
781,3108,10.018117
212,2589,10.018119
459,3131,10.018126
1011,3388,10.018127
2378,4705,10.018133
1979,4306,10.018135
2341,4963,10.018144
541,3163,10.018144
2628,4955,10.018150
1241,3568,10.018155
1449,4071,10.018166
1961,4633,10.018168
934,3556,10.018176
46,2373,10.018181
2178,4505,10.018186
527,3199,10.018189
1706,4083,10.018191
2203,4875,10.018191
2218,4595,10.018198
563,3235,10.018209
140,2467,10.018212
832,3454,10.018218
1967,4639,10.018235
365,3037,10.018236
39,2661,10.018239
673,3000,10.018239
966,3638,10.018242
942,3564,10.018243
595,3217,10.018246
1090,3417,10.018267
1111,3783,10.018272
1539,4161,10.018274
1047,3374,10.018287
96,2718,10.018290
2319,4991,10.018291
1968,4345,10.018291
2587,4914,10.018297
14,2391,10.018303
1882,4209,10.018303
1427,3754,10.018304
1425,4097,10.018314
1394,4016,10.018315
2040,4367,10.018327
317,2694,10.018338
329,2951,10.018346
514,2891,10.018347
2265,4937,10.018367
1224,3896,10.018370
637,3259,10.018372
2623,4950,10.018373
257,2634,10.018373
1209,3586,10.018374
2128,4455,10.018376
1025,3352,10.018377
244,2571,10.018378
1322,3994,10.018413
2256,4633,10.018414
289,2911,10.018416
662,3334,10.018419
2269,4941,10.018428
171,2548,10.018435
360,3032,10.018437
490,2817,10.018446
559,3231,10.018464
2188,4810,10.018467
2051,4723,10.018476
1897,4224,10.018483
689,3016,10.018483
1458,3835,10.018486
2080,4407,10.018491
186,2808,10.018495
989,3316,10.018500
2244,4571,10.018506
1244,3571,10.018527
1187,3809,10.018541
2220,4597,10.018560
849,3176,10.018566
1173,3500,10.018567
1509,4181,10.018568
935,3262,10.018571
1124,3796,10.018573
2305,4977,10.018575
544,2871,10.018580
729,3056,10.018617
1003,3380,10.018620
181,2803,10.018633
2038,4365,10.018633
1560,4232,10.018636
1896,4223,10.018637
1716,4093,10.018640
1350,3727,10.018655
2485,4812,10.018662
379,3001,10.018667
82,2409,10.018674
1770,4147,10.018676
649,3271,10.018680
1295,3622,10.018698
2067,4739,10.018709
298,2625,10.018721
2191,4813,10.018725
37,2659,10.018725
2013,4685,10.018728
361,2738,10.018732
371,3043,10.018733
629,2956,10.018742
773,3100,10.018747
1232,3854,10.018751
1020,3397,10.018753
1954,4331,10.018756
491,3113,10.018763
2546,4873,10.018765
276,2948,10.018768
1956,4628,10.018770
1023,3350,10.018772
2571,4948,10.018782
926,3598,10.018782
1646,4268,10.018785
1311,3983,10.018791
404,2781,10.018792
1918,4295,10.018801
2143,4765,10.018810
1236,3858,10.018810
557,3229,10.018811
2274,4601,10.018819
1858,4235,10.018831
2300,4972,10.018836
1126,3453,10.018848
2605,4982,10.018859
2461,4838,10.018873
1518,3895,10.018878
1308,3980,10.018879
2337,4959,10.018880
1412,4084,10.018881
1860,4237,10.018889
1869,4541,10.018890
1783,4110,10.018892
1070,3742,10.018903
397,2724,10.018906
1609,4281,10.018907
2281,4903,10.018909
574,2901,10.018909
1766,4438,10.018912
741,3363,10.018915
2433,4760,10.018916
502,3174,10.018924
431,2758,10.018931
311,2983,10.018938
957,3334,10.018939
1572,3949,10.018944
314,2691,10.018948
2292,4619,10.018950
1374,3701,10.018972
1628,4250,10.018979
1948,4275,10.018980
768,3440,10.018988
1490,4112,10.018992
1671,4343,10.018999
980,3602,10.019002
1582,3909,10.019008
1723,4050,10.019008
1060,3732,10.019016
2206,4583,10.019020
44,2371,10.019023
676,3348,10.019030
1904,4281,10.019032
683,3010,10.019040
91,2713,10.019041
224,2551,10.019041
2157,4829,10.019047
782,3404,10.019049
315,2987,10.019051
761,3138,10.019056
1457,4129,10.019058
287,2614,10.019061
1878,4205,10.019064
1512,4184,10.019065
575,2902,10.019065
134,2461,10.019067
1815,4487,10.019068
584,3206,10.019071
950,3327,10.019077
871,3248,10.019087
288,2910,10.019107
728,3350,10.019110
844,3466,10.019112
1524,4196,10.019114
366,3038,10.019118
1662,4039,10.019121
2058,4435,10.019128
1527,4199,10.019131
1272,3944,10.019138
1398,4020,10.019141
2119,4496,10.019150
1081,3408,10.019151
2300,4677,10.019152
27,2699,10.019171
2190,4517,10.019172
1840,4462,10.019176
1943,4270,10.019177
2263,4640,10.019182
1466,4138,10.019183
485,2812,10.019183
440,3062,10.019183
2157,4534,10.019186
2317,4694,10.019190
2278,4605,10.019201
142,2764,10.019202
153,2825,10.019203
1277,3604,10.019206
266,2643,10.019212
917,3294,10.019214
1078,3405,10.019221
572,3244,10.019221
588,3210,10.019227
1975,4302,10.019229
1877,4549,10.019236
1032,3359,10.019244
1598,3925,10.019257
1616,3993,10.019263
127,2799,10.019267
1335,3957,10.019269
1176,3503,10.019283
583,2910,10.019287
888,3215,10.019289
2202,4579,10.019292
1230,3557,10.019296
2175,4847,10.019297
54,2431,10.019304
177,2849,10.019309
885,3212,10.019311
471,2848,10.019324
2515,4892,10.019334
1886,4213,10.019336
2435,4762,10.019355
143,2470,10.019360
1831,4158,10.019362
59,2731,10.019367
2272,4944,10.019375
296,2918,10.019375
1383,4005,10.019382
872,3544,10.019382
2255,4927,10.019390
487,2814,10.019393
2407,4784,10.019396
1725,4397,10.019405
88,2710,10.019412
921,3298,10.019419
89,2416,10.019423
1808,4185,10.019428
460,2837,10.019431
1959,4631,10.019433
577,3249,10.019441
1842,4169,10.019445
2481,4808,10.019459
1320,3697,10.019463
1110,3487,10.019469
1923,4595,10.019470
1433,3760,10.019470
2310,4687,10.019482
556,3228,10.019483
2328,4655,10.019504
978,3305,10.019519
1682,4304,10.019528
273,2600,10.019530
1214,3886,10.019541
1137,3464,10.019544
406,2783,10.019544
64,2441,10.019546
727,3399,10.019548
456,3128,10.019553
1260,3637,10.019557
302,2679,10.019559
230,2557,10.019560
350,3022,10.019564
1626,3953,10.019566
719,3096,10.019569
1792,4119,10.019581
1455,3832,10.019582
1595,3922,10.019582
233,2560,10.019583
638,3260,10.019585
1056,3728,10.019585
617,3289,10.019593
102,2774,10.019593
1331,3953,10.019598
1696,4318,10.019601
2343,4965,10.019602
1699,4026,10.019604
1034,3656,10.019604
202,2874,10.019609
262,2639,10.019609
2098,4720,10.019619
1329,3951,10.019621
1331,3658,10.019631
275,2947,10.019631
616,3288,10.019648
1685,4012,10.019659
1428,3755,10.019659
1365,3742,10.019660
1203,3875,10.019662
1103,3775,10.019672
903,3280,10.019678
2296,4623,10.019684
1239,3861,10.019684
1337,3664,10.019696
653,3325,10.019703
2173,4500,10.019705
1399,3726,10.019716
1832,4159,10.019724
1599,3926,10.019730
703,3375,10.019737
1468,3845,10.019741
2326,4998,10.019747
650,3027,10.019754
1086,3413,10.019758
1205,3582,10.019762
724,3396,10.019763
915,3292,10.019763
2251,4923,10.019764
1473,4145,10.019764
1422,3799,10.019765
199,2821,10.019771
239,2861,10.019776
1254,3926,10.019784
1873,4200,10.019786
1115,3492,10.019798
1975,4647,10.019807
1621,4293,10.019808
1588,4210,10.019811
1775,4102,10.019813
685,3307,10.019813
1900,4277,10.019815
2636,4963,10.019817
1275,3602,10.019820
1806,4183,10.019820
577,2904,10.019823
624,2951,10.019824
515,2892,10.019833
2056,4728,10.019836
293,2620,10.019842
2179,4801,10.019843
1464,3841,10.019857
1044,3666,10.019869
2170,4547,10.019870
2551,4928,10.019875
1469,4141,10.019882
1987,4609,10.019887
168,2840,10.019897
523,3195,10.019904
836,3458,10.019911
377,2704,10.019916
709,3086,10.019924
2343,4670,10.019936
341,2668,10.019942
1349,3676,10.019948
1585,4207,10.019955
750,3127,10.019960
2371,4748,10.019971
1016,3688,10.019984
1718,4095,10.019994
1020,3692,10.020003
735,3357,10.020006
791,3118,10.020009
2432,4759,10.020017
386,3008,10.020026
2342,4669,10.020035
1390,3717,10.020036
611,3283,10.020041
1865,4242,10.020046
548,3170,10.020048
2322,4994,10.020050
1617,4289,10.020051
692,3314,10.020057
2198,4525,10.020058
1185,3512,10.020069
2048,4670,10.020075
334,2661,10.020083
596,3218,10.020085
1832,4454,10.020088
582,2909,10.020089
1491,4113,10.020094
1973,4645,10.020102
1263,3640,10.020120
2227,4554,10.020124
2504,4881,10.020128
539,2866,10.020129
2290,4912,10.020132
848,3175,10.020149
1134,3756,10.020149
1347,3969,10.020152
1200,3577,10.020153
2182,4804,10.020155
1581,4203,10.020156
559,2936,10.020157
1797,4419,10.020170
1651,4028,10.020176
2215,4887,10.020183
667,3044,10.020184
2288,4615,10.020185
819,3196,10.020187
2103,4775,10.020203
482,3104,10.020208
2003,4675,10.020212
712,3089,10.020216
1964,4636,10.020221
1655,4032,10.020222
1997,4324,10.020228
271,2943,10.020228
856,3233,10.020231
704,3376,10.020241
1287,3909,10.020258
57,2434,10.020261
1635,4257,10.020267
2596,4923,10.020269
530,3152,10.020270
942,3269,10.020276
494,3116,10.020286
2569,4946,10.020287
354,3026,10.020289
1425,3752,10.020290
2391,4718,10.020291
581,3203,10.020292
2454,4831,10.020297
775,3447,10.020299
1650,4322,10.020311
484,2811,10.020314
1378,3705,10.020314
1284,3611,10.020323
2146,4768,10.020324
2029,4356,10.020325
1580,4202,10.020340
2044,4371,10.020342
2648,4975,10.020343
961,3338,10.020343
1955,4332,10.020363
669,3341,10.020364
1977,4649,10.020366
767,3439,10.020371
1146,3768,10.020371
745,3072,10.020387
1511,3888,10.020405
1397,3724,10.020408
1718,4390,10.020412
1095,3422,10.020414
1435,3762,10.020427
405,3077,10.020430
970,3642,10.020433
1489,3816,10.020442
1245,3867,10.020446
1849,4176,10.020447
89,2711,10.020452
90,2712,10.020453
1828,4155,10.020454
1787,4409,10.020460
757,3134,10.020469
281,2903,10.020490
521,2898,10.020492
469,3141,10.020496
613,3285,10.020500
878,3500,10.020511
1864,4241,10.020513
1720,4392,10.020520
1995,4617,10.020530
1761,4433,10.020539
2083,4410,10.020545
1153,3825,10.020547
1608,3985,10.020547
1000,3377,10.020549
561,2938,10.020554
250,2922,10.020554
2064,4736,10.020563
863,3240,10.020564
1170,3547,10.020565
1385,3712,10.020574
2559,4936,10.020574
919,3591,10.020577
1779,4401,10.020578
739,3361,10.020578
493,2820,10.020590
2065,4442,10.020591
201,2578,10.020602
1002,3674,10.020605
1488,4110,10.020608
1257,3634,10.020625
568,2945,10.020625
1467,3844,10.020628
1526,3853,10.020628
1345,3672,10.020639
1021,3693,10.020647
1402,4074,10.020657
1963,4340,10.020669
1736,4358,10.020670
897,3224,10.020672
172,2549,10.020677
1504,3881,10.020677
388,2715,10.020681
674,3346,10.020686
1142,3764,10.020691
982,3309,10.020691
1628,3955,10.020693
1189,3516,10.020709
73,2745,10.020717
39,2366,10.020736
1672,4049,10.020736
1925,4252,10.020738
1644,3971,10.020744
1218,3890,10.020752
944,3566,10.020756
1167,3544,10.020764
2095,4422,10.020773
605,2982,10.020774
1988,4610,10.020775
147,2474,10.020776
817,3489,10.020778
120,2792,10.020781
798,3125,10.020786
1340,3667,10.020788
987,3314,10.020790
702,3374,10.020801
1045,3667,10.020808
1950,4327,10.020811
2346,4673,10.020815
1077,3404,10.020820
1614,4286,10.020825
212,2884,10.020827
554,2931,10.020831
313,2985,10.020833
2247,4869,10.020865
955,3332,10.020866
63,2735,10.020868
1423,4095,10.020873
2382,4709,10.020875
246,2868,10.020877
1924,4251,10.020880
1578,3905,10.020880
194,2521,10.020881
2364,4741,10.020883
210,2882,10.020885
54,2726,10.020887
2387,4714,10.020890
2109,4781,10.020890
867,3244,10.020892
2497,4824,10.020900
197,2524,10.020903
2050,4427,10.020913
1140,3467,10.020920
1862,4534,10.020925
221,2893,10.020929
52,2724,10.020930
2209,4586,10.020939
1179,3506,10.020951
1952,4624,10.020956
1993,4320,10.020958
2476,4803,10.020963
1885,4212,10.020971
1547,3874,10.020974
1482,3809,10.020979
1938,4560,10.020982
914,3291,10.020984
978,3600,10.020993
1182,3804,10.021003
1442,3769,10.021008
546,2873,10.021012
1160,3832,10.021023
2483,4810,10.021031
1958,4630,10.021037
1437,4059,10.021039
1666,4338,10.021048
1353,3730,10.021052
300,2972,10.021060
1540,3867,10.021061
1194,3521,10.021061
395,2722,10.021061
1474,4146,10.021075
754,3426,10.021078
2203,4580,10.021085
480,3102,10.021103
1189,3811,10.021107
1885,4507,10.021109
1556,4228,10.021112
2055,4432,10.021124
56,2433,10.021125
376,3048,10.021129
1367,3744,10.021133
2125,4797,10.021140
1781,4108,10.021140
795,3122,10.021140
25,2352,10.021144
597,2924,10.021168
1112,3489,10.021193
890,3512,10.021202
1747,4369,10.021202
356,2733,10.021203
2490,4817,10.021205
1319,3991,10.021207
277,2949,10.021228
1063,3735,10.021231
352,2729,10.021235
2525,4852,10.021237
1227,3554,10.021257
2503,4880,10.021267
641,3263,10.021272
410,2787,10.021276
2185,4512,10.021282
2251,4628,10.021302
1905,4577,10.021303
1652,4029,10.021313
1122,3499,10.021317
593,2920,10.021325
818,3490,10.021334
169,2546,10.021336
1939,4266,10.021338
1981,4603,10.021353
2262,4934,10.021358
741,3068,10.021358
1430,3757,10.021359
572,2949,10.021376
478,2805,10.021385
1007,3384,10.021394
665,3042,10.021398
1009,3681,10.021399
197,2819,10.021401
313,2690,10.021403
2069,4446,10.021403
392,3014,10.021407
450,2827,10.021425
2159,4536,10.021426
1247,3574,10.021427
2132,4754,10.021429
1010,3682,10.021430
216,2593,10.021430
865,3242,10.021438
838,3165,10.021440
602,2979,10.021461
416,3088,10.021476
831,3158,10.021481
512,2889,10.021484
264,2936,10.021487
320,2697,10.021489
2353,4730,10.021489
1296,3918,10.021491
2297,4919,10.021499
1949,4571,10.021504
1359,4031,10.021504
2145,4472,10.021507
2053,4430,10.021520
614,3286,10.021522
761,3433,10.021523
742,3069,10.021530
1538,3865,10.021545
1553,4225,10.021553
489,2816,10.021562
552,2929,10.021573
1483,3810,10.021575
540,2867,10.021576
1741,4068,10.021578
878,3205,10.021581
1844,4466,10.021586
2302,4974,10.021590
424,2751,10.021594
1152,3529,10.021597
422,2799,10.021602
1038,3660,10.021616
36,2363,10.021617
2426,4753,10.021629
1924,4596,10.021633
1752,4129,10.021633
1443,3770,10.021635
2137,4464,10.021644
1684,4011,10.021656
927,3254,10.021661
2205,4877,10.021665
707,3379,10.021671
1338,3665,10.021672
2073,4745,10.021679
1262,3934,10.021679
1256,3633,10.021680
706,3378,10.021680
619,2996,10.021687
832,3159,10.021693
821,3198,10.021702
1715,4092,10.021710
1304,3681,10.021727
1930,4552,10.021729
1909,4581,10.021733
918,3295,10.021734
747,3369,10.021737
981,3603,10.021744
319,2991,10.021745
209,2586,10.021746
2260,4637,10.021746
1670,4342,10.021754
1593,4215,10.021760
1266,3643,10.021773
600,3272,10.021778
159,2536,10.021789
1764,4141,10.021789
2006,4678,10.021797
2089,4711,10.021806
332,2659,10.021819
2085,4707,10.021822
2222,4894,10.021829
156,2828,10.021830
1948,4570,10.021835
748,3075,10.021841
1216,3593,10.021842
610,3282,10.021845
2329,4656,10.021845
35,2362,10.021846
185,2807,10.021855
1520,3897,10.021856
149,2771,10.021858
2048,4375,10.021862
1102,3479,10.021865
1697,4319,10.021866
2418,4795,10.021871
1105,3777,10.021877
1821,4198,10.021878
909,3286,10.021887
442,2769,10.021890
1690,4312,10.021900
2275,4602,10.021905
996,3323,10.021908
38,2660,10.021911
2386,4713,10.021913
1542,3869,10.021918
861,3238,10.021922
1051,3428,10.021928
85,2707,10.021928
1704,4376,10.021929
145,2472,10.021931
1861,4238,10.021936
599,3221,10.021942
194,2816,10.021950
922,3299,10.021951
18,2395,10.021954
1643,4265,10.021954
66,2738,10.021954
95,2717,10.021957
1421,3798,10.021959
1386,3713,10.021959
1293,3915,10.021963
3,2380,10.021963
333,2955,10.021970
1772,4444,10.021970
1786,4408,10.021974
1913,4585,10.021977
851,3523,10.021981
1658,4035,10.021986
2134,4461,10.022009
60,2437,10.022017
2425,4752,10.022018
217,2889,10.022031
793,3415,10.022031
1055,3432,10.022031
2627,4954,10.022033
907,3579,10.022033
2249,4576,10.022033
394,2721,10.022039
566,3238,10.022040
1559,4231,10.022057
316,2988,10.022064
1259,3931,10.022065
390,3012,10.022071
2079,4406,10.022083
127,2454,10.022087
353,2730,10.022089
2045,4372,10.022100
2202,4874,10.022102
160,2537,10.022112
1028,3650,10.022117
256,2633,10.022117
2161,4833,10.022118
443,2770,10.022121
1290,3617,10.022122
1717,4094,10.022134
1207,3879,10.022136
242,2569,10.022142
775,3102,10.022145
1808,4480,10.022164
2092,4419,10.022166
880,3502,10.022170
1052,3429,10.022172
363,3035,10.022173
818,3195,10.022175
813,3190,10.022180
1149,3476,10.022192
182,2804,10.022196
545,3167,10.022200
179,2506,10.022204
2339,4666,10.022211
1306,3978,10.022213
650,3322,10.022222
260,2932,10.022224
666,3338,10.022236
1436,3763,10.022237
452,2829,10.022249
156,2533,10.022251
112,2489,10.022253
2469,4846,10.022258
657,3329,10.022259
1921,4593,10.022260
1810,4187,10.022261
1610,3987,10.022266
410,3082,10.022274
1164,3836,10.022281
109,2486,10.022282
2139,4466,10.022282
1761,4138,10.022283
2299,4921,10.022285
962,3634,10.022290
1353,4025,10.022295
478,3100,10.022297
1439,3766,10.022302
2547,4874,10.022302
1279,3901,10.022308
1012,3389,10.022310
1833,4455,10.022310
1196,3523,10.022319
2193,4520,10.022321
2113,4490,10.022325
1827,4499,10.022332
1590,4212,10.022342
1691,4018,10.022343
2346,4968,10.022345
408,3080,10.022351
1971,4643,10.022356
85,2412,10.022360
671,3343,10.022363
2340,4667,10.022372
1774,4101,10.022377
203,2580,10.022385
1249,3576,10.022387
154,2531,10.022409
2281,4608,10.022411
774,3101,10.022412
1346,3673,10.022414
912,3289,10.022423
1006,3678,10.022425
1543,4165,10.022428
82,2704,10.022428
2099,4721,10.022429
1775,4447,10.022432
537,2864,10.022434
2096,4718,10.022443
1113,3785,10.022455
1410,3787,10.022461
520,3192,10.022462
2580,4907,10.022462
647,3269,10.022467
622,2999,10.022480
1637,4259,10.022480
1536,3863,10.022482
948,3570,10.022489
1578,4200,10.022502
2078,4405,10.022503
1125,3797,10.022513
2161,4538,10.022517
1546,4168,10.022526
1855,4232,10.022530
12,2684,10.022530
2379,4706,10.022550
1114,3491,10.022551
113,2785,10.022560
1448,3775,10.022571
102,2479,10.022579
36,2658,10.022583
1700,4077,10.022584
938,3265,10.022584
987,3609,10.022591
884,3506,10.022592
1495,4117,10.022600
694,3316,10.022605
1025,3697,10.022608
550,3222,10.022611
2039,4661,10.022612
1762,4139,10.022613
1678,4300,10.022620
1795,4122,10.022622
678,3300,10.022623
1304,3976,10.022624
2471,4848,10.022626
2326,4653,10.022626
792,3414,10.022628
135,2462,10.022636
1528,3855,10.022641
1333,3955,10.022644
587,2914,10.022645
1480,3807,10.022647
1735,4357,10.022648
1396,3723,10.022652
979,3601,10.022653
2200,4577,10.022654
176,2848,10.022665
191,2813,10.022674
1600,4272,10.022674
585,2912,10.022674
301,2678,10.022686
1738,4065,10.022701
2141,4763,10.022703
2192,4519,10.022711
1790,4412,10.022716
1791,4118,10.022725
1969,4641,10.022726
196,2523,10.022727
809,3186,10.022733
1294,3621,10.022741
1922,4594,10.022743
825,3497,10.022744
2158,4830,10.022747
2207,4879,10.022755
1868,4540,10.022757
1264,3936,10.022758
2373,4700,10.022760
823,3150,10.022767
80,2407,10.022770
190,2812,10.022770
323,2650,10.022772
321,2993,10.022775
2644,4971,10.022778
1966,4638,10.022781
1766,4143,10.022792
725,3052,10.022795
1026,3698,10.022796
2289,4616,10.022800
1840,4167,10.022803
2000,4377,10.022806
1419,4091,10.022806
2274,4946,10.022813
2237,4564,10.022813
499,3121,10.022817
1383,3710,10.022818
1968,4640,10.022823
2187,4514,10.022826
1119,3791,10.022828
87,2709,10.022831
2279,4606,10.022833
865,3537,10.022842
2110,4487,10.022843
252,2924,10.022847
1057,3434,10.022852
1149,3771,10.022852
553,3225,10.022852
538,2865,10.022854
843,3465,10.022854
1856,4233,10.022870
336,2958,10.022877
1030,3652,10.022884
83,2705,10.022884
2068,4740,10.022887
2041,4663,10.022898
2423,4750,10.022899
2563,4940,10.022900
508,3180,10.022903
2150,4822,10.022904
114,2491,10.022912
1930,4257,10.022919
524,3196,10.022919
284,2611,10.022925
2020,4397,10.022932
2634,4961,10.022936
1668,4045,10.022949
363,2740,10.022949
1463,4135,10.022966
2645,4972,10.022976
284,2906,10.022982
1530,3857,10.022983
1481,3808,10.022986
1548,4170,10.022987
685,3012,10.023004
1451,4123,10.023010
2062,4734,10.023019
1357,3734,10.023020
1891,4513,10.023025
1637,3964,10.023030
2236,4858,10.023033
440,2767,10.023044
2283,4610,10.023054
1960,4337,10.023057
584,2911,10.023073
555,3227,10.023076
2420,4797,10.023087
463,3135,10.023088
1336,3663,10.023091
1931,4258,10.023123
2611,4988,10.023127
67,2444,10.023133
2424,4751,10.023138
1215,3887,10.023139
12,2389,10.023140
2355,4732,10.023144
2254,4926,10.023165
651,3028,10.023165
403,2780,10.023169
1351,4023,10.023180
2284,4611,10.023181
744,3366,10.023189
1760,4432,10.023202
492,2819,10.023207
2368,4745,10.023225
1946,4273,10.023226
1031,3653,10.023229
2282,4609,10.023231
678,3005,10.023237
560,3232,10.023246
746,3368,10.023247
1658,4330,10.023250
274,2601,10.023251
1563,4235,10.023251
715,3387,10.023253
1217,3594,10.023255
1620,3997,10.023257
2444,4771,10.023258
2160,4537,10.023261
1451,3828,10.023266
1743,4070,10.023268
481,3103,10.023271
1010,3387,10.023273
552,3224,10.023275
508,2885,10.023278
1565,3942,10.023278
943,3270,10.023283
1424,4096,10.023283
1047,3669,10.023286
2615,4992,10.023288
1942,4564,10.023292
2436,4763,10.023293
40,2367,10.023298
1341,3668,10.023301
1824,4496,10.023303
2276,4948,10.023310
999,3621,10.023310
745,3367,10.023311
983,3310,10.023315
684,3011,10.023318
932,3554,10.023329
6,2678,10.023332
2285,4612,10.023333
1926,4253,10.023336
1242,3569,10.023356
1735,4062,10.023356
247,2869,10.023358
1527,3854,10.023358
1303,3975,10.023360
2473,4800,10.023372
1231,3853,10.023382
1190,3812,10.023383
792,3119,10.023384
393,2720,10.023388
802,3179,10.023402
244,2866,10.023406
1475,3802,10.023408
2133,4755,10.023411
1557,4229,10.023412
2176,4848,10.023416
1953,4330,10.023430
398,2725,10.023435
2522,4899,10.023438
1562,3939,10.023440
749,3076,10.023441
1554,3931,10.023442
1128,3750,10.023446
44,2666,10.023446
1233,3855,10.023451
19,2691,10.023453
1826,4498,10.023454
1533,3860,10.023466
1692,4019,10.023473
1243,3865,10.023474
1317,3694,10.023477
1621,3998,10.023483
1477,3804,10.023489
290,2912,10.023490
2479,4806,10.023495
829,3451,10.023499
515,3187,10.023503
1688,4310,10.023503
79,2406,10.023504
655,3032,10.023508
2635,4962,10.023508
2129,4751,10.023513
1687,4309,10.023518
1406,4078,10.023519
1092,3714,10.023521
1969,4346,10.023533
2015,4392,10.023537
1107,3484,10.023538
906,3578,10.023545
1579,3906,10.023553
1875,4547,10.023555
1026,3353,10.023579
1022,3399,10.023580
1899,4521,10.023584
1782,4404,10.023586
272,2944,10.023587
1015,3687,10.023594
567,3239,10.023596
881,3503,10.023598
467,2844,10.023601
274,2946,10.023604
750,3422,10.023607
449,2776,10.023611
905,3577,10.023618
1887,4509,10.023624
465,2842,10.023625
83,2410,10.023629
2594,4921,10.023630
457,2834,10.023639
1106,3778,10.023640
955,3627,10.023642
2472,4849,10.023643
347,2674,10.023656
867,3539,10.023658
1965,4342,10.023662
1339,3666,10.023663
677,3004,10.023663
1408,3785,10.023668
382,2709,10.023673
2470,4847,10.023678
636,2963,10.023680
1049,3376,10.023680
1467,4139,10.023683
694,3021,10.023685
103,2775,10.023686
1055,3727,10.023703
2036,4658,10.023705
2351,4728,10.023713
254,2631,10.023716
1777,4449,10.023722
777,3104,10.023728
1756,4133,10.023728
1743,4365,10.023729
534,2861,10.023744
1032,3654,10.023746
286,2908,10.023749
839,3461,10.023751
1503,4175,10.023753
2564,4941,10.023756
1946,4568,10.023756
672,3344,10.023760
1837,4459,10.023761
2126,4798,10.023764
263,2640,10.023791
766,3143,10.023792
1217,3889,10.023793
1308,3685,10.023794
1531,4153,10.023799
529,2856,10.023803
491,2818,10.023805
1627,3954,10.023806
1615,4287,10.023809
108,2485,10.023809
794,3416,10.023809
2020,4692,10.023819
2642,4969,10.023825
913,3585,10.023837
479,2806,10.023838
1229,3851,10.023842
1856,4528,10.023853
309,2686,10.023859
231,2558,10.023860
2107,4779,10.023870
131,2753,10.023870
472,2849,10.023871
1191,3518,10.023881
253,2630,10.023886
2330,4657,10.023891
1415,3792,10.023893
1387,3714,10.023894
601,3273,10.023895
1731,4353,10.023896
1357,4029,10.023902
846,3468,10.023902
444,2771,10.023903
1594,4216,10.023906
1174,3501,10.023913
77,2749,10.023913
2358,4735,10.023918
1806,4478,10.023918
1828,4450,10.023919
476,3148,10.023925
2560,4937,10.023926
1414,3791,10.023926
2518,4895,10.023932
2216,4888,10.023932
1707,4379,10.023936
884,3211,10.023939
2172,4844,10.023940
361,3033,10.023940
885,3507,10.023941
2268,4940,10.023942
679,3301,10.023946
1827,4154,10.023947
73,2400,10.023949
1325,3997,10.023955
2071,4448,10.023963
374,3046,10.023964
148,2770,10.023965
2117,4494,10.023967
1077,3749,10.023969
336,2663,10.023977
1622,4294,10.023978
382,3004,10.023979
847,3469,10.023980
496,2823,10.023983
646,3268,10.023988
1091,3713,10.023993
2325,4652,10.023994
1252,3629,10.023998
2160,4832,10.023999
1589,4211,10.024000
22,2399,10.024002
2061,4438,10.024012
238,2565,10.024014
2243,4865,10.024017
1382,3709,10.024018
438,3060,10.024023
1918,4590,10.024025
155,2532,10.024030
791,3413,10.024032
2034,4656,10.024032
595,2922,10.024034
2092,4714,10.024038
590,2917,10.024042
788,3115,10.024044
1823,4495,10.024051
1181,3508,10.024053
1118,3495,10.024055
439,2766,10.024059
1332,3659,10.024064
892,3219,10.024070
2306,4978,10.024072
1434,3761,10.024077
1148,3475,10.024078
2224,4551,10.024079
1381,4003,10.024081
600,2977,10.024082
1951,4328,10.024092
834,3456,10.024095
2124,4451,10.024095
2526,4853,10.024102
2195,4817,10.024107
175,2502,10.024108
286,2613,10.024108
2061,4733,10.024120
1575,3902,10.024129
134,2756,10.024132
2344,4966,10.024133
1363,4035,10.024138
2024,4351,10.024141
2324,4996,10.024141
445,3067,10.024142
1593,3920,10.024143
2091,4418,10.024144
2245,4572,10.024146
396,2723,10.024149
1731,4058,10.024152
2008,4680,10.024158
788,3410,10.024159
2350,4727,10.024175
1643,3970,10.024177
790,3412,10.024178
1388,4010,10.024192
2508,4885,10.024192
297,2624,10.024195
1681,4303,10.024195
1240,3567,10.024196
738,3360,10.024196
1716,4388,10.024196
2183,4510,10.024197
2417,4794,10.024197
454,3126,10.024198
1474,3801,10.024198
1447,4069,10.024199
531,2858,10.024199
1229,3556,10.024200
13,2390,10.024201
1915,4587,10.024201
940,3267,10.024202
956,3333,10.024203
972,3644,10.024204
1949,4276,10.024206
29,2651,10.024207
220,2892,10.024209
1708,4085,10.024210
1163,3835,10.024213
765,3142,10.024214
2536,4863,10.024215
2106,4778,10.024217
2199,4821,10.024218
722,3099,10.024221
776,3103,10.024221
1206,3878,10.024222
2132,4459,10.024223
420,3092,10.024225
1665,4042,10.024226
263,2935,10.024227
362,3034,10.024228
2608,4985,10.024231
1992,4319,10.024232
1583,3910,10.024233
929,3551,10.024236
569,3241,10.024237
1872,4544,10.024242
2321,4698,10.024243
2331,4953,10.024246
488,2815,10.024248
1999,4621,10.024253
1431,3758,10.024255
2374,4701,10.024262
1883,4210,10.024264
2463,4840,10.024266
2,2674,10.024266
1545,4167,10.024267
695,3317,10.024270
1638,4260,10.024277
204,2581,10.024286
1072,3449,10.024287
1617,3994,10.024289
1246,3573,10.024291
1197,3524,10.024295
1737,4359,10.024296
807,3479,10.024298
516,3188,10.024302
947,3274,10.024304
2140,4467,10.024304
1813,4190,10.024306
411,3083,10.024314
119,2496,10.024320
2172,4549,10.024322
1354,4026,10.024324
154,2826,10.024328
1305,3977,10.024331
1400,3777,10.024332
2149,4476,10.024333
975,3647,10.024333
2347,4969,10.024335
632,2959,10.024342
913,3290,10.024346
2570,4947,10.024350
1890,4217,10.024366
72,2744,10.024371
640,2967,10.024373
2377,4704,10.024374
1409,4081,10.024381
524,2851,10.024382
1751,4128,10.024385
995,3617,10.024385
1898,4520,10.024390
1256,3928,10.024391
1750,4422,10.024393
1147,3769,10.024394
434,3056,10.024397
808,3185,10.024399
635,3257,10.024408
2242,4864,10.024414
1695,4317,10.024418
1734,4356,10.024421
2078,4700,10.024427
894,3516,10.024429
1299,3921,10.024429
1612,4284,10.024431
161,2833,10.024431
306,2978,10.024445
1699,4321,10.024446
2467,4844,10.024446
2298,4920,10.024453
1719,4096,10.024459
2090,4712,10.024461
1156,3533,10.024461
620,3292,10.024461
2035,4362,10.024462
1459,4131,10.024467
493,3115,10.024473
1993,4615,10.024474
1092,3419,10.024479
525,2852,10.024488
1515,3892,10.024489
2521,4898,10.024490
870,3247,10.024493
149,2476,10.024497
366,2743,10.024498
1104,3776,10.024501
2513,4890,10.024506
1137,3759,10.024513
1533,4155,10.024516
2024,4696,10.024520
9,2681,10.024524
1601,3978,10.024527
656,3033,10.024529
590,3212,10.024536
965,3342,10.024538
451,2828,10.024545
2269,4646,10.024556
162,2834,10.024560
2016,4688,10.024570
2097,4719,10.024575
1326,3653,10.024577
228,2555,10.024593
864,3241,10.024593
1626,4298,10.024597
1852,4229,10.024598
383,2710,10.024598
1649,3976,10.024599
69,2446,10.024607
953,3330,10.024608
213,2590,10.024610
1309,3686,10.024615
1767,4439,10.024621
1118,3790,10.024625
75,2402,10.024641
824,3496,10.024644
1923,4250,10.024651
663,3040,10.024654
1436,4058,10.024655
1008,3385,10.024655
1850,4522,10.024655
1689,4311,10.024665
32,2654,10.024669
2592,4919,10.024669
1081,3703,10.024676
1974,4646,10.024686
674,3001,10.024687
1780,4402,10.024687
2159,4831,10.024692
698,3320,10.024693
40,2662,10.024712
531,3153,10.024716
2553,4930,10.024722
2189,4516,10.024734
1606,3983,10.024736
863,3535,10.024741
2252,4629,10.024744
1807,4184,10.024752
611,2988,10.024755
1524,3851,10.024756
642,3264,10.024764
1096,3718,10.024772
2210,4587,10.024777
1647,4269,10.024779
1171,3548,10.024781
1748,4075,10.024793
1709,4086,10.024798
1073,3745,10.024815
1778,4400,10.024818
2599,4926,10.024823
1018,3395,10.024823
303,2680,10.024831
1267,3644,10.024839
980,3307,10.024841
138,2760,10.024841
300,2677,10.024843
606,2983,10.024857
2,2379,10.024866
1668,4340,10.024873
464,3136,10.024877
573,3245,10.024884
324,2651,10.024902
1851,4523,10.024911
916,3588,10.024913
870,3542,10.024914
1835,4162,10.024922
842,3464,10.024930
128,2750,10.024931
1710,4382,10.024933
499,2826,10.024940
1062,3439,10.024946
891,3513,10.024950
1570,3947,10.024956
1708,4380,10.024966
654,3326,10.024968
983,3605,10.024981
2114,4491,10.024995
1813,4485,10.025010
1961,4338,10.025014
1817,4194,10.025014
1135,3462,10.025027
1236,3563,10.025028
163,2835,10.025031
1711,4088,10.025032
765,3437,10.025032
521,3193,10.025034
1641,4263,10.025035
1516,4188,10.025036
37,2364,10.025054
1785,4407,10.025060
192,2519,10.025064
21,2693,10.025068
1136,3463,10.025072
130,2752,10.025076
1857,4234,10.025079
581,2908,10.025090
466,3138,10.025092
2494,4821,10.025099
2333,4660,10.025100
1576,4248,10.025101
2393,4720,10.025103
1392,3719,10.025104
995,3322,10.025108
429,2756,10.025110
1004,3381,10.025110
2058,4730,10.025120
1908,4285,10.025126
1071,3743,10.025128
129,2456,10.025128
1536,4158,10.025129
633,3255,10.025140
2320,4697,10.025167
1501,3878,10.025168
2573,4900,10.025173
2383,4710,10.025178
1493,3820,10.025178
2312,4689,10.025180
175,2847,10.025181
532,2859,10.025188
874,3201,10.025196
1542,4164,10.025197
351,2728,10.025198
132,2459,10.025200
2155,4532,10.025201
910,3287,10.025207
282,2904,10.025212
460,3132,10.025214
1372,3749,10.025215
1369,3746,10.025221
435,3057,10.025236
558,2935,10.025237
1218,3595,10.025240
2230,4852,10.025245
464,2841,10.025251
1135,3757,10.025256
455,2832,10.025257
1989,4316,10.025259
426,2753,10.025263
883,3505,10.025265
764,3436,10.025265
1926,4598,10.025266
65,2442,10.025274
431,3053,10.025276
837,3459,10.025280
1956,4333,10.025282
2071,4743,10.025284
1028,3355,10.025285
1421,4093,10.025291
2297,4624,10.025294
111,2783,10.025299
1293,3620,10.025300
1810,4482,10.025306
1992,4614,10.025308
2315,4692,10.025324
1941,4268,10.025333
1344,3671,10.025345
2014,4686,10.025345
1809,4186,10.025353
1075,3402,10.025376
1938,4265,10.025380
1049,3671,10.025380
448,2775,10.025382
111,2488,10.025384
658,3035,10.025386
2258,4930,10.025387
2012,4389,10.025393
207,2584,10.025400
341,2963,10.025402
1440,3767,10.025407
201,2873,10.025410
1296,3623,10.025415
1225,3897,10.025419
768,3145,10.025422
636,3258,10.025438
2035,4657,10.025443
627,2954,10.025445
1965,4637,10.025447
2090,4417,10.025449
56,2728,10.025452
2505,4882,10.025470
1648,3975,10.025476
1147,3474,10.025477
1250,3922,10.025485
374,2701,10.025486
453,2830,10.025488
1130,3752,10.025497
2287,4614,10.025500
1378,4000,10.025504
1529,3856,10.025506
1785,4112,10.025526
1121,3793,10.025530
1139,3466,10.025531
1069,3446,10.025533
170,2842,10.025552
294,2621,10.025553
1579,4201,10.025557
2018,4395,10.025565
542,2869,10.025566
1881,4208,10.025569
630,2957,10.025581
1720,4097,10.025583
1315,3987,10.025587
1115,3787,10.025588
842,3169,10.025601
173,2500,10.025604
1834,4456,10.025606
2005,4382,10.025632
925,3597,10.025634
2168,4840,10.025634
2122,4499,10.025642
866,3243,10.025647
1870,4247,10.025649
497,2824,10.025656
558,3230,10.025663
1981,4308,10.025670
2226,4898,10.025677
126,2453,10.025678
195,2522,10.025681
209,2881,10.025682
1227,3899,10.025691
723,3050,10.025695
554,3226,10.025705
2069,4741,10.025714
662,3039,10.025716
1074,3746,10.025720
1403,4075,10.025732
2246,4868,10.025751
1283,3905,10.025753
62,2734,10.025754
339,2961,10.025765
229,2851,10.025766
299,2626,10.025774
1873,4545,10.025786
1854,4231,10.025787
1150,3527,10.025788
2236,4563,10.025790
372,3044,10.025796
67,2739,10.025797
2321,4993,10.025799
599,2926,10.025800
1446,4068,10.025804
1138,3465,10.025810
1768,4440,10.025821
1510,4182,10.025829
1022,3694,10.025829
340,2962,10.025830
2349,4676,10.025833
1501,4173,10.025835
1573,3900,10.025837
915,3587,10.025839
2152,4824,10.025840
784,3111,10.025857
1769,4146,10.025860
106,2778,10.025867
2557,4934,10.025869
2195,4522,10.025874
1485,3812,10.025882
2019,4396,10.025908
1472,3849,10.025909
979,3306,10.025911
1880,4502,10.025919
30,2652,10.025923
1881,4503,10.025924
2516,4893,10.025926
1876,4203,10.025929
2081,4408,10.025944
2357,4734,10.025949
664,3336,10.025951
1499,4121,10.025952
1023,3695,10.025954
2250,4922,10.025957
2011,4683,10.025973
1282,3904,10.025977
1076,3403,10.025987
1630,3957,10.025993
2051,4428,10.026014
1206,3583,10.026015
1152,3824,10.026016
117,2494,10.026016
1054,3726,10.026023
376,2703,10.026036
248,2575,10.026045
2239,4566,10.026047
1513,4185,10.026061
1494,4116,10.026066
133,2460,10.026067
1017,3394,10.026073
352,3024,10.026083
1727,4054,10.026087
1990,4612,10.026088
172,2844,10.026091
1253,3925,10.026097
2047,4669,10.026109
937,3264,10.026121
1517,4189,10.026147
1038,3365,10.026154
192,2814,10.026172
2295,4622,10.026178
10,2387,10.026179
1444,3771,10.026181
2395,4722,10.026194
613,2990,10.026196
2143,4470,10.026198
1407,3784,10.026200
2225,4897,10.026203
1060,3437,10.026206
938,3560,10.026212
2428,4755,10.026212
1306,3683,10.026216
1345,3967,10.026227
574,3246,10.026228
79,2701,10.026235
2045,4667,10.026241
1108,3485,10.026241
1281,3608,10.026248
1186,3808,10.026257
255,2632,10.026271
936,3558,10.026272
1556,3933,10.026283
1307,3979,10.026284
1209,3881,10.026287
19,2396,10.026287
2239,4861,10.026301
2253,4630,10.026309
755,3132,10.026310
507,3179,10.026313
1093,3715,10.026317
400,2777,10.026317
48,2670,10.026325
565,2942,10.026350
1183,3805,10.026361
2549,4876,10.026370
2288,4910,10.026376
326,2998,10.026377
2145,4767,10.026380
1733,4355,10.026385
908,3580,10.026390
1310,3687,10.026391
1412,3789,10.026394
953,3625,10.026398
1853,4230,10.026404
2003,4380,10.026404
981,3308,10.026427
841,3168,10.026440
911,3288,10.026443
723,3395,10.026448
1172,3844,10.026458
820,3492,10.026458
469,2846,10.026467
1880,4207,10.026470
1876,4548,10.026472
310,2982,10.026474
367,2744,10.026474
165,2542,10.026477
95,2422,10.026510
835,3457,10.026513
2617,4994,10.026519
854,3231,10.026530
1273,3945,10.026531
1922,4299,10.026534
1068,3740,10.026540
1853,4525,10.026542
1763,4435,10.026546
1751,4423,10.026557
749,3371,10.026558
389,2716,10.026564
991,3613,10.026571
2314,4691,10.026598
1892,4219,10.026603
164,2541,10.026607
890,3217,10.026607
952,3624,10.026609
324,2996,10.026611
1529,4151,10.026617
910,3582,10.026619
1054,3431,10.026626
364,3036,10.026628
1851,4228,10.026630
414,3086,10.026631
379,2706,10.026635
1212,3589,10.026636
808,3480,10.026640
1758,4135,10.026665
689,3311,10.026670
1519,4191,10.026685
506,3178,10.026688
1847,4174,10.026690
1784,4111,10.026691
365,2742,10.026696
2639,4966,10.026698
243,2865,10.026720
1599,4221,10.026723
1322,3699,10.026723
2537,4864,10.026724
510,3182,10.026727
1202,3579,10.026730
2493,4820,10.026761
266,2938,10.026761
711,3088,10.026776
1377,4049,10.026778
1696,4023,10.026779
2335,4662,10.026790
1317,3989,10.026799
1594,3921,10.026808
2265,4642,10.026812
1934,4556,10.026825
1267,3939,10.026828
1674,4001,10.026845
151,2823,10.026847
118,2790,10.026855
703,3080,10.026861
1450,4122,10.026870
1607,4279,10.026877
962,3339,10.026879
2039,4366,10.026881
687,3014,10.026890
2186,4808,10.026891
601,2978,10.026893
1479,4101,10.026894
586,3208,10.026901
1099,3721,10.026905
2601,4978,10.026905
2514,4891,10.026915
1692,4314,10.026918
1979,4601,10.026927
1128,3455,10.026937
2137,4759,10.026946
773,3445,10.026951
55,2727,10.026954
61,2438,10.026959
606,3278,10.026978
1545,3872,10.026985
2093,4420,10.026988
500,2877,10.026998
1789,4411,10.027003
1061,3733,10.027026
1194,3816,10.027033
784,3406,10.027052
2210,4882,10.027053
1393,3720,10.027084
570,3242,10.027085
725,3397,10.027103
1547,4169,10.027111
815,3192,10.027120
1859,4531,10.027123
307,2979,10.027137
125,2797,10.027146
2345,4967,10.027150
14,2686,10.027159
973,3645,10.027166
1871,4248,10.027177
1269,3941,10.027181
731,3058,10.027191
2115,4787,10.027202
2004,4676,10.027202
1654,4031,10.027203
908,3285,10.027205
1916,4588,10.027212
1048,3670,10.027230
1144,3766,10.027251
1453,4125,10.027256
1995,4322,10.027264
1446,3773,10.027270
988,3315,10.027275
826,3153,10.027288
258,2635,10.027293
1804,4181,10.027297
1632,4254,10.027303
536,3158,10.027303
1096,3423,10.027317
2562,4939,10.027324
1571,3948,10.027338
1100,3477,10.027366
1356,3733,10.027367
620,2997,10.027384
683,3305,10.027433
2057,4434,10.027445
391,2718,10.027450
66,2443,10.027459
2080,4702,10.027474
2235,4562,10.027481
1905,4282,10.027508
1991,4613,10.027519
1464,4136,10.027520
453,3125,10.027531
874,3546,10.027551
1563,3940,10.027572
1683,4305,10.027580
2249,4871,10.027599
414,2791,10.027602
1511,4183,10.027618
586,2913,10.027620
1216,3888,10.027635
265,2642,10.027650
259,2636,10.027659
2647,4974,10.027662
1891,4218,10.027670
113,2490,10.027675
41,2663,10.027680
1201,3578,10.027682
466,2843,10.027683
2087,4709,10.027684
2591,4918,10.027709
2182,4509,10.027718
174,2846,10.027722
173,2845,10.027733
2215,4592,10.027739
1666,4043,10.027756
157,2534,10.027762
2506,4883,10.027765
1758,4430,10.027772
826,3498,10.027777
628,2955,10.027782
103,2480,10.027784
1002,3379,10.027795
2017,4689,10.027810
2342,4964,10.027815
1407,4079,10.027821
557,2934,10.027821
223,2550,10.027881
1342,3669,10.027884
1052,3724,10.027900
2336,4663,10.027905
1352,4024,10.027908
1239,3566,10.027910
964,3636,10.027921
458,3130,10.027932
1444,4066,10.027938
2327,4999,10.027952
1248,3575,10.027963
827,3499,10.027965
112,2784,10.027972
2047,4374,10.027994
2189,4811,10.028004
1886,4508,10.028010
1279,3606,10.028024
2042,4664,10.028034
2637,4964,10.028039
2212,4884,10.028043
1374,4046,10.028063
593,3215,10.028064
1009,3386,10.028082
2194,4521,10.028086
1116,3493,10.028099
296,2623,10.028105
2458,4835,10.028107
937,3559,10.028110
1500,3877,10.028137
653,3030,10.028144
918,3590,10.028152
1770,4442,10.028170
226,2898,10.028173
1591,4213,10.028174
1272,3649,10.028201
2299,4626,10.028201
1284,3906,10.028230
269,2646,10.028230
2012,4684,10.028247
1056,3433,10.028267
928,3255,10.028270
1537,4159,10.028281
2415,4792,10.028295
1680,4302,10.028303
740,3362,10.028330
403,3075,10.028330
1442,4064,10.028330
1292,3619,10.028333
1889,4511,10.028351
59,2436,10.028355
949,3276,10.028356
1133,3755,10.028376
707,3084,10.028377
275,2602,10.028378
386,2713,10.028381
2174,4846,10.028438
1399,4021,10.028462
465,3137,10.028505
737,3359,10.028505
193,2520,10.028532
2199,4526,10.028537
1329,3656,10.028598
648,3270,10.028604
1646,3973,10.028633
1863,4535,10.028642
261,2638,10.028643
1971,4348,10.028656
1693,4315,10.028661
2222,4599,10.028670
1861,4533,10.028674
329,2656,10.028689
338,2665,10.028705
2416,4793,10.028710
1508,3885,10.028715
409,3081,10.028717
1069,3741,10.028733
1952,4329,10.028737
2082,4409,10.028752
543,3165,10.028755
1046,3373,10.028769
607,3279,10.028782
1908,4580,10.028782
2170,4842,10.028793
594,3216,10.028807
2272,4649,10.028822
1126,3798,10.028825
1098,3720,10.028835
1486,4108,10.028840
10,2682,10.028847
1169,3841,10.028874
349,2676,10.028879
2049,4376,10.028888
1473,3800,10.028919
52,2429,10.028925
1408,4080,10.028937
1493,4115,10.028943
2604,4981,10.028944
1945,4567,10.028956
1166,3543,10.028961
828,3155,10.028964
2036,4363,10.028975
1739,4066,10.028976
152,2824,10.029002
1045,3372,10.029009
2327,4654,10.029052
413,2790,10.029063
1371,3748,10.029073
1988,4315,10.029092
796,3123,10.029108
1899,4226,10.029127
2419,4796,10.029127
530,2857,10.029131
406,3078,10.029145
2589,4916,10.029149
1117,3789,10.029161
943,3565,10.029172
2312,4984,10.029175
259,2931,10.029175
1713,4385,10.029202
1879,4501,10.029207
2296,4918,10.029208
477,2804,10.029228
1005,3677,10.029237
126,2798,10.029241
2180,4802,10.029242
1237,3564,10.029245
2389,4716,10.029251
608,2985,10.029254
1369,4041,10.029255
1202,3874,10.029257
1065,3737,10.029267
1319,3696,10.029279
556,2933,10.029290
100,2772,10.029295
1325,3652,10.029312
240,2862,10.029321
426,3098,10.029335
1914,4586,10.029347
1858,4530,10.029357
384,2711,10.029359
2273,4600,10.029362
1237,3859,10.029380
24,2351,10.029384
2586,4913,10.029386
1773,4445,10.029405
2105,4482,10.029414
273,2945,10.029425
568,3240,10.029432
1458,4130,10.029436
2622,4999,10.029467
2320,4992,10.029468
2191,4518,10.029482
318,2990,10.029486
330,2952,10.029489
1605,3982,10.029490
1162,3539,10.029492
1384,3711,10.029517
294,2916,10.029520
1883,4505,10.029535
74,2401,10.029537
320,2992,10.029538
1000,3672,10.029550
500,3172,10.029561
971,3643,10.029565
219,2596,10.029570
2138,4465,10.029577
475,2802,10.029605
80,2702,10.029609
2112,4784,10.029612
2404,4781,10.029614
1619,3996,10.029631
1603,4275,10.029647
1973,4300,10.029663
1013,3390,10.029668
860,3532,10.029695
1377,3704,10.029711
1550,4222,10.029713
495,2822,10.029719
660,3332,10.029724
109,2781,10.029734
1016,3393,10.029735
700,3372,10.029736
770,3442,10.029741
1679,4006,10.029768
1805,4182,10.029770
28,2650,10.029787
1030,3357,10.029809
1420,3797,10.029815
967,3344,10.029844
1694,4021,10.029859
178,2800,10.029860
2135,4462,10.029864
1246,3868,10.029876
451,3123,10.029886
187,2809,10.029938
1771,4148,10.029944
1330,3657,10.029946
87,2414,10.029958
1476,3803,10.029972
1653,4325,10.029983
1970,4642,10.029987
441,2768,10.030001
1799,4421,10.030011
933,3555,10.030011
1707,4084,10.030011
984,3606,10.030020
2260,4932,10.030025
345,2967,10.030041
2609,4986,10.030052
736,3063,10.030075
2452,4829,10.030083
1471,4143,10.030110
2109,4486,10.030117
1598,4220,10.030121
633,2960,10.030138
862,3534,10.030207
2229,4556,10.030208
1727,4399,10.030214
1263,3935,10.030217
1036,3658,10.030224
764,3141,10.030239
1438,3765,10.030250
528,3150,10.030265
1803,4475,10.030269
326,2653,10.030283
2333,4955,10.030291
2499,4826,10.030305
1983,4605,10.030308
1910,4287,10.030318
862,3239,10.030321
2179,4506,10.030327
185,2512,10.030330
815,3487,10.030336
430,3052,10.030339
1769,4441,10.030359
2298,4625,10.030364
728,3055,10.030386
2120,4792,10.030390
450,3122,10.030397
2207,4584,10.030423
1443,4065,10.030466
2198,4820,10.030469
1195,3522,10.030489
1373,4045,10.030494
1825,4497,10.030502
9,2386,10.030534
355,2732,10.030538
2616,4993,10.030557
387,2714,10.030560
1551,3928,10.030566
1264,3641,10.030585
952,3329,10.030601
998,3325,10.030609
1192,3519,10.030621
2362,4739,10.030651
2316,4988,10.030652
1945,4272,10.030667
166,2543,10.030698
1205,3877,10.030702
930,3552,10.030705
1177,3849,10.030711
2060,4732,10.030720
216,2888,10.030732
321,2698,10.030749
1817,4489,10.030750
501,3173,10.030767
1402,3779,10.030783
1159,3831,10.030796
2381,4708,10.030797
752,3129,10.030805
231,2853,10.030806
932,3259,10.030812
696,3023,10.030833
2102,4774,10.030859
533,2860,10.030865
419,2796,10.030872
1286,3613,10.030883
936,3263,10.030886
2429,4756,10.030886
1796,4123,10.030891
1506,3883,10.030894
2059,4436,10.030895
2040,4662,10.030906
1705,4377,10.030917
718,3095,10.030921
1847,4469,10.030923
2206,4878,10.030924
262,2934,10.030938
779,3401,10.030942
736,3358,10.030961
1875,4202,10.030976
1833,4160,10.030980
92,2714,10.030981
1661,4038,10.030981
1302,3679,10.030984
1093,3420,10.030998
882,3504,10.031022
234,2856,10.031038
604,3276,10.031056
762,3434,10.031088
846,3173,10.031101
1261,3933,10.031103
1409,3786,10.031116
443,3065,10.031125
462,3134,10.031129
1879,4206,10.031135
1907,4579,10.031142
196,2818,10.031143
23,2350,10.031150
1991,4318,10.031177
1671,4048,10.031195
1771,4443,10.031202
2317,4989,10.031203
948,3275,10.031206
933,3260,10.031214
2491,4818,10.031263
1116,3788,10.031291
1208,3585,10.031292
1174,3846,10.031308
1139,3761,10.031314
2451,4828,10.031349
470,3142,10.031357
652,3324,10.031362
576,3248,10.031367
1913,4290,10.031372
150,2822,10.031386
249,2576,10.031414
2227,4899,10.031415
1048,3375,10.031418
1722,4394,10.031433
1548,3875,10.031440
202,2579,10.031452
2082,4704,10.031487
1362,3739,10.031504
563,2940,10.031508
2561,4938,10.031560
511,2888,10.031563
343,2670,10.031589
1391,3718,10.031607
555,2932,10.031622
957,3629,10.031631
1143,3765,10.031639
822,3199,10.031659
55,2432,10.031662
698,3025,10.031664
970,3347,10.031712
1109,3486,10.031737
1838,4165,10.031742
2612,4989,10.031775
1989,4611,10.031807
1917,4589,10.031807
2117,4789,10.031822
428,2755,10.031835
1641,3968,10.031845
701,3078,10.031849
946,3568,10.031853
828,3450,10.031873
2086,4708,10.031895
710,3382,10.031896
2059,4731,10.031901
805,3182,10.031906
1489,4111,10.031908
253,2925,10.031925
1659,4331,10.031932
675,3002,10.031937
1645,4267,10.031943
2544,4871,10.031969
1618,3995,10.031971
1046,3668,10.031995
2180,4507,10.032023
2584,4911,10.032028
2614,4991,10.032039
27,2354,10.032058
45,2372,10.032065
1035,3657,10.032075
1486,3813,10.032110
1997,4619,10.032147
652,3029,10.032152
546,3168,10.032157
1614,3991,10.032165
2305,4682,10.032165
53,2725,10.032187
676,3003,10.032187
855,3527,10.032216
1633,4255,10.032244
786,3113,10.032289
183,2805,10.032337
733,3060,10.032351
1418,3795,10.032359
1782,4109,10.032382
353,3025,10.032388
1848,4470,10.032406
1461,3838,10.032407
1390,4012,10.032407
2225,4552,10.032408
1411,4083,10.032411
1645,3972,10.032413
1765,4142,10.032422
1577,4249,10.032463
1636,4258,10.032467
292,2914,10.032472
2135,4757,10.032494
211,2588,10.032542
2507,4884,10.032572
839,3166,10.032581
830,3452,10.032588
1927,4599,10.032602
1027,3699,10.032606
922,3594,10.032622
1829,4156,10.032640
1919,4296,10.032644
1282,3609,10.032662
2588,4915,10.032675
1576,3903,10.032704
53,2430,10.032754
468,3140,10.032769
2402,4779,10.032775
2223,4895,10.032784
974,3646,10.032796
2009,4386,10.032806
1004,3676,10.032811
2052,4429,10.032830
2204,4876,10.032843
626,3298,10.032855
1841,4168,10.032882
1145,3767,10.032885
1676,4003,10.032892
1549,3876,10.032894
1405,4077,10.032903
339,2666,10.032917
935,3557,10.032919
2262,4639,10.032929
38,2365,10.032934
1192,3814,10.032935
859,3531,10.032939
854,3526,10.032946
1805,4477,10.032969
1280,3902,10.032991
1396,4018,10.033030
690,3312,10.033111
378,3000,10.033116
2197,4524,10.033133
399,2726,10.033134
1154,3531,10.033157
1998,4620,10.033172
1723,4395,10.033175
906,3283,10.033180
337,2959,10.033202
1802,4474,10.033206
100,2477,10.033206
86,2708,10.033213
385,2712,10.033216
1978,4600,10.033227
1673,4000,10.033260
1334,3661,10.033270
1564,3941,10.033299
2488,4815,10.033300
474,2801,10.033330
1384,4006,10.033343
1327,3654,10.033357
249,2871,10.033385
543,2870,10.033408
2016,4393,10.033416
780,3402,10.033435
2619,4996,10.033446
418,2795,10.033474
1204,3581,10.033474
61,2733,10.033499
693,3315,10.033535
1569,4241,10.033576
1509,3886,10.033594
1073,3400,10.033634
876,3203,10.033639
1669,4046,10.033680
2459,4836,10.033697
920,3592,10.033717
806,3478,10.033736
1361,3738,10.033744
1759,4136,10.033747
2598,4925,10.033764
2147,4474,10.033789
965,3637,10.033826
1878,4500,10.033834
31,2653,10.033834
1401,4073,10.033845
1928,4255,10.033845
130,2457,10.033856
1679,4301,10.033905
895,3222,10.033925
93,2715,10.033925
1516,3893,10.033960
2439,4766,10.033968
373,3045,10.033976
380,3002,10.033991
940,3562,10.034013
2369,4746,10.034015
2304,4681,10.034016
1029,3651,10.034031
621,2998,10.034054
605,3277,10.034080
1514,4186,10.034083
1982,4309,10.034154
1790,4117,10.034211
573,2900,10.034226
772,3444,10.034250
1419,3796,10.034251
790,3117,10.034274
625,3297,10.034290
571,3243,10.034313
985,3312,10.034315
433,2760,10.034321
1454,3831,10.034430
594,2921,10.034436
418,3090,10.034438
1413,4085,10.034474
1957,4629,10.034494
1348,3675,10.034506
2250,4627,10.034548
1568,4240,10.034565
1639,3966,10.034588
2372,4749,10.034655
70,2447,10.034674
447,3069,10.034706
820,3197,10.034707
8,2385,10.034722
523,2850,10.034730
1014,3686,10.034763
494,2821,10.034784
1307,3684,10.034786
42,2369,10.034793
21,2398,10.034805
2005,4677,10.034838
184,2511,10.034842
966,3343,10.034865
1972,4644,10.034877
2076,4748,10.034879
1812,4484,10.034882
434,2761,10.034903
1710,4087,10.034921
847,3174,10.034948
2352,4729,10.034952
843,3170,10.034955
1426,3753,10.034958
1650,4027,10.034964
1866,4243,10.035001
364,2741,10.035029
71,2743,10.035034
1361,4033,10.035103
1127,3454,10.035121
2583,4910,10.035133
122,2794,10.035150
2332,4954,10.035168
1316,3988,10.035175
1745,4072,10.035215
1798,4420,10.035276
1426,4098,10.035281
1750,4127,10.035307
2151,4528,10.035371
857,3529,10.035377
2361,4738,10.035383
57,2729,10.035385
2070,4447,10.035401
1040,3662,10.035442
84,2706,10.035477
518,2895,10.035483
2519,4896,10.035508
805,3477,10.035528
807,3184,10.035581
1534,4156,10.035601
1062,3734,10.035648
391,3013,10.035683
2334,4661,10.035683
1537,3864,10.035702
2231,4853,10.035708
726,3053,10.035726
105,2777,10.035734
588,2915,10.035750
2625,4952,10.035763
1437,3764,10.035768
483,3105,10.035778
2304,4976,10.035784
2534,4861,10.035784
2268,4645,10.035826
1429,3756,10.035827
2241,4863,10.035857
716,3388,10.035901
104,2776,10.035929
483,2810,10.035938
1334,3956,10.035966
421,2798,10.035994
459,2836,10.036002
1591,3918,10.036044
1597,4219,10.036054
767,3144,10.036056
2509,4886,10.036111
2230,4557,10.036121
1298,3920,10.036135
1729,4056,10.036177
1496,3823,10.036201
730,3057,10.036220
1862,4239,10.036249
2277,4949,10.036250
2279,4901,10.036282
2162,4539,10.036284
648,2975,10.036309
976,3303,10.036331
1328,3655,10.036348
886,3213,10.036353
305,2977,10.036413
1959,4336,10.036415
1269,3646,10.036420
2259,4931,10.036428
1346,3968,10.036439
359,2736,10.036456
920,3297,10.036481
1066,3443,10.036484
119,2791,10.036487
1288,3910,10.036492
893,3220,10.036536
1039,3366,10.036561
2032,4654,10.036579
1531,3858,10.036651
5,2382,10.036656
2403,4780,10.036663
2255,4632,10.036683
1900,4572,10.036683
1763,4140,10.036693
2034,4361,10.036694
29,2356,10.036702
803,3180,10.036710
1235,3857,10.036732
2380,4707,10.036787
1219,3596,10.036798
1836,4163,10.036822
964,3341,10.036833
1089,3711,10.036853
634,3256,10.036865
2492,4819,10.036896
1867,4539,10.036956
1091,3418,10.036975
583,3205,10.036987
2480,4807,10.037024
486,2813,10.037053
107,2779,10.037111
295,2622,10.037126
146,2768,10.037131
163,2540,10.037138
2126,4453,10.037187
1863,4240,10.037193
1487,4109,10.037214
2088,4710,10.037214
2151,4823,10.037241
148,2475,10.037258
276,2603,10.037321
2649,4976,10.037327
1848,4175,10.037352
1323,3995,10.037388
1386,4008,10.037398
1050,3722,10.037400
1825,4152,10.037415
1715,4387,10.037418
1305,3682,10.037447
566,2943,10.037483
1640,3967,10.037483
1429,4051,10.037492
1532,4154,10.037542
2447,4774,10.037556
564,2941,10.037557
2474,4801,10.037578
16,2688,10.037623
1819,4196,10.037641
2043,4665,10.037690
882,3209,10.037703
2340,4962,10.037712
875,3202,10.037733
1417,3794,10.037758
2270,4647,10.037812
1789,4116,10.037824
589,3211,10.037827
651,3323,10.037840
1660,4332,10.037853
2535,4862,10.037874
1097,3719,10.037877
2110,4782,10.037915
184,2806,10.037922
609,2986,10.037981
2266,4938,10.037996
924,3596,10.038012
1772,4149,10.038031
972,3349,10.038114
591,3213,10.038181
869,3541,10.038215
476,2803,10.038233
855,3232,10.038245
1106,3483,10.038260
1376,3703,10.038261
1552,3929,10.038273
1798,4125,10.038305
2339,4961,10.038320
1870,4542,10.038331
816,3193,10.038366
717,3389,10.038394
751,3423,10.038402
898,3225,10.038434
1208,3880,10.038475
795,3417,10.038532
840,3462,10.038549
2545,4872,10.038566
503,2880,10.038594
1127,3799,10.038666
682,3304,10.038677
1466,3843,10.038683
2582,4909,10.038738
1321,3993,10.038764
1336,3958,10.038815
1902,4574,10.038841
1786,4113,10.038849
816,3488,10.038860
2291,4618,10.038906
1644,4266,10.038927
2446,4773,10.038942
1909,4286,10.038964
1907,4284,10.038987
1783,4405,10.039085
1818,4195,10.039090
2603,4980,10.039107
1865,4537,10.039137
96,2423,10.039146
1759,4431,10.039155
2289,4911,10.039165
673,3345,10.039191
1364,3741,10.039282
671,3048,10.039396
2099,4426,10.039420
2070,4742,10.039426
2114,4786,10.039436
375,2702,10.039450
441,3063,10.039457
959,3631,10.039473
1453,3830,10.039499
1738,4360,10.039512
22,2694,10.039515
1389,4011,10.039558
1915,4292,10.039586
927,3599,10.039663
1318,3695,10.039746
2271,4648,10.039752
265,2937,10.039759
1744,4366,10.039836
1183,3510,10.039851
472,3144,10.039885
2277,4604,10.039890
1566,3943,10.039977
697,3024,10.039998
1459,3836,10.040026
2261,4638,10.040042
210,2587,10.040047
510,2887,10.040065
1682,4009,10.040081
1793,4415,10.040099
1167,3839,10.040145
686,3013,10.040201
1660,4037,10.040240
2445,4772,10.040285
1454,4126,10.040298
582,3204,10.040340
33,2360,10.040382
1422,4094,10.040399
2270,4942,10.040433
0,2672,10.040456
139,2761,10.040500
759,3431,10.040513
304,2681,10.040519
123,2450,10.040522
17,2394,10.040560
919,3296,10.040562
370,3042,10.040617
1238,3565,10.040625
1525,4197,10.040637
1944,4566,10.040638
923,3250,10.040687
1818,4490,10.040743
224,2896,10.040757
331,2658,10.040851
1733,4060,10.040887
141,2468,10.040935
718,3390,10.040941
1629,3956,10.040991
2606,4983,10.041048
1994,4321,10.041093
236,2858,10.041118
1937,4559,10.041147
1153,3530,10.041202
97,2719,10.041203
951,3623,10.041219
1084,3411,10.041234
228,2850,10.041266
1656,4033,10.041276
763,3435,10.041297
310,2687,10.041326
1903,4280,10.041381
717,3094,10.041412
2178,4800,10.041434
1526,4198,10.041449
1460,3837,10.041490
393,3015,10.041524
511,3183,10.041525
2027,4354,10.041533
1297,3624,10.041552
1801,4178,10.041603
60,2732,10.041691
2313,4690,10.041738
1950,4622,10.041751
2572,4949,10.041797
8,2680,10.041808
348,2970,10.041832
1893,4515,10.041850
1313,3985,10.041851
1480,4102,10.041912
1082,3704,10.041961
654,3031,10.041990
951,3328,10.041991
2240,4567,10.041993
960,3337,10.042019
140,2762,10.042031
1003,3675,10.042043
1415,4087,10.042101
1287,3614,10.042126
1291,3913,10.042131
544,3166,10.042148
1800,4472,10.042149
1625,4297,10.042241
692,3019,10.042277
516,2893,10.042314
2146,4473,10.042389
1507,3884,10.042392
1996,4618,10.042400
1737,4064,10.042405
1592,3919,10.042424
2234,4856,10.042431
2643,4970,10.042460
1001,3378,10.042476
1663,4040,10.042487
829,3156,10.042541
2319,4696,10.042569
1860,4532,10.042598
858,3235,10.042609
893,3515,10.042617
2101,4773,10.042623
1312,3689,10.042633
2360,4737,10.042638
2081,4703,10.042678
240,2567,10.042698
1179,3801,10.042708
800,3472,10.042713
1397,4019,10.042722
800,3177,10.042731
31,2358,10.042735
562,2939,10.042763
2307,4684,10.042831
1253,3630,10.042872
1171,3843,10.042910
2409,4786,10.043001
794,3121,10.043009
1793,4120,10.043030
2256,4928,10.043122
1505,3882,10.043132
2055,4727,10.043154
2237,4859,10.043255
853,3525,10.043282
64,2736,10.043330
2212,4589,10.043341
974,3301,10.043382
592,3214,10.043429
230,2852,10.043446
1836,4458,10.043452
2200,4872,10.043468
1439,4061,10.043472
2025,4697,10.043474
2498,4825,10.043506
486,3108,10.043556
1834,4161,10.043594
417,3089,10.043610
1007,3679,10.043630
2292,4914,10.043643
562,3234,10.043737
1616,4288,10.043831
994,3616,10.043862
1158,3830,10.043873
769,3441,10.043886
58,2435,10.043910
720,3097,10.043980
280,2902,10.043986
1917,4294,10.044043
1112,3784,10.044122
623,2950,10.044184
905,3282,10.044199
1712,4384,10.044272
402,2779,10.044301
2122,4794,10.044358
446,3068,10.044374
2181,4508,10.044399
2072,4449,10.044408
872,3249,10.044429
2329,4951,10.044458
2246,4573,10.044472
812,3189,10.044537
1274,3601,10.044550
1755,4132,10.044575
1661,4333,10.044583
76,2748,10.044615
2282,4904,10.044625
1019,3691,10.044658
328,2655,10.044664
1962,4634,10.044703
1349,3971,10.044705
238,2860,10.044716
578,2905,10.044750
1417,4089,10.044797
1521,3898,10.044800
739,3066,10.044808
2264,4936,10.044813
2464,4841,10.044852
537,3159,10.044857
1360,4032,10.044864
1327,3999,10.044881
785,3407,10.044907
1507,4179,10.044920
1728,4350,10.044963
344,2671,10.045022
641,2968,10.045038
1271,3648,10.045062
1452,3829,10.045086
169,2841,10.045113
993,3615,10.045125
215,2887,10.045162
1395,3722,10.045165
2125,4452,10.045223
2303,4975,10.045276
1182,3509,10.045292
239,2566,10.045364
1492,4114,10.045394
1181,3803,10.045403
1623,4295,10.045438
2214,4591,10.045466
362,2739,10.045483
2529,4856,10.045483
69,2741,10.045494
680,3302,10.045514
1138,3760,10.045523
2104,4776,10.045527
713,3090,10.045562
2359,4736,10.045593
1416,3793,10.045674
1624,4296,10.045728
473,2800,10.045758
1815,4192,10.045774
356,3028,10.045795
1857,4529,10.045844
1701,4078,10.045848
535,3157,10.045876
914,3586,10.045933
2338,4665,10.046044
738,3065,10.046066
241,2568,10.046072
1706,4378,10.046095
2124,4796,10.046103
517,3189,10.046127
1898,4225,10.046130
1478,4100,10.046292
2120,4497,10.046293
142,2469,10.046316
481,2808,10.046445
1944,4271,10.046491
628,3250,10.046641
1584,3911,10.046654
94,2421,10.046714
1,2673,10.046738
517,2894,10.046784
1083,3705,10.046806
740,3067,10.046817
2085,4412,10.046914
549,3171,10.046929
609,3281,10.046936
2307,4979,10.046995
1370,3747,10.047082
1161,3833,10.047128
1037,3364,10.047142
136,2758,10.047154
1647,3974,10.047210
875,3547,10.047231
640,3262,10.047244
598,3220,10.047307
917,3589,10.047346
1535,4157,10.047378
649,2976,10.047386
2213,4885,10.047456
1129,3456,10.047468
1683,4010,10.047544
2223,4550,10.047557
1980,4307,10.047577
1776,4103,10.047589
2450,4827,10.047676
730,3352,10.047682
1681,4008,10.047832
1460,4132,10.047837
1552,4224,10.047843
681,3303,10.047971
2216,4593,10.047981
251,2923,10.048018
1142,3469,10.048062
404,3076,10.048211
1846,4468,10.048219
4,2676,10.048276
2626,4953,10.048285
1173,3845,10.048309
2527,4854,10.048320
900,3572,10.048328
1586,3913,10.048412
452,3124,10.048449
1244,3866,10.048466
277,2604,10.048482
2217,4594,10.048512
2228,4555,10.048515
195,2817,10.048532
1079,3701,10.048571
1702,4374,10.048623
2007,4679,10.048734
168,2545,10.048764
218,2890,10.048784
479,3101,10.048822
232,2559,10.048871
2187,4809,10.048920
1505,4177,10.048997
947,3569,10.049040
1257,3929,10.049051
369,2746,10.049215
199,2526,10.049238
1177,3504,10.049258
753,3130,10.049381
234,2561,10.049546
474,3146,10.049577
76,2403,10.049601
2624,4951,10.049656
564,3236,10.049679
384,3006,10.049697
1111,3488,10.049698
416,2793,10.049700
1730,4057,10.049776
1890,4512,10.049809
1618,4290,10.049832
1746,4073,10.049849
2123,4795,10.049943
2022,4694,10.050023
848,3470,10.050037
675,3347,10.050118
1285,3612,10.050152
1184,3511,10.050171
1936,4558,10.050182
2147,4769,10.050187
2165,4542,10.050257
509,2886,10.050302
17,2689,10.050323
2354,4731,10.050403
1583,4205,10.050443
1947,4274,10.050494
1294,3916,10.050526
1635,3962,10.050567
456,2833,10.050592
2054,4431,10.050646
1411,3788,10.050687
186,2513,10.050705
1571,4243,10.050711
960,3632,10.050804
1445,4067,10.050930
468,2845,10.050969
533,3155,10.051044
496,3118,10.051058
1852,4524,10.051251
1273,3600,10.051286
322,2699,10.051288
1903,4575,10.051292
1449,3776,10.051389
1019,3396,10.051419
1339,3961,10.051458
880,3207,10.051468
643,2970,10.051499
638,2965,10.051511
909,3581,10.051531
945,3567,10.051537
1673,4345,10.051552
1085,3412,10.051587
101,2478,10.051598
375,3047,10.051608
1874,4201,10.051708
519,2896,10.051787
1791,4413,10.051803
2638,4965,10.051810
289,2616,10.051833
342,2669,10.051840
11,2388,10.051956
2026,4698,10.051966
1695,4022,10.052088
1232,3559,10.052113
2392,4719,10.052201
954,3331,10.052260
1462,3839,10.052289
945,3272,10.052303
702,3079,10.052365
2175,4502,10.052391
891,3218,10.052415
1223,3895,10.052444
2646,4973,10.052476
1901,4573,10.052545
1318,3990,10.052582
1220,3597,10.052636
2136,4758,10.052641
538,3160,10.052737
2033,4655,10.052760
1270,3942,10.052776
2405,4782,10.052798
758,3135,10.052825
2590,4917,10.052873
427,2754,10.052897
1193,3815,10.052915
787,3114,10.052975
663,3335,10.053027
1581,3908,10.053034
200,2872,10.053188
1962,4339,10.053291
726,3398,10.053314
771,3443,10.053405
1280,3607,10.053440
1929,4256,10.053459
1012,3684,10.053471
1888,4510,10.053476
412,2789,10.053547
2116,4788,10.053553
2261,4933,10.053571
1726,4398,10.053579
357,2734,10.053620
1064,3736,10.053626
986,3313,10.053729
1669,4341,10.053837
1606,4278,10.053867
1364,4036,10.053924
43,2370,10.053997
1570,4242,10.054119
2133,4460,10.054179
1427,4099,10.054264
1175,3502,10.054309
2554,4931,10.054367
285,2612,10.054368
1796,4418,10.054472
484,3106,10.054529
2127,4454,10.054537
1424,3751,10.054545
877,3204,10.054572
2524,4851,10.054593
833,3160,10.054601
318,2695,10.054602
121,2498,10.054686
2153,4530,10.054720
222,2599,10.054722
2027,4699,10.054744
330,2657,10.054772
2163,4540,10.054793
2293,4620,10.054799
2063,4440,10.054881
1228,3555,10.054906
187,2514,10.055040
931,3258,10.055048
314,2986,10.055117
1154,3826,10.055151
732,3059,10.055152
283,2905,10.055216
783,3405,10.055370
2629,4956,10.055435
2171,4548,10.055451
454,2831,10.055473
1180,3802,10.055486
1300,3677,10.055487
1541,4163,10.055520
1820,4197,10.055586
1165,3542,10.055592
502,2879,10.055627
1261,3638,10.055898
1943,4565,10.055934
492,3114,10.056004
1094,3421,10.056087
845,3467,10.056186
2171,4843,10.056337
121,2793,10.056412
1753,4425,10.056431
997,3619,10.056437
2108,4485,10.056477
1435,4057,10.056565
1675,4002,10.056587
141,2763,10.056613
1265,3642,10.056877
1,2378,10.057133
1226,3898,10.057194
2462,4839,10.057213
2204,4581,10.057224
1481,4103,10.057225
2028,4355,10.057259
429,3051,10.057377
642,2969,10.057509
1447,3774,10.057525
1222,3599,10.057594
1084,3706,10.057653
994,3321,10.057709
627,3299,10.057709
1788,4410,10.057814
1653,4030,10.057990
1359,3736,10.058026
2618,4995,10.058049
2158,4535,10.058200
1800,4177,10.058209
1372,4044,10.058291
1937,4264,10.058292
1714,4386,10.058438
327,2999,10.058501
301,2973,10.058520
1090,3712,10.058546
2315,4987,10.058555
525,3197,10.058580
1823,4150,10.058725
958,3630,10.058774
208,2880,10.058884
396,3018,10.058930
861,3533,10.058977
1519,3896,10.059108
448,3070,10.059168
1811,4483,10.059184
2169,4841,10.059226
1355,3732,10.059266
354,2731,10.059477
1151,3823,10.059483
1476,4148,10.059525
939,3561,10.059539
1130,3457,10.059627
2390,4717,10.059635
2578,4905,10.059746
337,2664,10.059799
1228,3850,10.059861
1120,3497,10.059911
1468,4140,10.059965
857,3234,10.060055
2144,4766,10.060091
2118,4495,10.060145
1210,3587,10.060229
177,2504,10.060240
1064,3441,10.060378
2192,4814,10.060446
211,2883,10.060454
1561,4233,10.060573
1190,3517,10.060624
710,3087,10.060706
2037,4364,10.060846
618,3290,10.060911
1888,4215,10.060930
1882,4504,10.061055
576,2903,10.061055
1347,3674,10.061174
2347,4674,10.061253
785,3112,10.061309
84,2411,10.061381
237,2859,10.061439
1495,3822,10.061458
421,3093,10.061476
2306,4683,10.061477
2007,4384,10.061588
1354,3731,10.061600
2043,4370,10.061665
349,2971,10.061670
2166,4838,10.061786
661,3333,10.061800
2291,4913,10.061950
411,2788,10.061952
97,2424,10.061975
950,3622,10.061983
1611,3988,10.062150
2275,4947,10.062195
1955,4627,10.062234
2217,4889,10.062238
1845,4467,10.062308
498,2825,10.062598
852,3524,10.062669
328,2950,10.062814
1027,3354,10.062826
2208,4585,10.062858
2290,4617,10.062904
2581,4908,10.063035
1960,4632,10.063055
1686,4013,10.063171
1638,3965,10.063406
2367,4744,10.063433
1585,3912,10.063434
1728,4055,10.063446
285,2907,10.063548
695,3022,10.063781
1348,3970,10.063893
1604,4276,10.064022
1271,3943,10.064055
1391,4013,10.064064
2079,4701,10.064162
1441,3768,10.064168
810,3482,10.064279
1970,4347,10.064303
803,3475,10.064412
2073,4400,10.064471
107,2484,10.064524
1136,3758,10.064547
2006,4383,10.064631
561,3233,10.064669
147,2769,10.064745
193,2815,10.064937
1017,3689,10.065107
1050,3427,10.065268
2214,4886,10.065312
1872,4249,10.065333
1940,4562,10.065367
2348,4675,10.065374
1363,3740,10.065422
15,2687,10.065470
1804,4476,10.065522
279,2606,10.065567
49,2671,10.065634
929,3256,10.065733
2384,4711,10.065764
291,2913,10.065809
308,2980,10.065872
355,3027,10.065886
868,3540,10.065941
1940,4267,10.066095
267,2644,10.066102
2313,4985,10.066139
220,2597,10.066299
439,3061,10.066377
1504,4176,10.066467
1370,4042,10.066550
144,2766,10.066583
830,3157,10.066584
1721,4393,10.066632
427,3099,10.066966
1040,3367,10.066985
2075,4402,10.067041
2302,4679,10.067125
74,2746,10.067213
2030,4357,10.067239
1234,3856,10.067347
655,3327,10.067386
2106,4483,10.067387
1964,4341,10.067398
247,2574,10.067548
2438,4765,10.067674
1916,4293,10.067800
1163,3540,10.067813
1773,4100,10.067871
992,3614,10.067874
2084,4411,10.067928
2532,4859,10.068185
120,2497,10.068299
7,2679,10.068447
1215,3592,10.068532
1249,3871,10.068710
92,2419,10.068783
2177,4849,10.068915
1589,3916,10.068998
1648,4270,10.069034
94,2716,10.069173
2334,4956,10.069224
529,3151,10.069231
1753,4130,10.069371
420,2797,10.069545
394,3016,10.069572
2100,4477,10.069648
2528,4855,10.069740
1292,3914,10.069802
899,3521,10.069809
646,2973,10.069814
1141,3468,10.070019
1063,3440,10.070164
1935,4557,10.070165
159,2831,10.070336
1037,3659,10.070490
1274,3946,10.070500
793,3120,10.070515
668,3045,10.070579
2030,4652,10.070635
214,2591,10.070708
1251,3923,10.071166
1826,4153,10.071355
1021,3398,10.071410
1087,3709,10.071459
743,3070,10.071535
810,3187,10.071583
571,2948,10.071779
1980,4602,10.071822
619,3291,10.071869
782,3109,10.072010
997,3324,10.072076
1736,4063,10.072145
198,2525,10.072160
1983,4310,10.072254
1651,4323,10.072339
1157,3534,10.072407
501,2878,10.072508
1744,4071,10.072633
2539,4866,10.072758
1382,4004,10.073004
688,3310,10.073107
596,2923,10.073168
2597,4924,10.073169
2244,4866,10.073848
778,3400,10.073939
1087,3414,10.074109
1663,4335,10.074175
709,3381,10.074273
1582,4204,10.074351
1539,3866,10.074528
973,3300,10.074569
900,3277,10.074646
506,2883,10.074795
1494,3821,10.074901
1337,3959,10.074929
1631,4253,10.074949
78,2405,10.075586
1132,3459,10.075792
2482,4809,10.075903
1472,4144,10.075994
849,3471,10.076425
1725,4052,10.076538
639,3261,10.076592
2235,4857,10.076671
623,3295,10.076993
753,3425,10.077292
2437,4764,10.077345
256,2928,10.077616
254,2926,10.077782
883,3210,10.078378
4,2381,10.078395
46,2668,10.078645
1746,4368,10.078695
1562,4234,10.078751
1035,3362,10.078813
2318,4695,10.078884
708,3380,10.078941
331,2953,10.079385
2052,4724,10.079654
272,2649,10.079816
1462,4134,10.079926
2325,4997,10.080024
312,2689,10.080111
751,3128,10.080263
1893,4220,10.080331
144,2471,10.080500
1102,3774,10.080518
2127,4799,10.080526
2280,4902,10.080540
1842,4464,10.080755
989,3611,10.080787
1604,3981,10.080867
1375,3702,10.081225
1652,4324,10.081255
1255,3632,10.081542
2457,4834,10.081720
30,2357,10.081746
1596,3923,10.081868
1514,3891,10.082103
1932,4554,10.082966
2248,4575,10.082985
88,2415,10.083147
720,3392,10.083417
1792,4414,10.083489
1247,3869,10.083568
432,2759,10.083618
1499,3826,10.083864
801,3178,10.083936
519,3191,10.084430
1438,4060,10.085053
548,2875,10.085179
189,2516,10.085180
2267,4939,10.085812
178,2505,10.086017
1816,4488,10.086061
164,2836,10.086276
896,3223,10.086404
1985,4312,10.087163
1528,4150,10.087226
1491,3818,10.087427
941,3268,10.087436
1566,4238,10.087628
1332,3954,10.087944
2185,4807,10.088359
873,3545,10.088555
268,2645,10.088617
2010,4387,10.088893
661,3038,10.089035
1414,4086,10.089332
1109,3781,10.089374
2190,4812,10.089611
1978,4305,10.089612
2434,4761,10.089710
1184,3806,10.090143
1031,3358,10.090687
358,2735,10.090928
2552,4929,10.091100
2095,4717,10.091472
1794,4121,10.091596
603,2980,10.091608
705,3377,10.092028
495,3117,10.092050
1656,4328,10.092051
1107,3779,10.092481
1839,4166,10.092521
408,2785,10.092578
2363,4740,10.092810
684,3306,10.092877
1627,4299,10.092948
243,2570,10.093023
1186,3513,10.093102
2129,4456,10.093186
400,3072,10.093274
2449,4776,10.093293
1393,4015,10.093365
2336,4958,10.093461
2442,4769,10.093530
902,3279,10.093561
1324,3996,10.093658
1895,4222,10.093666
1121,3498,10.093667
1609,3986,10.093697
166,2838,10.093774
585,3207,10.094287
1698,4320,10.094379
1573,4245,10.095205
1884,4211,10.095238
756,3133,10.095909
666,3043,10.096345
1211,3588,10.096358
389,3011,10.096445
264,2641,10.096765
1242,3864,10.096921
471,3143,10.097325
1042,3369,10.097350
1974,4301,10.098613
1301,3678,10.098743
110,2782,10.098890
2050,4722,10.098945
1067,3444,10.099023
182,2509,10.099026
1207,3584,10.099185
2174,4501,10.099386
65,2737,10.099648
241,2863,10.100387
299,2921,10.101178
2150,4527,10.101638
2264,4641,10.101684
2064,4441,10.101698
381,3003,10.101916
2037,4659,10.101977
1749,4076,10.102462
155,2827,10.103429
713,3385,10.103792
1456,3833,10.103801
2154,4531,10.104477
1351,3728,10.105274
2068,4445,10.105408
1053,3725,10.105510
630,3252,10.105865
295,2917,10.106923
2294,4621,10.106932
1231,3558,10.107060
1321,3698,10.107700
1008,3680,10.108092
378,2705,10.108158
99,2426,10.108177
1762,4434,10.108612
819,3491,10.109063
20,2692,10.109269
2548,4875,10.109511
124,2451,10.109774
1555,3932,10.109955
385,3007,10.110110
565,3237,10.110188
612,2989,10.110396
2060,4437,10.110584
2046,4668,10.110833
1125,3452,10.111184
1920,4297,10.111254
1148,3770,10.112007
288,2615,10.112078
1508,4180,10.112516
475,3147,10.112972
1094,3716,10.112974
513,2890,10.114941
1672,4344,10.114953
1238,3860,10.115616
963,3635,10.116328
1951,4623,10.116926
2309,4686,10.117161
729,3351,10.117878
2344,4671,10.118840
1328,3950,10.118900
1483,4105,10.119641
1117,3494,10.119662
2408,4785,10.120852
2091,4713,10.120970
1418,4090,10.121841
977,3304,10.122745
1906,4578,10.123639
1465,3842,10.123876
101,2773,10.124598
2181,4803,10.124690
567,2944,10.126148
1947,4569,10.126711
522,2899,10.126950
2271,4943,10.128067
1366,3743,10.129090
174,2501,10.129151
657,3034,10.130317
34,2361,10.131083
540,3162,10.131743
615,3287,10.133271
797,3124,10.134144
1510,3887,10.135756
1830,4157,10.136847
887,3214,10.137610
1558,4230,10.139049
954,3626,10.139109
1600,3977,10.140046
423,2750,10.141650
1740,4067,10.143975
2219,4596,10.144479
2453,4830,10.145749
2593,4920,10.150155
11,2683,10.152134
1807,4479,10.154842
774,3446,10.156125
1276,3603,10.157849
864,3536,10.160643
1717,4389,10.166882
333,2660,10.170225
1053,3971,10.985845
1232,3313,10.985928
2549,4630,10.985960
1891,4759,10.985972
419,3337,10.986064
289,2370,10.986075
2020,4101,10.986099
598,2679,10.986106
1077,3158,10.986127
574,3492,10.986138
1207,4125,10.986188
2046,4914,10.986198
1386,3467,10.986231
1865,3996,10.986232
2808,4939,10.986244
948,3816,10.986306
2045,4913,10.986328
1362,4280,10.986332
2174,4255,10.986348
728,3646,10.986350
1736,4604,10.986371
2653,4784,10.986378
1516,4434,10.986430
703,2834,10.986464
69,2150,10.986465
94,2962,10.986487
702,2833,10.986503
443,2524,10.986506
223,2304,10.986520
857,2988,10.986537
1695,3776,10.986566
573,3491,10.986575
2483,4564,10.986596
1556,3687,10.986611
2175,4256,10.986614
2394,4475,10.986616
1541,3622,10.986658
1011,3142,10.986678
353,3271,10.986694
882,3750,10.986697
1825,4743,10.986707
1231,3312,10.986712
264,3182,10.986721
532,2613,10.986737
1037,3905,10.986747
1540,3621,10.986755
2329,4410,10.986763
249,3117,10.986783
2792,4873,10.986804
1954,4085,10.986847
1361,4279,10.986859
3,2134,10.986888
95,2963,10.986895
1052,3970,10.986921
1320,3401,10.986936
662,3580,10.986942
1191,4059,10.986949
841,2922,10.986964
1166,3297,10.986967
134,2215,10.986978
1849,3930,10.986986
2263,4394,10.986986
183,3051,10.986997
1346,4214,10.987011
2019,4100,10.987016
922,3003,10.987034
312,2443,10.987040
1670,4588,10.987051
1427,4345,10.987056
883,3751,10.987069
378,2459,10.987079
2572,4653,10.987088
1605,4523,10.987093
1671,4589,10.987126
1914,4832,10.987140
1517,4435,10.987146
2328,4409,10.987149
1475,3556,10.987193
2093,4174,10.987194
1784,3865,10.987206
1710,3841,10.987210
508,3426,10.987218
1890,4758,10.987232
1435,4303,10.987248
68,2199,10.987285
1564,3695,10.987300
1126,4044,10.987321
906,3824,10.987350
971,3889,10.987371
1629,3710,10.987374
1100,3231,10.987379
858,2989,10.987385
817,3735,10.987387
1450,4368,10.987390
492,3360,10.987397
1085,3166,10.987397
2638,4719,10.987419
224,2305,10.987419
621,2702,10.987422
2108,4239,10.987423
1255,3386,10.987435
427,3345,10.987441
793,3661,10.987454
2881,4962,10.987455
2807,4938,10.987466
2873,4954,10.987467
1979,4897,10.987474
556,2687,10.987481
142,2223,10.987494
687,2768,10.987495
2548,4629,10.987516
2816,4947,10.987519
2352,4483,10.987539
1800,3931,10.987545
647,3515,10.987546
2637,4718,10.987547
1012,3143,10.987553
77,2158,10.987555
1581,4499,10.987589
996,3077,10.987589
2337,4418,10.987590
1744,4612,10.987590
1679,4597,10.987626
377,2458,10.987645
1873,3954,10.987648
776,2857,10.987650
1808,3939,10.987664
597,2678,10.987696
1150,4068,10.987708
1215,4133,10.987713
118,3036,10.987746
1329,3410,10.987759
248,3116,10.987773
1696,3777,10.987782
1394,3475,10.987786
29,2947,10.987790
1980,4898,10.987794
338,3206,10.987795
671,3589,10.987820
297,2378,10.987833
736,3604,10.987869
288,2369,10.987874
800,2931,10.987896
2507,4638,10.987909
856,2987,10.987934
1135,4003,10.987962
865,2996,10.987964
1264,3395,10.987965
1793,3874,10.987972
1899,4767,10.987973
418,3336,10.987983
606,3524,10.987985
192,3060,10.987989
1401,3532,10.987990
1614,4532,10.987991
467,2598,10.988000
1192,4060,10.988013
2272,4353,10.988015
2028,4109,10.988024
2484,4565,10.988026
785,2866,10.988028
12,2143,10.988041
1370,4288,10.988063
2751,4882,10.988066
2239,4320,10.988066
207,3125,10.988073
541,2622,10.988086
1549,3630,10.988089
613,2744,10.988094
127,3045,10.988098
158,2289,10.988099
362,3280,10.988101
354,3272,10.988101
321,2402,10.988104
891,3759,10.988104
1020,3101,10.988107
200,3118,10.988131
727,3645,10.988134
591,3459,10.988187
2109,4240,10.988197
386,2467,10.988198
2727,4808,10.988201
1249,3330,10.988201
256,2387,10.988202
720,2801,10.988210
2581,4662,10.988244
1070,3988,10.988246
1759,4677,10.988275
62,2980,10.988277
2417,4548,10.988279
1938,4019,10.988287
157,2288,10.988301
109,3027,10.988315
1280,4198,10.988315
1728,3809,10.988316
1076,3157,10.988333
28,2946,10.988342
2646,4727,10.988342
2516,4647,10.988345
1409,3540,10.988359
526,3444,10.988359
1184,3265,10.988376
1385,3466,10.988377
2069,4987,10.988394
241,2322,10.988395
655,2786,10.988401
686,2767,10.988404
1599,4467,10.988405
2418,4549,10.988416
1923,4841,10.988416
751,3669,10.988418
1005,3923,10.988442
507,3425,10.988488
930,3011,10.988492
1119,3200,10.988503
2207,4338,10.988508
1988,4856,10.988509
47,2915,10.988510
1038,3906,10.988512
1321,3402,10.988522
1858,4776,10.988532
990,3858,10.988538
461,3379,10.988543
1663,3794,10.988551
2451,4582,10.988571
2248,4329,10.988576
272,3190,10.988583
1165,3296,10.988599
2078,4996,10.988619
1451,4369,10.988621
2052,4183,10.988623
925,3843,10.988633
1648,3729,10.988641
2060,4978,10.988651
1272,4190,10.988654
1583,3664,10.988656
1206,4124,10.988669
640,2721,10.988669
401,2532,10.988692
176,2257,10.988693
1534,4402,10.988696
2117,4248,10.988702
533,2614,10.988704
1826,4744,10.988706
1054,3185,10.988707
1760,4678,10.988735
2736,4817,10.988736
1036,3904,10.988738
1590,4458,10.988745
1389,4257,10.988748
947,3815,10.988754
1404,4322,10.988767
2037,4118,10.988772
1518,3649,10.988779
1469,4387,10.988801
1843,4711,10.988813
2661,4792,10.988819
2047,4128,10.988828
767,2898,10.988848
476,2557,10.988852
1803,4721,10.988867
1982,4063,10.988868
2192,4273,10.988870
484,3352,10.988871
1444,4312,10.988872
446,3314,10.988889
2850,4981,10.988890
1719,3800,10.988898
1694,3775,10.988909
1459,4377,10.988925
860,3778,10.988933
2062,4193,10.988956
2436,4517,10.988960
2446,4527,10.988962
347,3215,10.988965
2003,4921,10.988966
186,2267,10.988975
379,2460,10.988981
2461,4592,10.988993
1324,4242,10.989008
1868,4786,10.989009
2127,4208,10.989013
1864,3995,10.989014
1061,3979,10.989034
1939,4020,10.989052
2860,4991,10.989060
1630,3711,10.989060
663,3581,10.989062
2013,4931,10.989066
600,2731,10.989067
1379,4297,10.989071
955,3086,10.989072
1788,4656,10.989106
1515,4433,10.989115
1972,4053,10.989129
7,2925,10.989132
2182,4263,10.989137
1064,3195,10.989143
1240,3321,10.989150
406,3324,10.989166
826,3744,10.989168
1573,3654,10.989169
1638,3719,10.989183
575,2656,10.989190
1933,4801,10.989213
1528,3609,10.989214
111,2242,10.989216
1039,3120,10.989221
121,2202,10.989230
201,2332,10.989235
471,3389,10.989237
582,3450,10.989246
1484,3565,10.989251
1555,3686,10.989252
1998,4866,10.989266
2671,4752,10.989279
2526,4607,10.989280
870,3788,10.989295
1992,4073,10.989298
1453,3584,10.989299
935,3803,10.989304
1305,4223,10.989319
1778,4696,10.989320
711,2842,10.989321
1167,3298,10.989325
1524,4442,10.989333
1399,4267,10.989340
2793,4874,10.989353
2718,4849,10.989355
1813,4731,10.989359
2173,4254,10.989360
1281,4199,10.989362
1963,4094,10.989370
53,2971,10.989374
196,2277,10.989384
585,2666,10.989388
1834,4702,10.989402
232,2313,10.989404
1801,3932,10.989407
2492,4573,10.989414
2406,4537,10.989420
1735,4603,10.989421
1917,4048,10.989421
665,2796,10.989422
1508,3639,10.989436
610,2741,10.989444
1955,4086,10.989449
1930,4011,10.989456
1334,4202,10.989467
980,3898,10.989481
638,3506,10.989481
411,2542,10.989503
972,3890,10.989507
915,3833,10.989518
945,3813,10.989527
1314,4232,10.989528
2591,4672,10.989529
481,3399,10.989540
2606,4737,10.989554
1653,3784,10.989557
1129,3210,10.989557
1074,3155,10.989577
72,2990,10.989580
17,2935,10.989588
2381,4462,10.989591
1359,4277,10.989592
1049,3130,10.989597
2870,4951,10.989614
2835,4916,10.989621
842,2923,10.989627
266,2397,10.989631
1593,3674,10.989635
2471,4552,10.989636
2481,4562,10.989648
2044,4912,10.989650
381,3299,10.989656
2007,4138,10.989658
2371,4452,10.989658
2017,4148,10.989660
1410,3541,10.989661
1798,4666,10.989712
282,3150,10.989732
685,2766,10.989737
1553,3684,10.989755
845,3713,10.989755
27,2945,10.989774
1907,4038,10.989782
1823,4741,10.989783
1149,3230,10.989794
1045,3913,10.989812
1109,3240,10.989822
2845,4926,10.989823
1538,3619,10.989830
536,3404,10.989831
221,2302,10.989831
1426,4344,10.989835
1434,4302,10.989836
995,3076,10.989848
970,3888,10.989852
816,3734,10.989859
337,3205,10.989862
396,2477,10.989870
850,3768,10.989875
1463,3594,10.989882
1139,3220,10.989887
2393,4474,10.989894
2506,4637,10.989895
331,2412,10.989896
1474,3555,10.989897
466,2597,10.989901
1259,4177,10.989920
416,3334,10.989922
2639,4720,10.989925
1094,3175,10.989928
752,3670,10.989947
1101,3232,10.989958
1345,4213,10.989961
940,3021,10.989961
2726,4807,10.989964
710,2841,10.989965
2092,4173,10.989983
2652,4783,10.989987
950,3868,10.990014
675,2756,10.990016
1888,4756,10.990017
1493,3574,10.990018
730,2811,10.990019
506,3424,10.990032
4,2135,10.990040
137,3005,10.990052
2068,4986,10.990052
1953,4084,10.990054
1898,4766,10.990058
52,2970,10.990066
131,2212,10.990068
1563,3694,10.990068
1174,3255,10.990087
491,3359,10.990100
211,2342,10.990112
1414,4332,10.990122
296,2377,10.990126
391,3259,10.990136
1878,4796,10.990152
1723,4641,10.990158
156,2287,10.990161
2247,4328,10.990166
1824,4742,10.990178
458,2589,10.990186
761,3679,10.990187
96,2177,10.990194
217,3135,10.990206
509,3427,10.990209
184,3052,10.990210
451,3369,10.990213
931,3012,10.990214
1296,3377,10.990223
1713,4631,10.990226
1424,4342,10.990243
1347,4215,10.990245
510,2641,10.990249
1628,3709,10.990254
1952,4083,10.990257
581,3499,10.990273
1927,4008,10.990277
152,3070,10.990305
1589,4457,10.990306
92,2960,10.990316
2482,4563,10.990334
1194,3275,10.990348
1299,4167,10.990358
442,2523,10.990379
974,3055,10.990389
880,3798,10.990394
1029,3110,10.990396
1419,3500,10.990404
436,3304,10.990405
493,3361,10.990406
681,3599,10.990406
1751,4669,10.990408
516,3434,10.990431
133,2214,10.990441
273,3191,10.990462
1753,3884,10.990466
960,3878,10.990467
1718,3849,10.990474
1193,4061,10.990479
56,2187,10.990486
1913,4831,10.990489
1339,3420,10.990489
2084,4165,10.990512
1624,4542,10.990524
222,2303,10.990526
2088,4956,10.990532
795,2876,10.990533
551,3469,10.990540
2746,4827,10.990553
875,2956,10.990557
805,3723,10.990560
900,3031,10.990577
595,2676,10.990580
231,2312,10.990596
1608,3739,10.990597
1235,4103,10.990599
292,3160,10.990607
835,3703,10.990609
1290,4158,10.990609
1438,3519,10.990616
2307,4438,10.990624
2027,4108,10.990635
1164,3295,10.990641
2546,4627,10.990645
546,3414,10.990652
511,2642,10.990653
630,2711,10.990660
1060,3978,10.990672
402,2533,10.990686
846,3714,10.990693
1364,3495,10.990694
905,3823,10.990699
117,3035,10.990729
810,2941,10.990748
1918,4049,10.990749
2072,4153,10.990752
2264,4395,10.990756
93,2961,10.990756
82,2950,10.990773
620,2701,10.990792
1699,4567,10.990796
1948,4029,10.990799
695,2776,10.990803
313,2444,10.990803
2536,4617,10.990810
2391,4472,10.990823
122,2203,10.990827
263,3181,10.990829
622,2703,10.990846
2662,4793,10.990884
1350,4268,10.990888
1065,3196,10.990898
1239,3320,10.990901
2472,4553,10.990904
746,3614,10.990916
2416,4547,10.990919
2771,4852,10.990920
2306,4437,10.990920
2861,4992,10.990926
520,2601,10.990928
1892,3973,10.990931
407,3325,10.990933
1852,3983,10.990944
1981,4899,10.990951
676,2757,10.990955
565,2696,10.990956
1015,3933,10.990961
1789,4657,10.990967
1769,4687,10.990969
2082,4163,10.990975
1499,4367,10.990983
1145,4013,10.990999
371,3289,10.991007
1454,3585,10.991013
2770,4851,10.991014
701,2832,10.991028
961,3879,10.991049
2004,4922,10.991056
1428,3509,10.991056
382,3250,10.991059
616,3534,10.991066
108,3026,10.991067
2872,4953,10.991068
975,3056,10.991069
1529,3610,10.991076
1904,4822,10.991078
700,2831,10.991082
1117,4035,10.991084
1476,3557,10.991084
1344,4212,10.991087
97,2178,10.991101
1230,3311,10.991111
2427,4508,10.991118
1160,4078,10.991120
2217,4348,10.991123
1619,3700,10.991132
1269,4187,10.991132
1209,3340,10.991134
1893,3974,10.991134
2282,4363,10.991149
688,2769,10.991155
771,3689,10.991155
329,3247,10.991155
486,2567,10.991161
2890,4971,10.991169
2083,4164,10.991196
2183,4264,10.991199
316,3234,10.991213
547,3415,10.991219
37,2905,10.991222
167,2298,10.991243
1260,4178,10.991250
1814,4732,10.991262
1618,3749,10.991264
421,2502,10.991270
2882,4963,10.991274
1354,3485,10.991277
1479,4397,10.991291
1905,4823,10.991292
1009,3140,10.991301
964,3095,10.991310
1525,4443,10.991311
212,2343,10.991332
2571,4652,10.991334
38,2906,10.991341
921,3002,10.991343
572,3490,10.991346
1216,4134,10.991385
2316,4447,10.991392
1654,3785,10.991394
2573,4654,10.991401
287,2368,10.991407
696,2777,10.991412
1051,3969,10.991415
363,3281,10.991435
706,3624,10.991442
1046,3914,10.991445
517,3435,10.991453
2008,4139,10.991461
1175,3256,10.991464
2382,4463,10.991469
1154,3285,10.991482
78,2159,10.991494
1606,4524,10.991494
1485,3566,10.991495
18,2936,10.991501
1943,4811,10.991513
984,3065,10.991518
2409,4540,10.991521
780,3698,10.991524
286,2367,10.991527
632,2713,10.991533
1035,3903,10.991543
2338,4419,10.991556
2805,4936,10.991568
2491,4572,10.991577
766,2897,10.991586
2428,4509,10.991587
2825,4906,10.991589
936,3804,10.991599
740,2821,10.991605
276,2357,10.991617
917,3835,10.991623
64,2982,10.991635
1225,4143,10.991636
1274,3355,10.991642
1322,3403,10.991644
1828,3909,10.991646
1369,4287,10.991647
1860,4778,10.991653
1874,3955,10.991656
1673,3754,10.991661
143,2224,10.991685
775,2856,10.991686
1770,4688,10.991691
166,2297,10.991695
2129,4210,10.991711
500,2631,10.991718
586,2667,10.991734
601,2732,10.991739
101,2232,10.991745
1084,3165,10.991749
333,2414,10.991767
1306,4224,10.991768
612,2743,10.991784
1234,4102,10.991785
1186,3267,10.991789
1080,3998,10.991789
2562,4693,10.991791
1561,4479,10.991796
1140,3221,10.991803
1698,4566,10.991812
1575,3656,10.991824
1276,3357,10.991837
1007,3925,10.991838
542,2623,10.991854
708,3626,10.991863
2447,4528,10.991874
2039,4120,10.991874
32,2113,10.991885
2880,4961,10.991888
770,3688,10.991888
1733,4601,10.991897
792,3660,10.991929
1903,4821,10.991933
1830,3911,10.991955
2773,4854,10.991958
818,3736,10.991959
31,2112,10.991963
1244,4112,10.991965
2683,4764,10.991969
977,3058,10.991973
1883,3964,10.991986
2780,4861,10.991990
1915,4833,10.991997
423,2504,10.991999
1325,4243,10.991999
124,2205,10.992013
2107,4238,10.992018
1490,4358,10.992020
618,3536,10.992024
2892,4973,10.992039
2110,4241,10.992048
871,3789,10.992053
1021,3102,10.992059
1758,4676,10.992068
1352,4270,10.992068
1920,4001,10.992071
154,3072,10.992072
1775,3856,10.992074
2353,4484,10.992076
2137,4218,10.992087
1040,3121,10.992110
571,3489,10.992113
722,2803,10.992128
453,3371,10.992130
306,3224,10.992132
549,3417,10.992132
1395,3476,10.992132
1471,4389,10.992132
2262,4393,10.992134
2,2133,10.992138
30,2948,10.992152
1604,4522,10.992165
317,3235,10.992166
2791,4872,10.992176
1425,4343,10.992177
2563,4694,10.992182
1651,4569,10.992186
1067,3198,10.992192
2564,4695,10.992199
2836,4917,10.992202
2426,4507,10.992225
1783,3864,10.992229
409,3327,10.992236
495,2576,10.992241
2474,4555,10.992242
1785,3866,10.992245
531,2612,10.992250
1262,4180,10.992252
2794,4875,10.992262
1489,4357,10.992262
1621,3702,10.992264
1155,3286,10.992265
1711,3842,10.992266
1714,4632,10.992271
1818,3949,10.992273
987,3068,10.992274
1473,3554,10.992293
1448,3529,10.992295
827,3745,10.992297
34,2115,10.992297
768,2899,10.992298
243,2324,10.992305
86,2167,10.992312
1429,3510,10.992314
214,2345,10.992316
22,2103,10.992317
1704,4622,10.992324
1125,4043,10.992328
307,3225,10.992330
2219,4300,10.992342
1559,4477,10.992353
352,3270,10.992360
887,2968,10.992378
848,3716,10.992386
5,2136,10.992386
2551,4682,10.992391
2361,4492,10.992397
1993,4074,10.992434
1492,4360,10.992435
1544,4412,10.992435
1283,4151,10.992438
1745,4613,10.992442
2817,4948,10.992446
340,3208,10.992450
1254,3385,10.992461
1950,4868,10.992482
430,3348,10.992485
1025,3943,10.992489
1439,3520,10.992495
311,2442,10.992498
1738,3819,10.992498
1740,3821,10.992504
1010,3141,10.992508
2355,4486,10.992515
83,2951,10.992516
2495,4576,10.992528
2760,4891,10.992537
639,3507,10.992544
168,2299,10.992555
1096,3177,10.992556
1658,4576,10.992559
147,3015,10.992561
2518,4649,10.992562
351,3269,10.992571
1642,3723,10.992571
1709,3840,10.992573
2094,4175,10.992585
1502,3633,10.992589
2863,4994,10.992591
1400,3531,10.992591
561,3479,10.992592
2681,4762,10.992592
483,3351,10.992596
789,2870,10.992618
646,3514,10.992630
1366,3497,10.992634
2547,4628,10.992635
2654,4785,10.992639
2362,4493,10.992645
107,3025,10.992646
909,3040,10.992659
1680,4598,10.992666
2017,4935,10.992673
699,2780,10.992674
2593,4674,10.992686
881,3799,10.992697
1693,3774,10.992722
1906,4824,10.992737
678,2759,10.992738
1164,4082,10.992745
1531,3612,10.992765
1879,4797,10.992766
326,3244,10.992772
1927,4845,10.992775
998,3079,10.992780
2010,4141,10.992791
1363,3494,10.992800
1768,4686,10.992819
2384,4465,10.992821
26,2107,10.992821
145,2226,10.992823
1254,4172,10.992823
879,2960,10.992830
311,3229,10.992839
1732,3813,10.992844
401,3319,10.992846
1373,4291,10.992848
2585,4666,10.992855
520,3438,10.992858
2265,4396,10.992860
997,3078,10.992861
949,3030,10.992865
1147,4015,10.992871
885,2966,10.992872
1724,4642,10.992880
1827,3908,10.992882
197,2278,10.992888
664,3582,10.992891
1074,3992,10.992897
1949,4030,10.992900
2466,4597,10.992900
66,2197,10.992907
319,3237,10.992912
1539,3620,10.992928
637,3505,10.992932
528,3446,10.992934
513,2644,10.992937
1412,3543,10.992940
102,2233,10.992945
2376,4457,10.992966
1958,4876,10.992971
1157,3288,10.992979
1613,3744,10.992996
2556,4687,10.993001
1127,4045,10.993004
1594,3675,10.993008
1703,3834,10.993012
1833,4701,10.993032
541,3409,10.993033
559,2690,10.993041
1172,4090,10.993045
1665,3796,10.993046
221,3139,10.993046
1964,4095,10.993081
850,2981,10.993082
485,2566,10.993083
1394,4262,10.993097
2561,4692,10.993102
2291,4372,10.993109
1548,3629,10.993115
1446,4314,10.993123
1703,4621,10.993131
2346,4427,10.993133
990,3071,10.993134
1523,3604,10.993134
760,2891,10.993147
304,2435,10.993150
1580,4498,10.993154
1843,3924,10.993155
1436,4304,10.993161
1837,4705,10.993165
116,2247,10.993181
137,2218,10.993191
159,2290,10.993192
303,2434,10.993193
1170,4088,10.993199
1646,4514,10.993203
1360,4278,10.993205
1452,4370,10.993205
2891,4972,10.993221
47,2128,10.993224
1689,4557,10.993226
2025,4943,10.993228
2286,4367,10.993230
472,3390,10.993236
1373,3454,10.993236
2696,4777,10.993239
1791,4659,10.993239
426,3344,10.993240
227,2308,10.993245
1381,4299,10.993261
969,3050,10.993274
2152,4283,10.993274
1080,3161,10.993279
294,3162,10.993281
1582,4450,10.993297
302,2433,10.993306
1862,3993,10.993308
1455,4373,10.993316
984,3852,10.993318
2846,4927,10.993329
41,2122,10.993337
1271,4189,10.993338
1978,4896,10.993341
1365,4283,10.993344
2752,4883,10.993352
1595,4463,10.993352
670,2751,10.993356
317,2448,10.993366
2038,4906,10.993367
1822,3903,10.993368
631,3549,10.993370
341,2422,10.993374
1229,3310,10.993392
1933,4014,10.993399
141,2222,10.993409
729,3647,10.993418
482,3350,10.993423
1685,4553,10.993434
187,2268,10.993444
2147,4228,10.993447
2675,4756,10.993454
1275,4193,10.993455
1433,3514,10.993457
631,2712,10.993469
797,2878,10.993469
21,2102,10.993474
742,3610,10.993475
832,3700,10.993483
1947,4028,10.993484
2705,4836,10.993489
1170,3251,10.993495
131,3049,10.993502
1141,3222,10.993513
602,3520,10.993513
610,3528,10.993525
922,3840,10.993525
2018,4149,10.993530
938,3806,10.993532
407,2538,10.993534
1484,4352,10.993534
1775,4693,10.993547
808,3726,10.993554
812,2943,10.993566
1941,4022,10.993572
1463,4381,10.993577
2292,4373,10.993577
110,3028,10.993579
963,3881,10.993584
2786,4867,10.993587
1012,3930,10.993589
1088,3169,10.993603
235,2316,10.993603
737,3605,10.993607
512,3430,10.993613
1816,4734,10.993623
1937,4018,10.993626
1983,4064,10.993627
755,2886,10.993627
1962,4093,10.993642
1948,4816,10.993644
1683,3764,10.993659
1102,4020,10.993663
1185,4053,10.993669
1865,4783,10.993677
103,2234,10.993680
2148,4229,10.993685
452,3370,10.993687
69,2987,10.993693
892,3760,10.993694
2309,4440,10.993700
588,2669,10.993701
2897,4978,10.993706
159,3077,10.993706
2023,4104,10.993718
206,2337,10.993719
1565,3696,10.993719
1219,3300,10.993722
2196,4277,10.993726
2347,4428,10.993728
547,2628,10.993732
580,2661,10.993737
299,3167,10.993738
1242,4110,10.993742
593,3461,10.993746
2757,4888,10.993756
469,2550,10.993758
1260,3391,10.993760
1256,3387,10.993763
2238,4319,10.993766
861,3779,10.993780
1600,3731,10.993780
339,3207,10.993781
389,3257,10.993782
790,3658,10.993783
422,3340,10.993793
1111,3242,10.993794
85,2953,10.993807
866,2997,10.993811
1955,4873,10.993814
1332,4200,10.993818
1441,3522,10.993822
721,3639,10.993827
479,3397,10.993834
1000,3131,10.993849
2667,4798,10.993855
1110,3241,10.993871
1747,4615,10.993884
1422,4340,10.993887
569,3487,10.993892
815,3733,10.993896
576,2657,10.993900
1889,4757,10.993906
1059,3190,10.993912
2616,4747,10.993934
637,2718,10.993946
2095,4963,10.993947
1512,4430,10.993947
659,3577,10.993954
1882,3963,10.993955
182,3050,10.993963
208,3126,10.993977
2372,4453,10.993984
765,2896,10.993986
705,3623,10.993988
2294,4375,10.993991
1343,3424,10.993996
291,3159,10.993997
1602,4520,10.993999
1837,3918,10.994000
2761,4892,10.994001
1095,3963,10.994010
496,2577,10.994013
2577,4658,10.994016
2876,4957,10.994018
981,3899,10.994020
799,3667,10.994023
1250,4168,10.994030
251,3169,10.994036
965,3096,10.994036
1742,4610,10.994042
894,3762,10.994044
1554,3685,10.994050
2100,4231,10.994057
1350,3481,10.994057
2224,4305,10.994058
1688,4556,10.994061
1026,3944,10.994062
2314,4445,10.994067
54,2185,10.994068
332,3200,10.994072
2134,4215,10.994076
1808,4726,10.994082
1832,4700,10.994082
2113,4244,10.994092
2404,4535,10.994099
889,3757,10.994101
1574,4492,10.994103
387,2468,10.994104
1912,4043,10.994104
2090,4958,10.994106
1456,3587,10.994115
1922,4840,10.994123
2044,4125,10.994127
1639,3720,10.994133
1169,4087,10.994144
2544,4625,10.994150
1514,4432,10.994158
727,2808,10.994161
2023,4941,10.994168
2453,4584,10.994172
2012,4930,10.994172
194,2275,10.994172
1929,4010,10.994176
2745,4826,10.994176
2647,4728,10.994190
979,3897,10.994194
956,3087,10.994207
1460,4378,10.994207
843,2924,10.994208
229,3147,10.994216
87,2168,10.994219
2634,4715,10.994220
1904,4035,10.994220
530,2611,10.994223
1289,4157,10.994224
1989,4857,10.994236
2118,4249,10.994242
1304,4222,10.994242
41,2909,10.994245
907,3825,10.994255
2487,4568,10.994255
284,2365,10.994256
2419,4500,10.994265
1297,3378,10.994276
2765,4896,10.994284
1069,3987,10.994308
2724,4805,10.994310
374,2455,10.994316
490,2571,10.994320
174,3092,10.994333
874,2955,10.994334
455,2586,10.994339
784,2865,10.994353
464,2595,10.994353
1814,3945,10.994365
694,2775,10.994367
817,2948,10.994367
1490,3571,10.994368
554,2685,10.994369
811,3729,10.994375
557,2688,10.994379
346,2427,10.994402
2608,4739,10.994407
1631,3712,10.994413
2814,4945,10.994424
741,2822,10.994427
1284,3365,10.994428
700,3618,10.994446
162,3080,10.994450
1335,4203,10.994451
2059,4977,10.994453
1159,4077,10.994453
444,2525,10.994459
301,2432,10.994465
1633,4501,10.994467
242,3110,10.994471
2227,4308,10.994474
2317,4448,10.994478
2254,4385,10.994482
2056,4187,10.994490
2203,4334,10.994499
955,3873,10.994503
1082,3950,10.994504
98,2966,10.994508
781,3699,10.994515
603,2734,10.994516
648,3516,10.994516
2281,4362,10.994538
962,3880,10.994542
2407,4538,10.994549
907,3038,10.994555
39,2907,10.994559
1374,3455,10.994565
36,2904,10.994565
258,2389,10.994565
1724,3805,10.994575
1553,4471,10.994581
2397,4478,10.994591
1672,4590,10.994602
2326,4407,10.994614
1237,4105,10.994653
438,3306,10.994656
392,3260,10.994671
1371,3452,10.994672
1580,3661,10.994679
1461,3592,10.994680
325,2406,10.994684
2826,4907,10.994693
1281,3362,10.994702
819,3737,10.994704
1718,4636,10.994709
1199,3280,10.994710
468,2599,10.994713
1047,3128,10.994717
1551,3682,10.994722
126,3044,10.994742
1178,3259,10.994751
2884,4965,10.994763
1086,3167,10.994764
1191,3272,10.994772
715,3633,10.994774
1664,4582,10.994774
2537,4618,10.994775
697,2778,10.994778
2031,4112,10.994778
1464,3595,10.994782
1203,3334,10.994785
1817,3948,10.994792
1691,3772,10.994797
626,3544,10.994803
1968,4886,10.994803
2085,4166,10.994804
252,3170,10.994805
20,2938,10.994838
1730,3811,10.994844
1137,3218,10.994846
1809,3940,10.994857
1634,3715,10.994863
1935,4803,10.994865
1224,4142,10.994876
1727,3808,10.994882
1051,3182,10.994892
1881,4799,10.994894
1050,3968,10.994901
1781,3862,10.994906
1835,4703,10.994908
1483,3564,10.994909
1640,3721,10.994912
2763,4894,10.994916
873,3791,10.994920
2343,4424,10.994922
787,2868,10.994923
2636,4717,10.994934
431,2512,10.994935
1227,3308,10.994940
1637,3718,10.994954
1820,3901,10.994958
216,3134,10.994962
356,2487,10.994964
2097,4965,10.994969
1607,4525,10.994972
1670,3751,10.994977
1504,4422,10.994979
1090,3958,10.994980
928,3846,10.994984
2251,4382,10.994986
901,3819,10.994991
1317,3448,10.994997
1547,3628,10.995001
1466,3597,10.995005
2853,4984,10.995007
227,3145,10.995011
102,3020,10.995014
2002,4133,10.995016
1407,3538,10.995017
2673,4754,10.995028
188,3056,10.995037
2257,4388,10.995041
1418,3549,10.995048
1961,4879,10.995048
1871,3952,10.995051
1726,4644,10.995053
890,3758,10.995063
1018,3936,10.995067
961,3092,10.995068
1204,4122,10.995075
1295,3376,10.995076
1755,3886,10.995089
1853,3984,10.995090
1415,4333,10.995098
913,3044,10.995105
1750,4668,10.995113
754,3672,10.995118
1500,3631,10.995129
838,3706,10.995132
1319,3400,10.995132
2051,4969,10.995135
350,2481,10.995138
566,2697,10.995147
661,3579,10.995152
1190,4058,10.995157
1996,4077,10.995158
865,3783,10.995174
555,2686,10.995193
384,3252,10.995195
436,2517,10.995199
111,3029,10.995213
840,2921,10.995214
1003,3134,10.995216
1871,4789,10.995217
2717,4848,10.995220
1848,3929,10.995225
1961,4092,10.995239
1028,3946,10.995241
498,2579,10.995241
428,3346,10.995242
1544,3625,10.995245
1291,4159,10.995248
1760,3891,10.995249
777,2858,10.995257
877,2958,10.995259
1925,4843,10.995264
1194,4062,10.995278
823,2904,10.995281
1910,4041,10.995286
521,2602,10.995294
420,2501,10.995298
657,2788,10.995309
2855,4986,10.995309
2583,4664,10.995311
871,2952,10.995312
2819,4900,10.995312
2086,4167,10.995313
1856,3987,10.995323
1669,4587,10.995338
75,2993,10.995338
2433,4514,10.995342
21,2939,10.995346
1054,3972,10.995356
6,2137,10.995361
884,2965,10.995361
1761,4679,10.995362
146,2227,10.995364
1089,3170,10.995372
1536,4404,10.995377
2351,4482,10.995377
1130,3211,10.995391
2122,4203,10.995404
1108,4026,10.995416
1245,4113,10.995419
2087,4955,10.995421
201,3119,10.995435
748,3616,10.995473
2051,4182,10.995474
287,3155,10.995475
1349,3430,10.995483
1179,3260,10.995485
2054,4185,10.995486
1850,3981,10.995488
1301,3432,10.995492
2327,4408,10.995497
60,2191,10.995520
1754,4672,10.995521
1230,4148,10.995523
636,3504,10.995529
182,2263,10.995533
175,3093,10.995549
1628,4546,10.995556
1966,4097,10.995557
197,3065,10.995557
437,3305,10.995574
518,2649,10.995579
840,3708,10.995580
278,3196,10.995582
185,3053,10.995586
1569,4487,10.995586
1284,4152,10.995592
173,3091,10.995593
428,2509,10.995599
1320,4238,10.995604
1781,4699,10.995607
820,2901,10.995608
608,2739,10.995609
1348,3429,10.995610
1215,3346,10.995611
832,2913,10.995613
919,3000,10.995614
1279,4197,10.995616
2032,4113,10.995617
2167,4298,10.995629
2158,4289,10.995632
781,2862,10.995635
1289,3370,10.995636
825,3743,10.995647
2728,4809,10.995647
1041,3909,10.995649
8,2926,10.995649
1143,3224,10.995657
2212,4343,10.995657
323,3241,10.995658
973,3891,10.995661
430,2511,10.995669
338,2419,10.995669
999,3080,10.995683
748,2829,10.995685
1990,4071,10.995686
1125,3206,10.995688
1620,3701,10.995693
67,2198,10.995705
733,2814,10.995705
2670,4751,10.995711
1105,4023,10.995717
2449,4530,10.995719
218,2349,10.995725
12,2930,10.995725
2493,4574,10.995734
1179,4097,10.995734
1404,3535,10.995739
1623,4541,10.995741
2047,4915,10.995741
57,2188,10.995746
2523,4604,10.995747
1266,4184,10.995751
2191,4272,10.995766
1766,3897,10.995766
611,2742,10.995767
902,3033,10.995777
964,3882,10.995780
2298,4379,10.995785
2849,4930,10.995790
1356,4274,10.995795
248,2329,10.995797
236,2317,10.995798
2244,4325,10.995799
92,2173,10.995800
838,2919,10.995809
2154,4285,10.995812
2240,4321,10.995813
272,2353,10.995815
1693,4561,10.995820
967,3098,10.995821
2015,4933,10.995821
1251,3382,10.995830
2176,4257,10.995832
2172,4253,10.995836
2080,4161,10.995838
2580,4661,10.995845
1510,3641,10.995847
1113,3244,10.995859
2000,4131,10.995863
1804,4722,10.995867
982,3850,10.995867
1161,3292,10.995872
1302,4220,10.995872
233,3101,10.995876
359,3277,10.995882
377,3295,10.995902
1353,3484,10.995904
994,3075,10.995914
44,2125,10.995921
1247,3328,10.995938
2490,4571,10.995939
2170,4251,10.995940
1140,4008,10.995943
254,2385,10.995945
165,3083,10.995946
13,2144,10.995961
760,3678,10.995961
2806,4937,10.995962
1095,3176,10.995972
608,3526,10.995975
119,3037,10.995980
269,3187,10.995982
928,3009,10.995984
108,2239,10.995987
2350,4481,10.995989
2260,4391,10.995990
305,3223,10.995997
172,3090,10.996008
2280,4361,10.996018
415,2546,10.996022
1634,4502,10.996023
1387,3468,10.996028
1519,3600,10.996042
1762,3893,10.996050
775,3693,10.996051
200,2331,10.996052
691,2772,10.996053
341,3209,10.996057
128,2209,10.996064
2068,4199,10.996070
1269,3350,10.996071
2142,4223,10.996071
1248,4116,10.996071
164,2295,10.996072
308,2439,10.996076
457,2588,10.996076
526,2607,10.996082
413,3331,10.996082
1659,4577,10.996086
57,2975,10.996097
1969,4887,10.996098
2334,4415,10.996104
1388,4256,10.996104
2226,4307,10.996112
2613,4744,10.996123
368,3286,10.996126
1305,3436,10.996133
2190,4271,10.996139
2408,4539,10.996157
1442,4310,10.996160
447,3315,10.996170
1691,4559,10.996179
501,2632,10.996180
1268,3399,10.996180
1298,4166,10.996180
534,2615,10.996190
1193,3274,10.996202
139,3007,10.996208
683,3551,10.996210
1283,3364,10.996211
1018,3149,10.996214
1596,3677,10.996216
260,2391,10.996223
2104,4235,10.996236
2715,4846,10.996238
1410,4328,10.996242
150,2281,10.996244
1337,3418,10.996244
1942,4023,10.996244
112,2243,10.996249
18,2149,10.996250
836,3704,10.996255
596,2677,10.996271
2790,4871,10.996277
1908,4039,10.996278
2121,4202,10.996290
1762,4680,10.996298
1035,3116,10.996307
2626,4707,10.996316
1894,4762,10.996317
1131,4049,10.996328
916,3834,10.996337
643,2724,10.996339
1176,4094,10.996343
1374,4292,10.996346
56,2974,10.996348
909,3827,10.996351
1748,3829,10.996355
445,3313,10.996357
1314,3445,10.996365
859,2990,10.996368
2077,4158,10.996377
1212,4130,10.996378
247,3115,10.996393
2302,4433,10.996428
2162,4293,10.996434
1142,3223,10.996435
1676,3757,10.996448
1201,3332,10.996456
99,2180,10.996458
1907,4825,10.996459
2703,4834,10.996459
88,2169,10.996459
954,3085,10.996464
1233,3314,10.996470
1940,4021,10.996475
1226,4144,10.996478
1107,3238,10.996483
193,3061,10.996492
77,2995,10.996492
2363,4494,10.996493
1995,4076,10.996501
2709,4840,10.996503
1108,3239,10.996505
874,3792,10.996506
340,2421,10.996508
2064,4195,10.996528
1496,4364,10.996536
1391,3472,10.996537
215,3133,10.996546
2136,4217,10.996552
2083,4951,10.996561
110,2241,10.996567
2070,4988,10.996579
551,2682,10.996581
1684,3765,10.996582
499,3367,10.996583
2388,4469,10.996588
894,2975,10.996593
2009,4927,10.996596
1071,3152,10.996597
518,3436,10.996605
24,2105,10.996613
1031,3112,10.996623
1708,3839,10.996624
2848,4929,10.996627
2840,4921,10.996632
417,3335,10.996635
2706,4837,10.996638
1057,3188,10.996641
1072,3990,10.996642
458,3376,10.996653
1538,4406,10.996655
1379,3460,10.996658
1574,3655,10.996666
394,2475,10.996674
743,2824,10.996676
143,3011,10.996678
283,3151,10.996678
298,2379,10.996681
992,3860,10.996691
1121,3202,10.996692
362,2493,10.996702
1668,4586,10.996709
1799,4667,10.996710
326,2407,10.996715
2140,4221,10.996727
1866,3997,10.996736
923,3004,10.996737
1019,3100,10.996740
2098,4966,10.996745
2729,4810,10.996745
2843,4924,10.996746
2266,4397,10.996760
2680,4761,10.996778
376,2457,10.996779
1917,4835,10.996789
1136,4004,10.996791
1656,4574,10.996797
1796,4664,10.996810
2370,4451,10.996812
1000,3918,10.996813
179,3097,10.996816
783,3651,10.996819
2216,4347,10.996829
974,3892,10.996831
691,3559,10.996837
745,3613,10.996839
946,3814,10.996846
1566,4484,10.996846
372,3290,10.996854
2755,4886,10.996854
1248,3329,10.996866
255,3173,10.996870
1971,4889,10.996878
1886,4754,10.996885
930,3848,10.996890
467,3385,10.996894
1551,4469,10.996902
2809,4940,10.996905
2061,4979,10.996907
779,2860,10.996912
830,3748,10.996915
226,3144,10.996932
1668,3799,10.996934
1102,3233,10.996941
725,2806,10.996952
1445,4313,10.996955
1643,4511,10.996955
1812,3943,10.996956
1476,4394,10.996962
1974,4055,10.996968
1876,3957,10.996969
939,3020,10.996973
1491,4359,10.996975
15,2933,10.996977
74,2155,10.996987
1719,4637,10.996995
1478,4396,10.997004
1221,4139,10.997008
314,2445,10.997013
1976,4894,10.997021
616,2747,10.997022
328,3246,10.997026
38,2119,10.997032
178,2259,10.997035
605,3523,10.997036
1919,4837,10.997037
581,2662,10.997038
562,3480,10.997038
31,2949,10.997040
1978,4059,10.997042
2885,4966,10.997043
653,3571,10.997043
2748,4829,10.997051
1075,3156,10.997058
632,3500,10.997061
2208,4339,10.997061
2611,4742,10.997075
1338,4206,10.997075
1636,4504,10.997079
1752,3883,10.997092
161,3079,10.997102
2050,4181,10.997103
776,3694,10.997109
1327,4245,10.997120
431,3349,10.997129
1863,4781,10.997130
2413,4544,10.997132
2557,4688,10.997133
1773,4691,10.997138
1984,4852,10.997139
1575,4493,10.997142
1224,3305,10.997144
503,2634,10.997146
105,3023,10.997148
598,3466,10.997148
1386,4254,10.997149
716,3634,10.997157
1053,3184,10.997158
1158,4076,10.997160
685,3553,10.997166
448,2529,10.997181
515,3433,10.997182
1359,3490,10.997182
1470,3551,10.997184
1722,3803,10.997201
1326,3407,10.997203
2053,4184,10.997203
503,3421,10.997211
2424,4505,10.997215
1383,3464,10.997217
869,2950,10.997221
2066,4984,10.997222
488,3356,10.997231
2232,4313,10.997235
1524,3605,10.997236
1802,3933,10.997237
461,2592,10.997237
884,3752,10.997242
833,2914,10.997245
1118,4036,10.997247
1783,4651,10.997253
245,3113,10.997254
383,2464,10.997255
1023,3104,10.997256
348,3216,10.997259
1294,3375,10.997260
425,3343,10.997269
1845,4713,10.997271
239,2320,10.997272
2079,4997,10.997273
690,3558,10.997294
335,3203,10.997294
2269,4350,10.997297
1338,3419,10.997307
1532,4400,10.997311
1987,4068,10.997311
1445,3526,10.997312
198,2279,10.997316
1586,3667,10.997328
910,3041,10.997336
1182,3263,10.997343
1377,4295,10.997344
290,2371,10.997349
2014,4145,10.997349
1233,4101,10.997349
2508,4639,10.997353
1614,3745,10.997358
346,3214,10.997365
686,3554,10.997375
437,2518,10.997376
95,2176,10.997377
2701,4832,10.997380
769,2850,10.997382
527,2608,10.997386
1924,4842,10.997406
945,3026,10.997411
1296,4164,10.997414
358,2489,10.997414
1956,4087,10.997415
1089,3957,10.997418
2619,4700,10.997444
398,2479,10.997452
146,3014,10.997452
1521,4439,10.997454
277,2358,10.997459
290,3158,10.997461
361,3279,10.997464
920,3838,10.997468
1817,4735,10.997468
1427,3508,10.997470
1431,4349,10.997478
1030,3111,10.997480
1151,4069,10.997485
784,3652,10.997490
75,2156,10.997491
49,2917,10.997493
1500,4418,10.997493
2249,4330,10.997500
1086,3954,10.997511
2032,4900,10.997521
635,2716,10.997524
2783,4864,10.997531
344,3212,10.997538
1038,3119,10.997545
2125,4206,10.997557
1316,4234,10.997558
434,3302,10.997561
2582,4663,10.997563
2690,4771,10.997574
505,2636,10.997575
1829,4747,10.997588
2467,4598,10.997590
1464,4382,10.997591
1282,4150,10.997596
688,3556,10.997599
170,2251,10.997611
1122,4040,10.997612
1330,3411,10.997621
2071,4152,10.997624
1265,3396,10.997627
129,3047,10.997629
2815,4946,10.997630
2007,4925,10.997649
2665,4796,10.997655
1162,4080,10.997662
1311,4229,10.997671
322,2403,10.997673
114,2245,10.997674
607,3525,10.997688
535,3403,10.997700
1323,3404,10.997701
2438,4519,10.997704
672,3590,10.997709
2215,4346,10.997715
830,2911,10.997716
671,2752,10.997738
2043,4911,10.997738
1665,4583,10.997738
1461,4379,10.997743
1827,4745,10.997747
801,2932,10.997747
1469,3550,10.997748
463,3381,10.997748
474,3392,10.997750
1197,3278,10.997758
265,3183,10.997759
1380,3461,10.997762
2700,4831,10.997763
1993,4861,10.997763
1156,4074,10.997766
2442,4523,10.997771
1308,3439,10.997776
1776,3857,10.997783
1495,3576,10.997785
167,3085,10.997800
578,3496,10.997800
261,3179,10.997806
1758,3889,10.997808
1017,3148,10.997809
1743,4611,10.997812
1211,3342,10.997832
1629,4547,10.997833
165,2296,10.997835
2073,4154,10.997841
1358,3489,10.997847
1104,4022,10.997852
1981,4062,10.997852
1550,4468,10.997873
293,2374,10.997875
1895,3976,10.997884
150,3068,10.997914
1406,4324,10.997915
2230,4311,10.997916
2359,4490,10.997921
1287,4155,10.997925
806,3724,10.997929
125,3043,10.997932
1128,3209,10.997933
941,3022,10.997939
981,3062,10.997943
2046,4127,10.997951
1013,3144,10.997958
567,2698,10.997960
2074,4992,10.997965
2895,4976,10.997967
366,2497,10.997970
20,2101,10.997980
1116,4034,10.997987
502,2633,10.997991
1850,4768,10.997993
706,2837,10.997995
778,3696,10.997995
2330,4411,10.998003
3,2921,10.998006
2033,4901,10.998011
1586,4454,10.998038
1448,4316,10.998040
371,2452,10.998042
1481,3562,10.998056
1408,3539,10.998057
2211,4342,10.998063
1578,3659,10.998071
986,3067,10.998078
910,3828,10.998080
851,3769,10.998081
491,2572,10.998086
281,3199,10.998090
413,2544,10.998093
542,3410,10.998099
1134,3215,10.998101
2478,4559,10.998102
1272,3353,10.998109
2356,4487,10.998146
395,3263,10.998151
1290,3371,10.998151
589,3457,10.998153
416,2547,10.998165
951,3869,10.998177
1477,3558,10.998181
412,2543,10.998185
347,2428,10.998187
1434,3515,10.998190
268,2399,10.998206
1066,3984,10.998217
196,3064,10.998219
2233,4314,10.998220
2089,4170,10.998233
1064,3982,10.998242
722,3640,10.998242
494,3362,10.998243
114,3032,10.998245
452,2583,10.998255
373,3291,10.998261
255,2386,10.998262
540,2621,10.998264
1739,4607,10.998265
1809,4727,10.998271
740,3608,10.998273
1786,3867,10.998284
624,2705,10.998293
2503,4634,10.998294
6,2924,10.998299
2323,4404,10.998300
1401,4319,10.998300
913,3831,10.998304
1049,3917,10.998311
89,2957,10.998319
1690,4558,10.998322
1146,3227,10.998323
868,3786,10.998327
803,3721,10.998328
1485,4353,10.998328
484,2565,10.998330
713,3631,10.998333
1852,4770,10.998336
1856,4774,10.998337
2539,4620,10.998338
1020,3938,10.998340
2795,4876,10.998346
475,2556,10.998357
1057,3975,10.998359
336,3204,10.998369
2888,4969,10.998369
1496,3577,10.998372
185,2266,10.998380
574,2655,10.998381
258,3176,10.998393
815,2946,10.998393
943,3811,10.998397
2149,4230,10.998397
2377,4458,10.998402
1591,4459,10.998405
1517,3648,10.998410
1558,4476,10.998412
1143,4011,10.998413
623,3541,10.998416
689,2770,10.998419
1236,3317,10.998421
1416,3547,10.998426
1712,4630,10.998448
2022,4940,10.998451
1626,4544,10.998455
1897,3978,10.998457
149,2230,10.998457
666,2797,10.998463
718,2849,10.998468
1428,4346,10.998469
199,2280,10.998470
2322,4403,10.998478
2574,4655,10.998479
2057,4975,10.998485
1888,3969,10.998492
2719,4800,10.998492
1546,4414,10.998493
557,3475,10.998507
2691,4772,10.998508
2420,4501,10.998509
153,2284,10.998515
1598,4466,10.998529
2460,4591,10.998533
1945,4026,10.998534
1033,3901,10.998543
1579,4497,10.998544
1712,3843,10.998548
595,3463,10.998550
2029,4947,10.998569
1002,3133,10.998572
2000,4918,10.998574
2529,4610,10.998574
533,3401,10.998580
958,3876,10.998588
2029,4110,10.998596
19,2937,10.998598
1144,4012,10.998602
769,3687,10.998611
2737,4818,10.998614
2065,4983,10.998623
831,2912,10.998623
1355,3486,10.998623
1902,4033,10.998627
1311,3442,10.998634
329,2410,10.998645
1509,3640,10.998652
1794,3875,10.998656
762,3680,10.998659
70,2151,10.998661
1371,4289,10.998671
1201,4119,10.998671
679,2760,10.998678
1568,4486,10.998689
694,3562,10.998693
2462,4593,10.998695
1042,3123,10.998695
1661,3792,10.998697
521,3439,10.998698
2521,4602,10.998698
236,3104,10.998710
355,2486,10.998715
1411,3542,10.998717
402,3320,10.998721
1727,4645,10.998728
1458,4376,10.998729
1855,3986,10.998747
1,2132,10.998752
1123,4041,10.998766
1420,3501,10.998770
1098,3966,10.998774
83,2164,10.998776
1183,4051,10.998777
747,3615,10.998778
976,3894,10.998779
395,2476,10.998781
1705,4623,10.998788
1884,3965,10.998789
240,3108,10.998795
2194,4275,10.998795
952,3083,10.998798
1341,4209,10.998810
443,3311,10.998829
45,2126,10.998839
1960,4091,10.998842
1873,4791,10.998845
1368,4286,10.998857
2730,4811,10.998861
1787,3868,10.998869
1390,4258,10.998870
2744,4825,10.998870
1763,3894,10.998872
1499,3580,10.998874
1686,3767,10.998876
1559,3690,10.998878
380,2461,10.998881
1188,4056,10.998881
1541,4409,10.998883
999,3867,10.998885
862,2993,10.998890
2165,4296,10.998892
2697,4778,10.998897
1278,4196,10.998909
755,3673,10.998929
1560,3691,10.998936
71,2989,10.998947
805,2936,10.998947
844,2925,10.998954
866,3784,10.998960
1494,3575,10.998961
1252,4170,10.998961
1323,4241,10.998965
219,3137,10.998969
1068,3986,10.998970
553,3471,10.998973
846,2927,10.998977
988,3069,10.998980
1055,3186,10.998986
398,3266,10.998989
121,3039,10.998998
2708,4839,10.999000
963,3094,10.999005
855,2986,10.999006
933,3014,10.999015
281,2362,10.999017
2604,4735,10.999025
680,3598,10.999028
1779,4697,10.999032
2851,4982,10.999040
204,2335,10.999041
63,2194,10.999053
2086,4954,10.999054
1683,4551,10.999056
1554,4472,10.999065
1222,3303,10.999068
1213,4131,10.999072
1748,4616,10.999073
1924,4005,10.999076
473,2554,10.999076
1649,4517,10.999087
538,2619,10.999107
553,2684,10.999108
643,3511,10.999108
2179,4260,10.999115
1982,4850,10.999115
1741,4609,10.999116
1208,4126,10.999131
1092,3173,10.999135
1953,4871,10.999137
2750,4881,10.999144
2348,4429,10.999145
323,2404,10.999146
596,3464,10.999147
1395,4263,10.999148
2610,4741,10.999148
9,2140,10.999161
726,3644,10.999162
1115,4033,10.999164
1546,3627,10.999166
303,3221,10.999173
175,2256,10.999188
1380,4298,10.999190
798,3666,10.999191
996,3864,10.999197
257,3175,10.999199
1931,4012,10.999200
2514,4645,10.999201
1118,3249,10.999209
1535,3616,10.999209
1287,3368,10.999210
819,2900,10.999210
1847,3928,10.999211
1751,3882,10.999226
2627,4708,10.999228
2867,4998,10.999231
1313,4231,10.999231
611,3529,10.999238
807,3725,10.999239
1632,3713,10.999259
1044,3125,10.999260
1772,3853,10.999262
1720,3801,10.999287
2489,4570,10.999290
2061,4192,10.999292
560,2691,10.999293
1774,3855,10.999296
645,2726,10.999304
1805,3936,10.999306
410,2541,10.999321
1467,4385,10.999323
279,2360,10.999325
2723,4804,10.999333
693,3561,10.999335
370,3288,10.999338
80,2161,10.999341
1039,3907,10.999353
1853,4771,10.999354
2672,4753,10.999359
794,3662,10.999371
1384,3465,10.999374
2871,4952,10.999380
1622,4540,10.999394
1413,3544,10.999399
625,3543,10.999399
1631,4549,10.999405
1640,4508,10.999417
2781,4862,10.999426
942,3810,10.999437
136,3004,10.999439
959,3090,10.999448
2735,4816,10.999448
679,3597,10.999449
773,3691,10.999451
1303,4221,10.999465
886,3754,10.999467
2320,4401,10.999471
189,2270,10.999472
514,3432,10.999480
2586,4667,10.999486
2874,4955,10.999499
651,3569,10.999503
1032,3900,10.999507
2345,4426,10.999509
1158,3289,10.999536
1006,3137,10.999539
1780,3861,10.999543
1356,3487,10.999546
215,2346,10.999551
173,2254,10.999554
623,2704,10.999559
2101,4232,10.999573
2528,4609,10.999574
1503,3634,10.999587
1942,4810,10.999609
1353,4271,10.999616
213,3131,10.999618
1197,4065,10.999625
741,3609,10.999627
1684,4552,10.999638
1205,4123,10.999643
1079,3997,10.999648
176,3094,10.999659
1417,4335,10.999663
2666,4797,10.999664
96,2964,10.999668
852,3770,10.999668
808,2939,10.999678
207,2338,10.999681
2038,4119,10.999689
380,3298,10.999690
820,3738,10.999695
546,2627,10.999695
1644,4512,10.999699
1704,3835,10.999703
1539,4407,10.999706
1498,3579,10.999710
1885,4753,10.999712
2273,4354,10.999715
79,2997,10.999721
2004,4135,10.999723
617,2748,10.999727
410,3328,10.999732
1457,4375,10.999737
2532,4613,10.999743
1352,3483,10.999744
1308,4226,10.999747
1723,3804,10.999748
725,3643,10.999751
237,3105,10.999753
1022,3940,10.999764
1061,3192,10.999769
2412,4543,10.999772
1505,4423,10.999796
1119,4037,10.999796
1489,3570,10.999800
2841,4922,10.999803
2831,4912,10.999803
1643,3724,10.999807
2335,4416,10.999812
1392,3473,10.999819
837,2918,10.999820
2827,4908,10.999822
2798,4879,10.999823
485,3353,10.999831
753,3671,10.999831
948,3029,10.999837
1757,3888,10.999845
2651,4782,10.999846
360,3278,10.999847
927,3008,10.999848
1965,4883,10.999850
891,2972,10.999851
1721,4639,10.999857
2439,4520,10.999858
118,2249,10.999860
2550,4681,10.999865
449,2530,10.999866
1611,4529,10.999872
949,3817,10.999875
780,2861,10.999881
1110,4028,10.999896
2385,4466,10.999899
2096,4177,10.999920
1128,4046,10.999938
936,3017,10.999948
2432,4513,10.999952
456,2587,10.999954
1443,4311,10.999954
1587,4455,10.999955
204,3122,10.999956
2035,4116,10.999957
2496,4577,10.999957
2655,4786,10.999959
1341,3422,10.999971
1970,4888,10.999971
1863,3994,10.999972
1916,4834,10.999975
827,2908,10.999980
2062,4980,10.999983
1256,4174,10.999995
545,2626,11.000003
677,2758,11.000013
1699,3780,11.000025
1010,3928,11.000038
409,2540,11.000043
2301,4432,11.000055
747,2828,11.000056
319,2400,11.000058
2021,4102,11.000060
1918,4836,11.000061
1729,3810,11.000067
1509,4427,11.000074
554,3472,11.000076
1132,3213,11.000082
644,3512,11.000086
35,2903,11.000087
1058,3189,11.000102
2001,4132,11.000109
11,2142,11.000110
1442,3523,11.000117
115,2246,11.000126
1999,4080,11.000128
1622,3703,11.000134
1062,3980,11.000141
524,3442,11.000143
1014,3932,11.000144
650,3568,11.000144
1859,4777,11.000147
76,2994,11.000148
457,3375,11.000150
1770,3851,11.000153
2778,4859,11.000161
1975,4893,11.000164
313,3231,11.000175
123,3041,11.000178
1253,4171,11.000182
1737,3818,11.000183
191,2272,11.000186
2688,4769,11.000189
1637,4505,11.000196
2161,4292,11.000200
162,2293,11.000203
650,2781,11.000203
506,2637,11.000203
589,2670,11.000215
1105,3236,11.000215
2011,4929,11.000217
1019,3937,11.000218
1300,4218,11.000219
924,3005,11.000219
2868,4999,11.000222
1996,4864,11.000227
1811,4729,11.000231
1906,4037,11.000235
455,3373,11.000238
2098,4179,11.000255
2569,4650,11.000258
357,3275,11.000264
2575,4656,11.000266
1449,3530,11.000267
310,3228,11.000269
233,2314,11.000277
1273,3354,11.000282
263,2394,11.000283
975,3893,11.000290
2663,4794,11.000293
796,3664,11.000297
1585,3666,11.000299
1518,4436,11.000299
2598,4679,11.000308
1152,3283,11.000310
209,2340,11.000312
1962,4880,11.000318
1220,3301,11.000319
1150,3281,11.000321
2151,4282,11.000329
1892,4760,11.000330
286,3154,11.000333
2145,4226,11.000333
2332,4413,11.000337
1397,4265,11.000338
1645,4513,11.000347
1734,4602,11.000363
1798,3879,11.000365
1676,4594,11.000367
2713,4844,11.000369
90,2958,11.000374
351,2482,11.000374
440,2521,11.000379
170,3088,11.000381
355,3273,11.000384
499,2580,11.000387
2285,4366,11.000388
404,3322,11.000390
2568,4699,11.000391
1400,4318,11.000395
1182,4050,11.000396
2288,4369,11.000401
1597,4465,11.000407
1547,4415,11.000413
1737,4605,11.000421
1607,3738,11.000424
2838,4919,11.000425
16,2147,11.000430
1389,3470,11.000438
823,3741,11.000441
1262,3393,11.000445
824,2905,11.000449
738,3606,11.000451
1113,4031,11.000454
1571,3652,11.000456
2379,4460,11.000467
1690,3771,11.000468
1626,3707,11.000472
754,2885,11.000472
309,3227,11.000503
1867,3998,11.000505
76,2157,11.000515
1465,3596,11.000518
1901,4819,11.000519
2458,4589,11.000523
1078,3159,11.000531
592,2673,11.000532
1139,4007,11.000538
1342,3423,11.000540
1533,4401,11.000549
2056,4974,11.000551
2305,4436,11.000553
1963,4881,11.000558
2517,4648,11.000559
32,2900,11.000567
446,2527,11.000569
1436,3517,11.000570
1392,4260,11.000576
320,2401,11.000580
2075,4156,11.000598
778,2859,11.000609
1767,3898,11.000611
1939,4807,11.000615
180,3098,11.000617
788,3656,11.000629
809,2940,11.000634
2392,4473,11.000640
1681,4599,11.000642
2077,4995,11.000644
2237,4318,11.000645
591,2672,11.000648
904,3035,11.000650
1534,3615,11.000653
1315,4233,11.000653
1729,4647,11.000659
397,3265,11.000659
761,2892,11.000661
1755,4673,11.000667
1992,4860,11.000667
1345,3426,11.000671
918,3049,11.000672
1721,3802,11.000672
2477,4558,11.000672
1838,4706,11.000673
786,3654,11.000685
262,2393,11.000685
1567,3698,11.000686
493,2574,11.000699
502,3420,11.000707
714,2845,11.000717
2041,4909,11.000717
2615,4746,11.000722
399,2480,11.000723
2711,4842,11.000727
683,2764,11.000728
1584,4452,11.000729
1872,3953,11.000735
230,2311,11.000752
2664,4795,11.000753
344,2425,11.000753
1495,4363,11.000757
359,2490,11.000759
1891,3972,11.000761
81,2999,11.000775
2006,4137,11.000776
1768,3899,11.000784
1024,3942,11.000786
1063,3194,11.000788
148,3016,11.000792
926,3844,11.000793
697,3565,11.000799
1898,3979,11.000801
2710,4841,11.000804
1967,4885,11.000810
668,3586,11.000813
120,2201,11.000814
1266,3397,11.000815
1861,3992,11.000817
24,2942,11.000821
2520,4601,11.000821
307,2438,11.000822
0,2131,11.000822
140,2221,11.000833
604,3522,11.000836
2368,4499,11.000839
2810,4941,11.000840
829,2910,11.000845
1258,4176,11.000851
739,3607,11.000852
825,2906,11.000858
704,2835,11.000862
33,2901,11.000864
715,2846,11.000864
543,2624,11.000867
1003,3921,11.000873
2883,4964,11.000880
564,3482,11.000882
1026,3107,11.000886
470,2551,11.000887
1957,4088,11.000893
2205,4336,11.000897
786,2867,11.000901
315,3233,11.000901
1250,3381,11.000902
1337,4205,11.000912
641,3509,11.000917
257,2388,11.000923
60,2978,11.000924
1869,4787,11.000930
1731,4649,11.000931
932,3013,11.000932
1537,4405,11.000939
2633,4714,11.000948
353,2484,11.000949
270,3188,11.000955
1747,3828,11.000960
1241,3322,11.000963
2290,4371,11.000964
1682,4550,11.000969
750,3668,11.000970
2804,4935,11.000986
352,2483,11.000987
2243,4324,11.000996
1103,3234,11.001006
1205,3336,11.001022
785,3653,11.001026
1821,4739,11.001026
1377,3458,11.001038
1347,3428,11.001039
59,2190,11.001053
2143,4224,11.001067
664,2795,11.001078
135,2216,11.001079
731,2812,11.001088
2502,4633,11.001089
67,2985,11.001099
2236,4317,11.001100
544,2625,11.001103
268,3186,11.001105
2499,4580,11.001105
1488,3569,11.001112
1486,3567,11.001125
1218,3349,11.001126
354,2485,11.001128
2566,4697,11.001135
488,2569,11.001140
365,2496,11.001142
642,2723,11.001147
1344,3425,11.001151
1302,3433,11.001157
1766,4684,11.001158
1789,3870,11.001164
2271,4352,11.001168
735,2816,11.001173
879,3797,11.001180
594,3462,11.001188
100,3018,11.001195
1838,3919,11.001200
1589,3670,11.001202
1944,4812,11.001209
895,3763,11.001218
885,3753,11.001224
1773,3854,11.001225
1211,4129,11.001228
1542,4410,11.001229
128,3046,11.001236
1419,4337,11.001248
2400,4531,11.001254
475,3393,11.001254
1487,3568,11.001255
1457,3588,11.001256
1418,4336,11.001257
514,2645,11.001260
2349,4430,11.001260
280,2361,11.001263
2278,4359,11.001263
1674,3755,11.001266
1652,4570,11.001268
1014,3145,11.001268
1223,3304,11.001271
593,2674,11.001277
709,3627,11.001278
1728,4646,11.001278
912,3043,11.001279
465,2596,11.001280
2166,4297,11.001281
1763,4681,11.001284
1870,3951,11.001288
656,3574,11.001288
2684,4765,11.001290
241,3109,11.001294
1741,3822,11.001306
1184,4052,11.001309
798,2879,11.001324
46,2127,11.001326
1678,4596,11.001329
2579,4660,11.001330
132,2213,11.001341
599,3467,11.001343
856,3774,11.001345
989,3070,11.001345
1936,4804,11.001346
1540,4408,11.001349
1834,3915,11.001356
2336,4417,11.001362
1985,4066,11.001363
73,2154,11.001366
1932,4013,11.001366
878,3796,11.001367
993,3861,11.001370
1623,3704,11.001383
2875,4956,11.001390
1822,4740,11.001396
0,2918,11.001398
2198,4279,11.001404
280,3198,11.001413
900,3818,11.001416
2429,4510,11.001416
1973,4054,11.001417
2430,4511,11.001424
1975,4056,11.001428
2410,4541,11.001436
599,2680,11.001437
600,3518,11.001439
1893,4761,11.001443
2071,4989,11.001452
1032,3113,11.001462
2617,4748,11.001465
1780,4698,11.001465
2519,4600,11.001470
2524,4605,11.001471
1697,3778,11.001471
705,2836,11.001473
477,2558,11.001488
548,3416,11.001490
2095,4176,11.001491
2629,4710,11.001494
658,3576,11.001495
89,2170,11.001498
2253,4384,11.001504
1698,3779,11.001504
1667,3798,11.001505
1016,3147,11.001518
1223,4141,11.001520
1200,4118,11.001526
1542,3623,11.001535
2641,4722,11.001538
1227,4145,11.001538
978,3896,11.001543
1957,4875,11.001543
735,3603,11.001544
1362,3493,11.001556
590,2671,11.001561
1309,3440,11.001564
1609,3740,11.001566
666,3584,11.001573
837,3705,11.001574
51,2182,11.001574
1154,4072,11.001574
284,3152,11.001582
85,2166,11.001591
1765,3896,11.001597
791,3659,11.001599
464,3382,11.001602
2295,4376,11.001607
1609,4527,11.001610
730,3648,11.001612
1581,3662,11.001612
967,3885,11.001615
2209,4340,11.001628
1257,3388,11.001631
684,2765,11.001637
2485,4566,11.001640
471,2552,11.001648
895,2976,11.001650
1828,4746,11.001656
680,2761,11.001660
1536,3617,11.001664
1028,3109,11.001667
2261,4392,11.001669
2899,4980,11.001670
873,2954,11.001671
1959,4090,11.001683
692,3560,11.001684
1414,3545,11.001689
2811,4942,11.001692
71,2152,11.001692
2762,4893,11.001692
2473,4554,11.001693
2628,4709,11.001705
1273,4191,11.001705
2357,4488,11.001731
1588,3669,11.001732
454,3372,11.001740
583,3451,11.001746
1971,4052,11.001747
2803,4934,11.001750
510,3428,11.001753
812,3730,11.001755
597,3465,11.001757
1694,4562,11.001758
638,2719,11.001766
1949,4817,11.001772
432,3300,11.001774
1116,3247,11.001776
2660,4791,11.001782
1576,3657,11.001784
2188,4269,11.001805
1218,4136,11.001813
712,2843,11.001813
1375,4293,11.001820
1819,3900,11.001821
1802,4720,11.001826
2834,4915,11.001826
1655,3786,11.001826
46,2914,11.001832
223,3141,11.001832
2565,4696,11.001836
733,3601,11.001837
2820,4901,11.001838
2648,4729,11.001841
537,3405,11.001858
673,3591,11.001860
34,2902,11.001863
237,2318,11.001866
1588,4456,11.001870
400,2531,11.001871
1093,3961,11.001872
1533,3614,11.001873
1453,4371,11.001874
645,3513,11.001874
1393,3474,11.001879
1616,4534,11.001881
2570,4651,11.001884
1625,3706,11.001887
1636,3717,11.001890
1627,3708,11.001899
2643,4724,11.001900
478,2559,11.001905
1180,3261,11.001914
142,3010,11.001915
1530,3611,11.001916
1085,3953,11.001918
628,2709,11.001919
168,3086,11.001919
989,3857,11.001921
2067,4198,11.001921
1336,4204,11.001922
1635,4503,11.001923
1114,4032,11.001923
2028,4946,11.001930
1421,3502,11.001932
1776,4694,11.001934
1124,3205,11.001936
450,3368,11.001944
1615,4533,11.001948
1532,3613,11.001950
890,2971,11.001951
2206,4337,11.001954
905,3036,11.001955
575,3493,11.001957
181,2262,11.001959
876,2957,11.001960
646,2727,11.001960
445,2526,11.001962
2364,4495,11.001962
2123,4204,11.001964
1388,3469,11.001965
1818,4736,11.001967
1583,4451,11.001974
1833,3914,11.001981
2331,4412,11.001984
1319,4237,11.001991
439,3307,11.001995
640,3508,11.002001
315,2446,11.002002
2618,4749,11.002010
274,3192,11.002011
1932,4800,11.002015
198,3066,11.002015
2741,4822,11.002016
356,3274,11.002018
2776,4857,11.002021
1382,4250,11.002032
376,3294,11.002032
2287,4368,11.002038
1717,3848,11.002043
583,2664,11.002045
977,3895,11.002057
2105,4236,11.002059
1141,4009,11.002067
1349,4217,11.002068
801,3719,11.002070
244,2325,11.002071
1784,4652,11.002072
1730,4648,11.002073
202,2333,11.002084
2479,4560,11.002094
1447,4315,11.002097
487,3355,11.002102
320,3238,11.002109
2014,4932,11.002109
1601,4519,11.002111
794,2875,11.002113
1187,3268,11.002114
833,3701,11.002115
2084,4952,11.002121
1162,3293,11.002125
2423,4504,11.002127
1480,3561,11.002127
498,3366,11.002127
537,2618,11.002127
1441,4309,11.002128
1794,4662,11.002128
1675,4593,11.002128
253,2384,11.002129
732,3600,11.002129
1246,3327,11.002130
2657,4788,11.002131
2189,4270,11.002131
633,2714,11.002132
1714,3845,11.002133
161,2292,11.002133
214,3132,11.002133
771,2852,11.002135
1157,4075,11.002136
1909,4827,11.002137
690,2771,11.002137
1258,3389,11.002138
19,2100,11.002138
2716,4847,11.002139
1189,4057,11.002140
966,3884,11.002140
962,3093,11.002141
23,2941,11.002144
615,3533,11.002145
1905,4036,11.002145
441,2522,11.002145
1998,4079,11.002147
1844,4712,11.002148
2898,4979,11.002148
1176,3257,11.002151
1005,3136,11.002152
923,3841,11.002152
62,2193,11.002156
1866,4784,11.002157
2640,4721,11.002158
2130,4211,11.002159
587,2668,11.002160
728,2809,11.002162
1209,4127,11.002165
1671,3752,11.002167
2614,4745,11.002172
946,3027,11.002176
1860,3991,11.002176
689,3557,11.002178
497,2578,11.002182
1632,4500,11.002184
275,2356,11.002187
494,2575,11.002191
841,3709,11.002192
1430,4348,11.002194
606,2737,11.002196
1437,3518,11.002198
144,2225,11.002198
2380,4461,11.002205
219,2300,11.002208
155,3073,11.002209
1506,3637,11.002210
2522,4603,11.002211
405,3323,11.002213
2476,4557,11.002214
1104,3235,11.002215
1398,4266,11.002221
2441,4522,11.002225
210,2341,11.002229
1889,3970,11.002232
1153,3284,11.002238
2048,4129,11.002239
2146,4227,11.002247
171,3089,11.002257
160,2291,11.002258
751,2882,11.002260
1148,4016,11.002261
1920,4838,11.002264
365,3283,11.002266
2437,4518,11.002268
1071,3989,11.002268
1599,3680,11.002273
814,2945,11.002274
1879,3960,11.002274
2201,4332,11.002281
1952,4870,11.002285
1716,4634,11.002288
2832,4913,11.002289
1009,3927,11.002298
2284,4365,11.002301
875,3793,11.002304
1166,4084,11.002305
1357,4275,11.002310
1835,3916,11.002310
66,2984,11.002310
2758,4889,11.002310
292,2373,11.002311
2097,4178,11.002312
2091,4959,11.002317
2042,4123,11.002318
2766,4897,11.002319
2041,4122,11.002323
1613,4531,11.002326
774,2855,11.002328
641,2722,11.002332
1098,3179,11.002337
1840,3921,11.002341
857,3775,11.002348
105,2236,11.002352
2053,4971,11.002359
2542,4623,11.002360
1925,4006,11.002360
449,3317,11.002363
1745,3826,11.002364
652,3570,11.002366
1293,4161,11.002367
903,3034,11.002377
300,3218,11.002382
2431,4512,11.002385
1928,4009,11.002385
2275,4356,11.002398
2622,4703,11.002401
2642,4723,11.002405
151,3069,11.002406
1800,4718,11.002408
330,3248,11.002410
2354,4485,11.002412
1332,3413,11.002415
1725,4643,11.002424
1543,4411,11.002425
122,3040,11.002426
414,3332,11.002429
276,3194,11.002431
389,2470,11.002432
1896,3977,11.002440
1527,4445,11.002450
1823,3904,11.002453
1235,3316,11.002455
673,2754,11.002457
567,3485,11.002457
43,2124,11.002459
566,3484,11.002461
1440,3521,11.002461
1208,3339,11.002464
662,2793,11.002468
584,3452,11.002469
782,2863,11.002485
259,2390,11.002487
2509,4640,11.002488
2839,4920,11.002506
1566,3697,11.002508
1771,4689,11.002512
1910,4828,11.002513
2015,4146,11.002514
693,2774,11.002515
1815,3946,11.002519
1605,3736,11.002523
1877,3958,11.002534
1482,4350,11.002545
1065,3983,11.002556
429,3347,11.002563
1510,4428,11.002564
504,3422,11.002566
2389,4470,11.002566
330,2411,11.002572
864,3782,11.002577
501,3419,11.002585
1219,4137,11.002589
880,2961,11.002594
1206,3337,11.002601
1658,3789,11.002611
590,3458,11.002611
1608,4526,11.002612
1181,4099,11.002612
2178,4259,11.002624
1468,4386,11.002624
2036,4904,11.002629
1329,4247,11.002632
1912,4830,11.002637
917,3048,11.002646
1807,4725,11.002651
1263,4181,11.002662
1633,3714,11.002667
859,3777,11.002668
2800,4931,11.002671
525,3443,11.002677
2721,4802,11.002678
372,2453,11.002681
266,3184,11.002688
419,2500,11.002699
854,2985,11.002699
2008,4926,11.002702
782,3650,11.002708
1579,3660,11.002711
1725,3806,11.002719
1446,3527,11.002720
669,2750,11.002729
2450,4581,11.002731
1263,3394,11.002734
1372,4290,11.002737
872,2953,11.002742
2018,4936,11.002743
81,2162,11.002754
2383,4464,11.002760
763,2894,11.002769
1593,4461,11.002778
238,3106,11.002786
1507,3638,11.002787
1515,3646,11.002793
463,2594,11.002794
1315,3446,11.002808
1612,3743,11.002810
203,3121,11.002819
28,2109,11.002824
1584,3665,11.002839
2452,4583,11.002840
564,2695,11.002843
434,2515,11.002850
870,2951,11.002864
393,3261,11.002870
1111,4029,11.002876
211,3129,11.002881
453,2584,11.002891
2555,4686,11.002896
1075,3993,11.002899
1702,4620,11.002901
2318,4449,11.002902
1202,3333,11.002908
2058,4976,11.002912
665,3583,11.002922
1024,3105,11.002926
828,3746,11.002927
234,2315,11.002933
1375,3456,11.002936
2813,4944,11.002942
2258,4389,11.002946
2605,4736,11.002946
1173,3254,11.002952
2527,4608,11.002956
759,3677,11.002959
2668,4799,11.002967
969,3887,11.002969
432,2513,11.002970
853,2984,11.002976
2010,4928,11.002979
2163,4294,11.002980
1494,4362,11.002985
630,3548,11.002985
1229,4147,11.002988
2787,4868,11.002993
1570,4488,11.003005
2707,4838,11.003013
2734,4815,11.003019
1437,4305,11.003019
312,3230,11.003032
956,3874,11.003036
1196,4064,11.003040
627,3545,11.003041
1813,3944,11.003044
367,2498,11.003047
132,3000,11.003063
403,2534,11.003064
1083,3164,11.003067
1857,3988,11.003068
993,3074,11.003075
1573,4491,11.003078
2552,4683,11.003079
408,3326,11.003079
1497,4365,11.003079
1791,3872,11.003079
552,3470,11.003080
1641,4509,11.003080
2777,4858,11.003085
333,3201,11.003093
1967,4098,11.003105
625,2706,11.003112
1849,4717,11.003116
654,3572,11.003121
265,2396,11.003123
1650,3781,11.003133
848,2929,11.003141
2245,4326,11.003142
1177,3258,11.003153
2055,4973,11.003158
1348,4216,11.003169
435,2516,11.003176
1425,3506,11.003178
54,2972,11.003181
2255,4386,11.003194
1340,4208,11.003201
1986,4854,11.003203
1831,4749,11.003206
1921,4839,11.003209
2092,4960,11.003210
1545,4413,11.003211
1270,4188,11.003222
743,3611,11.003228
1067,3985,11.003230
2057,4188,11.003235
374,3292,11.003237
2756,4887,11.003240
2576,4657,11.003245
2082,4950,11.003245
1276,4194,11.003251
636,2717,11.003258
2241,4322,11.003261
2093,4961,11.003265
1043,3911,11.003266
125,2206,11.003266
1378,3459,11.003277
1156,3287,11.003278
1467,3598,11.003283
698,3566,11.003286
8,2139,11.003288
1958,4089,11.003290
42,2910,11.003291
934,3015,11.003305
1807,3938,11.003309
924,3842,11.003309
26,2944,11.003325
50,2968,11.003330
1816,3947,11.003332
1969,4050,11.003337
1764,3895,11.003338
1346,3427,11.003347
327,3245,11.003348
357,2488,11.003349
2650,4781,11.003351
649,3517,11.003352
2195,4276,11.003362
495,3363,11.003370
2753,4884,11.003375
2321,4402,11.003383
1413,4331,11.003386
971,3052,11.003387
2025,4106,11.003395
2120,4201,11.003396
863,3781,11.003399
306,2437,11.003414
1114,3245,11.003414
804,2935,11.003415
1351,4269,11.003417
138,2219,11.003420
831,3749,11.003453
563,2694,11.003459
1082,3163,11.003460
1994,4075,11.003461
898,2979,11.003466
1577,3658,11.003470
2252,4383,11.003477
2510,4641,11.003478
985,3853,11.003483
242,2323,11.003490
1657,3788,11.003493
396,3264,11.003493
1300,3431,11.003495
124,3042,11.003496
914,3045,11.003496
1686,4554,11.003502
1673,4591,11.003507
2623,4704,11.003509
772,2853,11.003512
2658,4789,11.003519
139,2220,11.003526
701,3619,11.003540
1406,3537,11.003544
951,3082,11.003562
1792,3873,11.003590
1277,4195,11.003593
682,2763,11.003598
1081,3162,11.003599
171,2252,11.003601
1407,4325,11.003605
1339,4207,11.003607
368,2499,11.003611
1846,3927,11.003629
2045,4126,11.003632
309,2440,11.003634
2293,4374,11.003648
577,3495,11.003653
334,3202,11.003661
195,3063,11.003662
1180,4098,11.003677
1928,4846,11.003683
1774,4692,11.003683
821,2902,11.003684
1239,4107,11.003686
1335,3416,11.003687
1099,3180,11.003696
2732,4813,11.003698
2789,4870,11.003703
1951,4082,11.003706
1112,4030,11.003715
151,2282,11.003726
2259,4390,11.003729
1680,3761,11.003748
394,3262,11.003760
213,2344,11.003774
2099,4180,11.003776
814,3732,11.003777
2024,4105,11.003789
548,2629,11.003789
1309,4227,11.003796
1316,3447,11.003797
318,3236,11.003809
456,3374,11.003820
787,3655,11.003830
476,3394,11.003836
2631,4712,11.003841
1403,4321,11.003845
1507,4425,11.003846
220,3138,11.003848
1144,3225,11.003849
1757,4675,11.003852
2500,4631,11.003854
1810,3941,11.003857
1944,4025,11.003863
373,2454,11.003866
601,3519,11.003870
1299,3380,11.003872
1678,3759,11.003874
1298,3379,11.003883
790,2871,11.003889
766,3684,11.003900
2625,4706,11.003906
1068,3199,11.003922
619,2700,11.003927
2475,4556,11.003935
1511,4429,11.003936
2054,4972,11.003938
1247,4115,11.003943
1052,3183,11.003944
1138,4006,11.003951
2052,4970,11.003955
888,3756,11.003962
2087,4168,11.003976
1261,4179,11.003977
1557,4475,11.003981
296,3164,11.003982
99,2967,11.003989
1914,4045,11.003995
366,3284,11.004000
1562,3693,11.004002
737,2818,11.004004
568,3486,11.004006
1959,4877,11.004052
1312,3443,11.004057
42,2123,11.004069
1106,3237,11.004070
2543,4624,11.004077
2505,4636,11.004078
670,3588,11.004081
1491,3572,11.004089
63,2981,11.004094
1578,4496,11.004101
1733,3814,11.004101
112,3030,11.004108
1008,3139,11.004110
1744,3825,11.004131
1255,4173,11.004136
2645,4726,11.004146
1550,3681,11.004147
2072,4990,11.004151
123,2204,11.004153
580,3498,11.004154
2782,4863,11.004162
1214,4132,11.004170
2887,4968,11.004191
1042,3910,11.004200
2341,4422,11.004211
1652,3783,11.004212
607,2738,11.004219
1679,3760,11.004223
2050,4968,11.004224
985,3066,11.004229
1523,4441,11.004230
2425,4506,11.004231
1252,3383,11.004231
724,2805,11.004236
1091,3959,11.004242
1055,3973,11.004245
1868,3999,11.004261
2081,4999,11.004265
1431,3512,11.004265
1875,4793,11.004277
709,2840,11.004280
109,2240,11.004282
405,2536,11.004283
634,2715,11.004290
1795,4663,11.004290
2119,4200,11.004292
2221,4302,11.004301
385,2466,11.004306
169,3087,11.004314
2676,4757,11.004321
262,3180,11.004324
1245,3326,11.004328
2059,4190,11.004335
1066,3197,11.004337
1897,4765,11.004350
2186,4267,11.004351
2242,4323,11.004358
2399,4480,11.004360
802,3720,11.004362
1163,4081,11.004366
867,2998,11.004373
929,3010,11.004378
163,2294,11.004379
1844,3925,11.004381
1328,3409,11.004382
1841,3922,11.004383
2048,4916,11.004386
2434,4515,11.004401
2374,4455,11.004402
904,3822,11.004421
1199,4067,11.004421
1985,4853,11.004423
1398,3479,11.004430
1016,3934,11.004440
1109,4027,11.004444
13,2931,11.004452
10,2928,11.004460
2879,4960,11.004494
707,2838,11.004513
2009,4140,11.004529
860,2991,11.004532
2531,4612,11.004535
65,2196,11.004539
1594,4462,11.004543
912,3830,11.004546
305,2436,11.004556
1526,3607,11.004558
932,3800,11.004566
1936,4017,11.004568
2289,4370,11.004569
539,3407,11.004586
2601,4732,11.004593
943,3024,11.004602
822,2903,11.004610
1715,3846,11.004613
2011,4142,11.004628
460,3378,11.004631
1278,3359,11.004643
1297,4165,11.004647
721,2802,11.004647
2857,4988,11.004647
1772,4690,11.004651
847,2928,11.004656
2725,4806,11.004670
275,3193,11.004672
1803,3934,11.004683
1301,4219,11.004703
1647,4515,11.004712
470,3388,11.004721
459,3377,11.004727
920,3001,11.004728
84,2952,11.004729
1100,4018,11.004732
756,2887,11.004744
1672,3753,11.004752
892,2973,11.004776
1746,4614,11.004796
1997,4865,11.004803
982,3063,11.004812
2796,4877,11.004838
73,2991,11.004850
1701,4619,11.004850
752,2883,11.004859
267,3185,11.004873
1790,3871,11.004901
1572,4490,11.004908
25,2106,11.004915
2005,4923,11.004923
1855,4773,11.004927
1027,3945,11.004936
2822,4903,11.004945
1293,3374,11.004958
2144,4225,11.004958
1886,3967,11.004963
166,3084,11.004964
1072,3153,11.004966
2515,4646,11.004967
1134,4002,11.004968
1203,4121,11.004993
369,2450,11.004998
821,3739,11.004999
1616,3747,11.005004
335,2416,11.005008
829,3747,11.005031
304,3222,11.005037
358,3276,11.005041
1603,4521,11.005048
252,2383,11.005050
314,3232,11.005061
1402,4320,11.005065
1129,4047,11.005074
1503,4421,11.005084
783,2864,11.005085
1675,3756,11.005104
916,3047,11.005105
661,2792,11.005116
466,3384,11.005119
177,2258,11.005123
667,3585,11.005136
1815,4733,11.005143
592,3460,11.005146
1867,4785,11.005151
2733,4814,11.005157
1764,4682,11.005164
2340,4421,11.005169
1568,3699,11.005179
915,3046,11.005188
2759,4890,11.005200
2541,4622,11.005202
1440,4308,11.005213
106,2237,11.005234
424,3342,11.005243
2199,4280,11.005252
406,2537,11.005264
1493,4361,11.005279
1449,4317,11.005319
626,2707,11.005335
1706,3837,11.005336
717,2848,11.005337
1482,3563,11.005337
117,2248,11.005347
2829,4910,11.005348
524,2605,11.005373
497,3365,11.005378
2784,4865,11.005379
86,2954,11.005385
572,2653,11.005389
2333,4414,11.005395
1473,4391,11.005395
614,3532,11.005404
1778,3859,11.005407
264,2395,11.005415
1210,4128,11.005416
758,3676,11.005424
2754,4885,11.005429
386,3254,11.005440
2279,4360,11.005453
2116,4247,11.005458
260,3178,11.005471
1317,4235,11.005474
2435,4516,11.005479
968,3099,11.005496
1569,3650,11.005510
2141,4222,11.005515
1318,3449,11.005517
1820,4738,11.005522
1480,4398,11.005531
2422,4503,11.005547
578,2659,11.005561
1257,4175,11.005577
1200,3331,11.005588
2026,4107,11.005609
535,2616,11.005643
1151,3282,11.005645
522,2603,11.005678
2512,4643,11.005691
239,3107,11.005700
1479,3560,11.005718
854,3772,11.005758
1390,3471,11.005764
1660,3791,11.005773
1207,3338,11.005778
2712,4843,11.005804
530,3448,11.005805
1195,3276,11.005809
1811,3942,11.005846
482,2563,11.005846
269,2350,11.005865
587,3455,11.005876
536,2617,11.005893
1336,3417,11.005894
342,2423,11.005898
851,2982,11.005919
1285,3366,11.005972
2235,4316,11.005974
1243,3324,11.005983
72,2153,11.005988
1557,3688,11.005990
2184,4265,11.006005
1709,4627,11.006015
539,2620,11.006016
1988,4069,11.006022
91,2172,11.006028
48,2916,11.006028
1399,3480,11.006032
1895,4763,11.006040
2228,4309,11.006044
500,3418,11.006053
1015,3146,11.006059
1875,3956,11.006061
1530,4448,11.006067
1674,4592,11.006071
186,3054,11.006073
908,3826,11.006074
246,3114,11.006079
1198,3279,11.006098
462,3380,11.006101
152,2283,11.006101
1911,4042,11.006109
253,3171,11.006117
119,2200,11.006118
44,2912,11.006129
1149,4017,11.006138
447,2528,11.006148
2150,4281,11.006153
1246,4114,11.006189
1847,4715,11.006191
1029,3947,11.006193
1367,4285,11.006193
2445,4526,11.006194
2687,4768,11.006228
2455,4586,11.006237
2603,4734,11.006237
1940,4808,11.006245
731,3649,11.006251
58,2189,11.006260
392,2473,11.006264
736,2817,11.006266
1685,3766,11.006271
868,2999,11.006281
1001,3132,11.006331
944,3025,11.006341
157,3075,11.006355
997,3865,11.006358
393,2474,11.006361
1859,3990,11.006377
208,2339,11.006377
2111,4242,11.006379
2621,4702,11.006389
1492,3573,11.006391
2656,4787,11.006434
1168,3299,11.006447
809,3727,11.006454
459,2590,11.006473
4,2922,11.006474
2590,4671,11.006495
1292,3373,11.006502
225,2306,11.006515
742,2823,11.006521
225,3143,11.006540
1585,4453,11.006547
1797,3878,11.006554
1438,4306,11.006566
1520,4438,11.006570
757,3675,11.006578
1363,4281,11.006582
1979,4060,11.006593
1713,3844,11.006620
420,3338,11.006649
659,2790,11.006650
261,2392,11.006662
2600,4731,11.006663
1060,3191,11.006665
585,3453,11.006667
1062,3193,11.006684
1512,3643,11.006691
194,3062,11.006701
205,2336,11.006712
1036,3117,11.006714
2395,4476,11.006715
678,3596,11.006729
2006,4924,11.006734
1677,4595,11.006736
550,3468,11.006740
2042,4910,11.006741
1688,3769,11.006746
2854,4985,11.006752
1310,3441,11.006772
1880,4798,11.006776
1402,3533,11.006781
2401,4532,11.006784
1806,4724,11.006805
770,2851,11.006809
676,3594,11.006810
696,3564,11.006834
2126,4207,11.006834
93,2174,11.006837
120,3038,11.006840
2342,4423,11.006847
1531,4449,11.006853
2464,4595,11.006877
656,2787,11.006892
1526,4444,11.006896
1294,4162,11.006932
1168,4086,11.006939
642,3510,11.006961
1231,4149,11.006963
2589,4670,11.006968
1908,4826,11.007001
2319,4400,11.007015
937,3805,11.007038
1972,4890,11.007050
349,2430,11.007055
2200,4331,11.007057
288,3156,11.007091
1602,3733,11.007133
1396,4264,11.007154
569,2650,11.007166
1726,3807,11.007170
925,3006,11.007177
965,3883,11.007194
729,2810,11.007196
1063,3981,11.007206
229,2310,11.007208
629,3547,11.007213
2213,4344,11.007222
134,3002,11.007231
254,3172,11.007242
834,3702,11.007273
2005,4136,11.007275
1639,4507,11.007294
1217,4135,11.007296
2862,4993,11.007305
299,2380,11.007318
1862,4780,11.007341
1604,3735,11.007344
30,2111,11.007350
1270,3351,11.007356
1393,4261,11.007358
549,2630,11.007367
588,3456,11.007370
1242,3323,11.007378
22,2940,11.007391
2567,4698,11.007392
2469,4550,11.007394
929,3847,11.007426
2185,4266,11.007437
2511,4642,11.007483
327,2408,11.007493
1662,3793,11.007494
210,3128,11.007495
734,3602,11.007497
1707,3838,11.007507
1153,4071,11.007553
1172,3253,11.007553
2030,4948,11.007559
39,2120,11.007577
1919,4000,11.007578
1107,4025,11.007582
1087,3168,11.007586
1997,4078,11.007590
1752,4670,11.007607
2039,4907,11.007608
15,2146,11.007609
1572,3653,11.007618
1465,4383,11.007632
1487,4355,11.007633
2595,4676,11.007640
877,3795,11.007661
1707,4625,11.007664
958,3089,11.007665
2115,4246,11.007689
1662,4580,11.007707
367,3285,11.007708
527,3445,11.007709
556,3474,11.007713
902,3820,11.007714
1901,4032,11.007719
129,2210,11.007727
1045,3126,11.007745
2802,4933,11.007752
451,2582,11.007769
973,3054,11.007772
2894,4975,11.007773
522,3440,11.007774
250,2381,11.007779
732,2813,11.007788
1004,3135,11.007791
1452,3583,11.007804
1137,4005,11.007819
919,3837,11.007826
190,3058,11.007827
1624,3705,11.007837
976,3057,11.007857
2559,4690,11.007872
80,2998,11.007890
2513,4644,11.007912
2497,4578,11.007918
834,2915,11.007957
897,3765,11.007959
1133,4001,11.007968
179,2260,11.007971
403,3321,11.007974
897,2978,11.007982
953,3871,11.007986
61,2192,11.007995
1769,3850,11.007996
1478,3559,11.008021
2080,4998,11.008033
400,3318,11.008035
1960,4878,11.008039
1504,3635,11.008066
2003,4134,11.008091
2076,4994,11.008111
1204,3335,11.008115
1872,4790,11.008131
2132,4213,11.008134
33,2114,11.008141
864,2995,11.008143
620,3538,11.008173
764,3682,11.008183
2034,4902,11.008192
1521,3602,11.008194
1249,4117,11.008201
1916,4047,11.008207
1610,4528,11.008216
561,2692,11.008216
2699,4780,11.008221
544,3412,11.008237
224,3142,11.008237
1682,3763,11.008240
942,3023,11.008249
938,3019,11.008258
1444,3525,11.008259
191,3059,11.008268
681,2762,11.008299
2659,4790,11.008299
1598,3679,11.008300
271,3189,11.008301
1710,4628,11.008311
571,2652,11.008362
614,2745,11.008368
1749,4617,11.008370
1212,3343,11.008381
1858,3989,11.008382
635,3503,11.008384
849,2930,11.008389
1409,4327,11.008390
1687,4555,11.008407
1881,3962,11.008407
256,3174,11.008409
1171,4089,11.008430
1397,3478,11.008457
51,2969,11.008459
1885,3966,11.008467
1185,3266,11.008475
1570,3651,11.008478
835,2916,11.008486
1396,3477,11.008493
1047,3915,11.008516
756,3674,11.008526
1023,3941,11.008529
1874,4792,11.008530
712,3630,11.008549
2067,4985,11.008558
2824,4905,11.008559
2311,4442,11.008609
1310,4228,11.008616
2231,4312,11.008619
2859,4990,11.008653
2801,4932,11.008663
1646,3727,11.008673
2731,4812,11.008685
2828,4909,11.008687
876,3794,11.008694
899,3767,11.008714
1819,4737,11.008723
2739,4820,11.008724
228,3146,11.008725
1563,4481,11.008731
2375,4456,11.008745
2387,4468,11.008763
1749,3830,11.008781
301,3219,11.008791
1288,3369,11.008832
2378,4459,11.008840
1620,4538,11.008845
1788,3869,11.008848
734,2815,11.008867
1842,4710,11.008872
853,3771,11.008909
1782,3863,11.008911
1777,3858,11.008914
845,2926,11.009013
2153,4284,11.009026
1592,4460,11.009028
654,2785,11.009032
345,2426,11.009046
627,2708,11.009070
2877,4958,11.009078
934,3802,11.009110
1846,4714,11.009133
1716,3847,11.009144
1983,4851,11.009182
1006,3924,11.009185
1966,4884,11.009192
1647,3728,11.009196
987,3855,11.009259
1619,4537,11.009261
1483,4351,11.009263
412,3330,11.009282
1796,3877,11.009286
425,2506,11.009314
1210,3341,11.009331
1040,3908,11.009353
658,2789,11.009359
1145,3226,11.009360
660,3578,11.009360
300,2431,11.009378
1870,4788,11.009397
206,3124,11.009398
1506,4424,11.009414
156,3074,11.009435
1096,3964,11.009447
1034,3115,11.009452
1934,4015,11.009453
2669,4750,11.009464
540,3408,11.009481
1432,3513,11.009486
744,3612,11.009511
97,2965,11.009528
509,2640,11.009553
1777,4695,11.009553
172,2253,11.009571
1877,4795,11.009578
1601,3732,11.009587
1004,3922,11.009600
560,3478,11.009602
52,2183,11.009623
78,2996,11.009623
1677,3758,11.009633
267,2398,11.009642
2197,4278,11.009678
1765,4683,11.009685
2465,4596,11.009701
2022,4103,11.009706
1435,3516,11.009751
2554,4685,11.009764
2597,4678,11.009800
1700,4618,11.009804
1355,4273,11.009815
2594,4675,11.009816
1887,3968,11.009823
1664,3795,11.009836
991,3072,11.009837
382,2463,11.009840
803,2934,11.009869
828,2909,11.009880
1839,3920,11.009881
1079,3160,11.009888
375,2456,11.009912
2720,4801,11.009921
1368,3499,11.009923
1522,3603,11.009924
1405,4323,11.009958
745,2826,11.010004
586,3454,11.010025
773,2854,11.010030
2138,4219,11.010046
619,3537,11.010047
739,2820,11.010058
1189,3270,11.010072
136,2217,11.010073
2740,4821,11.010083
1458,3589,11.010090
579,2660,11.010148
675,3593,11.010226
48,2129,11.010229
1528,4446,11.010253
489,2570,11.010260
1274,4192,11.010261
1120,3201,11.010264
1562,4480,11.010280
719,3637,11.010284
822,3740,11.010325
217,2348,11.010363
1717,4635,11.010373
826,2907,11.010407
1535,4403,11.010425
2620,4701,11.010429
2063,4981,11.010439
331,3249,11.010452
1077,3995,11.010463
1991,4859,11.010473
424,2505,11.010514
653,2784,11.010518
523,2604,11.010522
558,2689,11.010538
629,2710,11.010564
2171,4252,11.010568
1115,3246,11.010571
1771,3852,11.010591
774,3692,11.010601
1186,4054,11.010629
2421,4502,11.010638
668,2799,11.010643
2256,4387,11.010647
1177,4095,11.010657
1087,3955,11.010660
1376,3457,11.010676
492,2573,11.010707
1122,3203,11.010727
1367,3498,11.010750
1267,4185,11.010800
2276,4357,11.010809
2749,4830,11.010830
1313,3444,11.010846
1160,3291,11.010925
1514,3645,11.010939
2193,4274,11.010948
2229,4310,11.010952
1911,4829,11.010958
795,3663,11.010976
2310,4441,11.010987
2797,4878,11.010989
931,3849,11.011015
243,3111,11.011037
370,2451,11.011048
1756,3887,11.011060
634,3502,11.011060
1627,4545,11.011066
872,3790,11.011081
1655,4573,11.011095
1048,3916,11.011098
927,3845,11.011128
2155,4286,11.011154
385,3253,11.011226
1508,4426,11.011254
695,3563,11.011255
1021,3939,11.011262
1549,4417,11.011264
813,2944,11.011292
991,3859,11.011313
1840,4708,11.011314
2714,4845,11.011326
1099,3967,11.011336
222,3140,11.011350
164,3082,11.011354
724,3642,11.011422
103,3021,11.011437
1697,4565,11.011439
2168,4299,11.011453
565,3483,11.011463
1328,4246,11.011466
2103,4234,11.011501
1951,4869,11.011526
1167,4085,11.011554
767,3685,11.011561
719,2800,11.011598
1044,3912,11.011616
2058,4189,11.011618
1660,4578,11.011638
472,2553,11.011644
1240,4108,11.011655
2525,4606,11.011659
2540,4621,11.011676
1804,3935,11.011677
190,2271,11.011707
1630,4548,11.011708
55,2973,11.011744
605,2736,11.011753
1008,3926,11.011761
209,3127,11.011807
2164,4295,11.011832
1225,3306,11.011877
1017,3935,11.011884
1183,3264,11.011887
1597,3678,11.011893
684,3552,11.011905
1973,4891,11.011914
968,3886,11.011928
1946,4814,11.011940
481,2562,11.011946
1133,3214,11.011949
2818,4949,11.011966
65,2983,11.011997
404,2535,11.012012
639,2720,11.012037
271,2352,11.012039
1851,4769,11.012056
1738,4606,11.012081
789,3657,11.012084
178,3096,11.012091
1638,4506,11.012111
604,2735,11.012114
246,2327,11.012166
677,3595,11.012173
2076,4157,11.012193
764,2895,11.012220
2040,4121,11.012235
282,2363,11.012308
1649,3730,11.012312
1792,4660,11.012338
2339,4420,11.012365
861,2992,11.012389
2030,4111,11.012410
101,3019,11.012438
1097,3178,11.012473
622,3540,11.012483
1841,4709,11.012506
1611,3742,11.012563
849,3717,11.012567
896,2977,11.012639
1094,3962,11.012684
1121,4039,11.012694
133,3001,11.012710
104,2235,11.012713
1930,4848,11.012728
1420,4338,11.012747
687,3555,11.012755
2609,4740,11.012777
2774,4855,11.012799
388,2469,11.012801
1529,4447,11.012803
1732,4600,11.012866
2037,4905,11.012931
25,2943,11.012941
1292,4160,11.012955
230,3148,11.012957
2246,4327,11.012967
2088,4169,11.012977
2852,4983,11.012982
1333,3414,11.012989
450,2581,11.012997
1964,4882,11.013007
1831,3912,11.013035
2131,4212,11.013101
2694,4775,11.013106
2049,4917,11.013124
1165,4083,11.013132
899,2980,11.013179
477,3395,11.013194
349,3217,11.013197
2560,4691,11.013226
550,2681,11.013234
1470,4388,11.013256
1977,4058,11.013259
888,2969,11.013275
1124,4042,11.013277
364,3282,11.013308
2064,4982,11.013312
2692,4773,11.013318
79,2160,11.013352
562,2693,11.013374
1842,3923,11.013428
2274,4355,11.013440
1325,3406,11.013460
704,3622,11.013464
496,3364,11.013496
2026,4944,11.013520
2078,4159,11.013579
1883,4751,11.013614
2002,4920,11.013645
2402,4533,11.013648
594,2675,11.013670
2785,4866,11.013677
1666,3797,11.013681
1331,3412,11.013685
2830,4911,11.013692
839,2920,11.013692
2856,4987,11.013722
2065,4196,11.013742
2457,4588,11.013746
515,2646,11.013755
1083,3951,11.013768
758,2889,11.013797
1767,4685,11.013805
297,3165,11.013841
1987,4855,11.013843
1076,3994,11.013847
2612,4743,11.013847
517,2648,11.013864
1056,3974,11.013883
1443,3524,11.013912
810,3728,11.013928
926,3007,11.013943
1950,4081,11.013996
765,3683,11.014001
140,3008,11.014021
2020,4938,11.014030
1120,4038,11.014047
234,3102,11.014051
144,3012,11.014078
1459,3590,11.014110
2128,4209,11.014141
1753,4671,11.014179
1618,4536,11.014182
324,3242,11.014184
1173,4091,11.014189
2635,4716,11.014217
390,2471,11.014234
1307,4225,11.014284
1488,4356,11.014362
1384,4252,11.014419
615,2746,11.014432
1543,3624,11.014436
2035,4903,11.014455
1990,4858,11.014491
1537,3618,11.014498
1661,4579,11.014552
1577,4495,11.014567
516,2647,11.014579
1869,3950,11.014587
723,2804,11.014619
898,3766,11.014635
113,3031,11.014665
1558,3689,11.014685
2535,4616,11.014696
1582,3663,11.014726
433,2514,11.014745
163,3081,11.014793
1513,4431,11.014854
2386,4467,11.014856
1424,3505,11.014864
1857,4775,11.014911
2501,4632,11.014938
1667,4585,11.014940
1909,4040,11.014959
1999,4867,11.014961
1669,3750,11.014986
652,2783,11.015011
27,2108,11.015023
61,2979,11.015024
2019,4937,11.015030
2181,4262,11.015041
1654,4572,11.015055
1286,3367,11.015073
1007,3138,11.015094
2742,4823,11.015137
361,2492,11.015189
576,3494,11.015192
29,2110,11.015203
2063,4194,11.015206
2812,4943,11.015245
169,2250,11.015292
2480,4561,11.015349
1565,4483,11.015393
1701,3832,11.015416
1415,3546,11.015419
1519,4437,11.015447
35,2116,11.015473
711,3629,11.015538
2139,4220,11.015538
1793,4661,11.015562
1861,4779,11.015590
1228,3309,11.015609
2679,4760,11.015628
2486,4567,11.015686
1030,3948,11.015691
381,2462,11.015703
2607,4738,11.015713
391,2472,11.015817
411,3329,11.015830
2602,4733,11.015833
1135,3216,11.015872
887,3755,11.015916
1324,3405,11.015958
2686,4767,11.016028
563,3481,11.016042
1214,3345,11.016063
74,2992,11.016147
726,2807,11.016171
2222,4303,11.016182
2267,4398,11.016214
505,3423,11.016222
64,2195,11.016236
881,2962,11.016258
966,3097,11.016283
1112,3243,11.016332
397,2478,11.016395
342,3210,11.016471
106,3024,11.016485
1743,3824,11.016525
792,2873,11.016535
1439,4307,11.016592
918,3836,11.016594
1830,4748,11.016600
1913,4044,11.016651
1285,4153,11.016728
532,3400,11.016783
978,3059,11.016808
1253,3384,11.016818
23,2104,11.016820
441,3309,11.016829
1354,4272,11.016833
1460,3591,11.016856
2823,4904,11.016907
1592,3673,11.016975
511,3429,11.016984
147,2228,11.016985
218,3136,11.017001
970,3051,11.017022
750,2881,11.017029
1501,3632,11.017057
1498,4366,11.017118
1188,3269,11.017135
310,2441,11.017219
1090,3171,11.017243
1934,4802,11.017269
1505,3636,11.017288
692,2773,11.017297
824,3742,11.017341
1161,4079,11.017369
1864,4782,11.017402
2055,4186,11.017405
1202,4120,11.017420
2268,4399,11.017430
2,2920,11.017448
802,2933,11.017472
1902,4820,11.017490
2033,4114,11.017500
1824,3905,11.017530
1938,4806,11.017540
240,2321,11.017563
940,3808,11.017577
2893,4974,11.017632
1059,3977,11.017717
58,2976,11.017758
2159,4290,11.017760
1795,3876,11.017779
1653,4571,11.017779
2069,4150,11.017814
2847,4928,11.017829
216,2347,11.017864
2299,4380,11.017879
2157,4288,11.017920
882,2963,11.017930
1736,3817,11.017931
855,3773,11.017945
177,3095,11.018002
1635,3716,11.018007
2367,4498,11.018014
1001,3919,11.018016
995,3863,11.018057
2738,4819,11.018090
1921,4002,11.018193
1994,4862,11.018274
1708,4626,11.018307
192,2273,11.018317
1454,4372,11.018329
717,3635,11.018355
1152,4070,11.018365
439,2520,11.018392
2592,4673,11.018407
763,3681,11.018407
232,3100,11.018474
130,3048,11.018509
914,3832,11.018517
427,2508,11.018528
480,2561,11.018529
806,2937,11.018532
181,3099,11.018533
116,3034,11.018604
1617,3748,11.018629
893,3761,11.018643
259,3177,11.018647
1279,3360,11.018678
921,3839,11.018679
1900,4031,11.018704
1706,4624,11.018728
2578,4659,11.018729
529,2610,11.018771
1799,3880,11.018790
1221,3302,11.018792
713,2844,11.018823
2767,4898,11.018847
1159,3290,11.018924
718,3636,11.018986
1977,4895,11.019015
1175,4093,11.019039
1645,3726,11.019047
1854,3985,11.019052
568,2699,11.019055
1334,3415,11.019067
972,3053,11.019183
1571,4489,11.019221
1880,3961,11.019321
649,2730,11.019327
1511,3642,11.019386
2366,4497,11.019398
603,3521,11.019464
332,2413,11.019481
1304,3435,11.019485
2091,4172,11.019516
2358,4489,11.019541
343,2424,11.019603
37,2118,11.019615
1692,3773,11.019617
2864,4995,11.019630
1073,3991,11.019645
316,2447,11.019723
2454,4585,11.019723
800,3718,11.019727
70,2988,11.019795
957,3088,11.019809
87,2955,11.019818
1659,3790,11.019822
1013,3931,11.019827
1956,4874,11.019860
818,2949,11.019896
911,3042,11.019904
545,3413,11.019910
2234,4315,11.019918
251,2382,11.019927
1761,3892,11.019934
2704,4835,11.019974
2896,4977,11.020004
2102,4233,11.020012
779,3697,11.020016
1106,4024,11.020048
1475,4393,11.020049
1722,4640,11.020060
529,3447,11.020064
2403,4534,11.020071
584,2665,11.020106
1196,3277,11.020137
1527,3608,11.020154
1022,3103,11.020176
980,3061,11.020203
2470,4551,11.020204
842,3710,11.020208
1596,4464,11.020212
570,3488,11.020344
793,2874,11.020373
245,2326,11.020383
1472,4390,11.020411
1383,4251,11.020442
1148,3229,11.020453
153,3071,11.020486
440,3308,11.020503
2365,4496,11.020566
138,3006,11.020615
1422,3503,11.020631
1735,3816,11.020678
479,2560,11.020699
334,2415,11.020763
1617,4535,11.020768
2099,4967,11.020777
1923,4004,11.020802
2016,4934,11.020812
2049,4130,11.020826
674,3592,11.020840
1330,4248,11.020914
2649,4730,11.020914
14,2145,11.020949
408,2539,11.020972
1656,3787,11.020990
2036,4117,11.021075
939,3807,11.021117
1277,3358,11.021120
1259,3390,11.021163
2799,4880,11.021173
285,2366,11.021199
1291,3372,11.021233
336,2417,11.021330
1238,3319,11.021348
1903,4034,11.021375
442,3310,11.021396
2866,4997,11.021413
155,2286,11.021414
811,2942,11.021420
2220,4301,11.021483
2498,4579,11.021545
1785,4653,11.021613
1351,3482,11.021744
343,3211,11.021749
1092,3960,11.021759
1216,3347,11.021783
1787,4655,11.021816
295,3163,11.021851
1126,3207,11.021868
937,3018,11.021878
1306,3437,11.021886
1370,3451,11.021889
2865,4996,11.021894
878,2959,11.022011
941,3809,11.022036
1423,3504,11.022126
710,3628,11.022163
1825,3906,11.022164
2081,4162,11.022188
1238,4106,11.022224
682,3550,11.022276
1343,4211,11.022400
2889,4970,11.022416
2344,4425,11.022529
1382,3463,11.022534
2277,4358,11.022551
1848,4716,11.022583
348,2429,11.022592
50,2181,11.022603
2202,4333,11.022651
1882,4750,11.022654
1884,4752,11.022671
960,3091,11.022793
1472,3553,11.022917
1931,4849,11.022955
1043,3124,11.022988
570,2651,11.023000
1340,3421,11.023053
647,2728,11.023062
1821,3902,11.023241
959,3877,11.023317
746,2827,11.023317
369,3287,11.023325
1986,4067,11.023378
350,3268,11.023410
2588,4669,11.023423
1915,4046,11.023492
2538,4619,11.023494
1244,3325,11.023499
1378,4296,11.023506
478,3396,11.023507
337,2418,11.023542
387,3255,11.023663
435,3303,11.023754
11,2929,11.023774
2693,4774,11.023824
796,2877,11.023895
1689,3770,11.023976
1486,4354,11.023995
2360,4491,11.024000
433,3301,11.024008
628,3546,11.024104
1312,4230,11.024133
1474,4392,11.024137
716,2847,11.024143
2297,4378,11.024153
954,3872,11.024175
277,3195,11.024185
744,2825,11.024242
1417,3548,11.024246
2775,4856,11.024249
17,2148,11.024259
2012,4143,11.024296
2106,4237,11.024327
2494,4575,11.024350
844,3712,11.024441
2325,4406,11.024446
474,2555,11.024491
2764,4895,11.024501
1481,4399,11.024544
1590,3671,11.024555
2075,4993,11.024577
1947,4815,11.024582
674,2755,11.024592
2632,4713,11.024647
1612,4530,11.024736
1034,3902,11.024879
174,2255,11.024953
669,3587,11.024979
759,2890,11.024996
1385,4253,11.025008
203,2334,11.025149
2678,4759,11.025157
617,3535,11.025174
2644,4725,11.025222
1806,3937,11.025302
657,3575,11.025330
1702,3833,11.025415
543,3411,11.025442
1651,3782,11.025463
2313,4444,11.025474
749,2830,11.025562
2415,4546,11.025606
988,3856,11.025677
2187,4268,11.025692
708,2839,11.025704
1220,4138,11.025767
1155,4073,11.025772
1117,3248,11.025785
839,3707,11.025793
2695,4776,11.025840
490,3358,11.025847
1687,3768,11.025879
1056,3187,11.025922
1896,4764,11.025943
1600,4518,11.026025
1433,4301,11.026088
1836,4704,11.026090
2533,4614,11.026091
273,2354,11.026122
523,3441,11.026144
903,3821,11.026181
363,2494,11.026205
183,2264,11.026240
302,3220,11.026269
720,3638,11.026271
295,2376,11.026327
1275,3356,11.026380
2545,4626,11.026381
1286,4154,11.026417
2878,4959,11.026419
1081,3999,11.026546
1922,4003,11.026563
2312,4443,11.026566
278,2359,11.026579
212,3130,11.026587
1946,4027,11.026607
2060,4191,11.026628
1935,4016,11.026655
1663,4581,11.026708
2768,4899,11.026731
462,2593,11.026732
992,3073,11.026890
2685,4766,11.026907
2468,4599,11.026933
531,3449,11.027100
1782,4650,11.027115
49,2130,11.027124
525,2606,11.027151
1421,4339,11.027165
2769,4850,11.027203
1280,3361,11.027263
1423,4341,11.027340
1187,4055,11.027356
82,2163,11.027394
1132,4000,11.027420
1405,3536,11.027452
135,3003,11.027483
1146,4014,11.027510
2630,4711,11.027565
244,3112,11.027587
1468,3599,11.027601
660,2791,11.027603
558,3476,11.027670
2858,4989,11.027704
1093,3174,11.027753
1965,4096,11.027768
2169,4250,11.027817
1226,3307,11.028046
2411,4542,11.028056
1513,3644,11.028079
613,3531,11.028138
2398,4479,11.028185
283,2364,11.028273
1078,3996,11.028349
1138,3219,11.028445
644,2725,11.028467
1525,3606,11.028469
486,3354,11.028519
45,2913,11.028539
1754,3885,11.028559
1854,4772,11.028795
1376,4294,11.028820
247,2328,11.028851
933,3801,11.028924
423,3341,11.028931
519,3437,11.028952
1429,4347,11.028987
1700,3831,11.029066
1025,3106,11.029068
1069,3150,11.029123
1832,3913,11.029127
322,3240,11.029190
2021,4939,11.029226
388,3256,11.029283
1501,4419,11.029292
655,3573,11.029301
2553,4684,11.029394
863,2994,11.029395
291,2372,11.029462
1625,4543,11.029523
1369,3450,11.029621
1366,4284,11.029689
16,2934,11.029701
1587,3668,11.029849
149,3017,11.029892
538,3406,11.029896
1234,3315,11.029943
703,3621,11.029971
582,2663,11.030050
1462,4380,11.030084
1826,3907,11.030103
883,2964,11.030115
1876,4794,11.030168
2456,4587,11.030220
1295,4163,11.030220
2283,4364,11.030398
189,3057,11.030406
2177,4258,11.030431
228,2309,11.030460
1391,4259,11.030575
1163,3294,11.030659
1411,4329,11.030775
1968,4099,11.030787
202,3120,11.030926
1321,4239,11.030931
2001,4919,11.030937
1466,4384,11.031084
1648,4516,11.031086
953,3084,11.031092
1812,4730,11.031115
1739,3820,11.031188
2223,4304,11.031211
324,2405,11.031241
1171,3252,11.031244
2530,4611,11.031262
91,2959,11.031284
1195,4063,11.031427
148,2229,11.031431
113,2244,11.031435
738,2819,11.031435
1970,4051,11.031541
979,3060,11.031586
843,3711,11.031628
1720,4638,11.031676
1595,3676,11.031769
7,2138,11.031936
1742,3823,11.032011
2114,4245,11.032041
1887,4755,11.032051
1267,3398,11.032425
950,3081,11.032450
1058,3976,11.032522
43,2911,11.032552
1560,4478,11.032610
555,3473,11.032704
1681,3762,11.032726
426,2507,11.032830
460,2591,11.032920
1190,3271,11.032924
1552,3683,11.032966
1943,4024,11.032972
2024,4942,11.032999
1603,3734,11.033005
1556,4474,11.033189
378,3296,11.033303
1331,4249,11.033316
777,3695,11.033347
1265,4183,11.033394
2886,4967,11.033501
2303,4434,11.033591
2210,4341,11.033634
911,3829,11.033778
1360,3491,11.033882
2218,4349,11.033953
238,2319,11.033976
480,3398,11.034032
2624,4705,11.034040
115,3033,11.034148
1548,4416,11.034176
417,2548,11.034177
126,2207,11.034301
698,2779,11.034305
889,2970,11.034362
986,3854,11.034363
107,2238,11.034404
127,2208,11.034441
1555,4473,11.034476
1027,3108,11.034684
757,2888,11.034712
612,3530,11.034779
1403,3534,11.034802
285,3153,11.034869
100,2231,11.035057
2702,4833,11.035063
2587,4668,11.035086
1610,3741,11.035092
1696,4564,11.035118
1416,4334,11.035193
2089,4957,11.035210
195,2276,11.035255
699,3567,11.035377
298,3166,11.035384
1644,3725,11.035397
1070,3151,11.035502
2463,4594,11.035658
360,2491,11.035677
651,2782,11.035713
468,3386,11.035744
2090,4171,11.035817
10,2141,11.035869
1839,4707,11.036032
40,2908,11.036123
1228,4146,11.036131
1564,4482,11.036192
1929,4847,11.036219
1251,4169,11.036292
896,3764,11.036356
328,2409,11.036364
2747,4828,11.036377
448,3316,11.036414
2013,4144,11.036576
1991,4072,11.036642
2821,4902,11.036684
2396,4477,11.036733
1642,4510,11.036737
1091,3172,11.036792
1759,3890,11.036825
1786,4654,11.036856
36,2117,11.036963
1878,3959,11.037016
1303,3434,11.037207
2133,4214,11.037225
935,3016,11.037352
90,2171,11.037419
487,2568,11.037451
799,2880,11.037474
1147,3228,11.037528
220,2301,11.037528
193,2274,11.037570
88,2956,11.037663
2073,4991,11.037693
84,2165,11.037968
1130,4048,11.038038
791,2872,11.038120
454,2585,11.038120
869,3787,11.038198
2016,4147,11.038229
187,3055,11.038388
308,3226,11.038428
418,2549,11.038577
816,2947,11.038632
421,3339,11.038711
1033,3114,11.038733
2112,4243,11.038742
1031,3949,11.038764
2296,4377,11.038767
2596,4677,11.038787
1050,3181,11.038819
944,3812,11.039084
1169,3250,11.039101
2682,4763,11.039146
154,2285,11.039282
226,2307,11.039464
1181,3262,11.039473
1447,3528,11.039526
602,2733,11.039664
621,3539,11.039707
1241,4109,11.039783
1264,4182,11.039829
1364,4282,11.039832
1974,4892,11.039877
2027,4945,11.039953
886,2967,11.039971
1734,3815,11.040065
1976,4057,11.040074
609,2740,11.040097
321,3239,11.040355
1790,4658,11.040362
1954,4872,11.040485
508,2639,11.040599
422,2503,11.040715
1945,4813,11.040763
1198,4066,11.040940
2390,4471,11.040954
836,2917,11.041004
2443,4524,11.041029
847,3715,11.041064
1342,4210,11.041078
667,2798,11.041198
2405,4536,11.041274
1222,4140,11.041393
1,2919,11.041442
158,3076,11.041755
2772,4853,11.041770
1520,3601,11.041831
1271,3352,11.041982
1136,3217,11.042047
2677,4758,11.042055
1779,3860,11.042143
293,3161,11.042196
1011,3929,11.042385
415,3333,11.042404
648,2729,11.042413
1829,3910,11.042479
2034,4115,11.042498
1333,4201,11.042619
2373,4454,11.042668
1288,4156,11.042685
1174,4092,11.042693
994,3862,11.042836
399,3267,11.042918
1641,3722,11.043286
2722,4803,11.043295
1937,4805,11.043297
2043,4124,11.043466
901,3032,11.043583
1358,4276,11.043876
702,3620,11.044090
1048,3129,11.044139
1361,3492,11.044300
68,2986,11.044331
53,2184,11.044406
797,3665,11.044460
473,3391,11.044632
2324,4405,11.044800
772,3690,11.044872
279,3197,11.044959
983,3851,11.045240
2124,4205,11.045312
1740,4608,11.045637
1073,3154,11.045715
2844,4925,11.045840
1084,3952,11.045902
1430,3511,11.046059
1695,4563,11.046168
205,3123,11.046304
1451,3582,11.046411
1101,4019,11.046511
1450,3581,11.046629
2869,4950,11.046660
1381,3462,11.046726
2079,4160,11.046744
552,2683,11.046826
952,3870,11.047218
707,3625,11.047250
1926,4844,11.047518
1805,4723,11.047711
1797,4665,11.047775
2214,4345,11.047939
1545,3626,11.048027
345,3213,11.048113
507,2638,11.048290
1591,3672,11.048298
577,2658,11.048415
59,2977,11.048548
2204,4335,11.048667
438,2519,11.048695
231,3149,11.048776
1462,3593,11.049065
2488,4569,11.049241
1046,3127,11.049253
788,2869,11.049345
1365,3496,11.049486
2304,4435,11.050358
513,3431,11.050466
390,3258,11.050535
1576,4494,11.050708
1236,4104,11.051108
1731,3812,11.051203
199,3067,11.051492
2094,4962,11.051495
104,3022,11.051662
1456,4374,11.051704
2180,4261,11.051962
55,2186,11.052191
141,3009,11.052207
1261,3392,11.052517
2444,4525,11.052553
1894,3975,11.052628
633,3501,11.052765
318,2449,11.052953
2584,4665,11.053029
2674,4755,11.053092
130,2211,11.053740
2074,4155,11.053744
2270,4351,11.053831
1715,4633,11.054041
1851,3982,11.054041
9,2927,11.054077
289,3157,11.054231
1989,4070,11.054323
2534,4615,11.054510
862,3780,11.054631
1926,4007,11.054779
2558,4689,11.054865
2448,4529,11.054894
1002,3920,11.054940
749,3617,11.055011
2156,4287,11.055214
1650,4568,11.055270
804,3722,11.055999
906,3037,11.056704
379,3297,11.056748
1097,3965,11.056799
1692,4560,11.056960
1615,3746,11.057010
519,2600,11.057405
1237,3318,11.057914
1142,4010,11.058010
2066,4197,11.058868
2308,4439,11.058920
504,2635,11.058939
2315,4446,11.059003
469,3387,11.059025
672,2753,11.059199
14,2932,11.059616
1327,3408,11.059839
98,2179,11.060686
1243,4111,11.060799
1232,4100,11.060859
1497,3578,11.060948
1131,3212,11.060956
559,3477,11.061048
1984,4065,11.061340
1810,4728,11.061433
1621,4539,11.061605
483,2564,11.061661
1995,4863,11.061674
1426,3507,11.061721
2369,4450,11.061784
444,3312,11.061850
1387,4255,11.061920
2837,4918,11.061958
249,2330,11.061994
1213,3344,11.062004
1192,3273,11.062071
1899,3980,11.062138
2135,4216,11.062152
2040,4908,11.062155
160,3078,11.062237
1268,4186,11.062306
1103,4021,11.062325
2096,4964,11.062417
908,3039,11.062512
2440,4521,11.062987
983,3064,11.063441
1322,4240,11.063470
609,3527,11.063532
867,3785,11.063711
512,2643,11.063808
294,2375,11.064159
2779,4860,11.064769
2085,4953,11.064867
465,3383,11.065056
957,3875,11.065129
1412,4330,11.065825
1123,3204,11.065887
1455,3586,11.065980
2842,4923,11.066034
384,2465,11.066138
1657,4575,11.066295
1408,4326,11.067153
852,2983,11.067729
94,2175,11.067822
1502,4420,11.067911
1372,3453,11.068024
188,2269,11.068568
807,2938,11.068749
1041,3122,11.069007
383,3251,11.069015
270,2351,11.069149
250,3168,11.069962
184,2265,11.070523
1432,4300,11.070698
1900,4818,11.070864
325,3243,11.071410
947,3028,11.072060
40,2121,11.072645
1522,4440,11.072728
274,2355,11.072953
180,2261,11.073262
1845,3926,11.073519
1836,3917,11.074084
579,3497,11.074213
2504,4635,11.074606
364,2495,11.074638
1552,4470,11.074792
1561,3692,11.074996
1037,3118,11.075117
618,2749,11.075383
714,3632,11.075732
1756,4674,11.075767
813,3731,11.076149
1750,3881,11.076162
2788,4869,11.076527
1326,4244,11.076581
1307,3438,11.076633
762,2893,11.076818
489,3357,11.077296
429,2510,11.077595
1127,3208,11.077905
2250,4381,11.078649
1890,3971,11.079588
2225,4306,11.079679
2414,4545,11.079772
1217,3348,11.080406
1318,4236,11.080993
1471,3552,11.082291
1178,4096,11.082390
1980,4061,11.082745
1705,3836,11.082991
2743,4824,11.083914
893,2974,11.083943
528,2609,11.084853
2070,4151,11.085615
2689,4770,11.085717
414,2545,11.086805
2833,4914,11.087451
1666,4584,11.087458
1567,4485,11.087717
2160,4291,11.088184
375,3293,11.089081
2698,4779,11.089383
1282,3363,11.089949
723,3641,11.090106
5,2923,11.090703
768,3686,11.092002
235,3103,11.092676
145,3013,11.093653
2031,4949,11.094346
858,3776,11.095647
1746,3827,11.096248
2300,4431,11.097525
624,3542,11.098388
998,3866,11.098990
1357,3488,11.099569
1711,4629,11.100426
339,2420,11.100772
1088,3956,11.102016
1801,4719,11.104174
753,2884,11.107326
1941,4809,11.107606
573,2654,11.109183
2599,4680,11.109608
1477,4395,11.112147
663,2794,11.113032
1516,3647,11.118273
1606,3737,11.121376
534,3402,11.124072
2459,4590,11.127695
