sat_i,sat_j,min_dist_km
505,2554,0.908323
417,2466,0.908483
1378,2328,0.908500
329,2378,0.908545
1467,2417,0.908799
379,1329,0.908849
467,1417,0.908861
1290,2240,0.908971
1604,2594,0.909089
643,2692,0.909103
506,2555,0.909177
556,1506,0.909264
781,1731,0.909267
241,2290,0.909393
555,1505,0.909437
603,1593,0.909478
1869,2819,0.909542
290,1240,0.909590
418,2467,0.909673
1555,2505,0.909834
908,2957,0.909895
604,1594,0.909918
1613,2563,0.910030
525,1515,0.910069
652,2701,0.910154
202,1192,0.910225
427,2476,0.910231
1006,1996,0.910296
632,2641,0.910340
1379,2329,0.910363
790,1740,0.910482
1388,2338,0.910483
1202,2192,0.910501
1593,2543,0.910538
730,1680,0.910585
1533,2483,0.910596
45,2094,0.910715
445,1435,0.910722
300,1250,0.910792
1248,2238,0.910796
287,2336,0.910958
1692,2642,0.910960
963,1953,0.910989
718,1668,0.911028
1878,2828,0.911059
505,1455,0.911115
162,2211,0.911130
183,1133,0.911130
2,2051,0.911133
1183,2133,0.911211
572,2621,0.911223
222,2271,0.911233
95,1045,0.911251
295,2344,0.911258
1603,2593,0.911264
320,1310,0.911315
1818,2768,0.911340
2006,2996,0.911356
594,2603,0.911382
291,1241,0.911382
971,1921,0.911450
1408,2398,0.911461
1123,2113,0.911470
1264,2214,0.911480
588,2637,0.911481
347,2396,0.911517
1271,2221,0.911519
958,1908,0.911535
433,1383,0.911569
160,1150,0.911610
10,2059,0.911645
469,1419,0.911674
447,2496,0.911676
1691,2641,0.911774
75,1025,0.911792
820,2869,0.911799
1766,2756,0.911805
841,2890,0.911823
580,2629,0.911827
192,2201,0.911852
310,2359,0.911865
917,2926,0.911933
212,1162,0.911948
585,1535,0.911968
686,1676,0.911993
367,2416,0.912008
624,2673,0.912019
1007,1997,0.912074
1986,2936,0.912077
1328,2318,0.912084
865,2914,0.912095
1802,2792,0.912102
408,1398,0.912154
1906,2856,0.912157
1781,2731,0.912160
425,1375,0.912196
435,2444,0.912221
154,1104,0.912245
731,2780,0.912247
898,1848,0.912309
23,973,0.912328
1673,2623,0.912349
46,2095,0.912353
1496,2446,0.912375
104,2153,0.912393
760,2809,0.912477
535,2584,0.912521
1167,2157,0.912549
1721,2711,0.912571
561,1551,0.912579
673,1623,0.912586
693,1643,0.912637
140,1090,0.912640
857,2906,0.912676
710,1660,0.912690
1773,2723,0.912733
629,1579,0.912741
1585,2535,0.912761
1256,2206,0.912763
193,2202,0.912785
303,2352,0.912827
712,2721,0.912836
176,1126,0.912842
1308,2258,0.912899
1801,2791,0.912903
1745,2695,0.912946
1235,2185,0.913094
1139,2089,0.913121
1897,2847,0.913136
1557,2507,0.913138
1015,1965,0.913154
1925,2915,0.913159
595,2604,0.913249
51,1001,0.913254
62,2111,0.913301
873,2882,0.913340
1549,2499,0.913352
330,2379,0.913381
692,1642,0.913425
1443,2433,0.913440
810,1760,0.913447
331,2380,0.913477
1993,2943,0.913485
398,2407,0.913512
114,2123,0.913525
1511,2461,0.913541
302,2351,0.913554
519,1469,0.913585
961,1951,0.913593
869,1819,0.913722
477,2486,0.913760
1481,2471,0.913830
642,2691,0.913865
463,2512,0.913870
1029,1979,0.913923
426,2475,0.913967
1263,2213,0.913991
474,1424,0.914011
1976,2926,0.914017
1556,2506,0.914021
1415,2365,0.914032
984,1934,0.914048
148,1098,0.914068
1541,2491,0.914075
959,2968,0.914112
37,987,0.914112
1717,2667,0.914147
1898,2848,0.914203
274,2283,0.914245
657,1607,0.914251
805,2854,0.914280
914,2923,0.914291
1826,2776,0.914337
801,2850,0.914347
291,2340,0.914378
361,1351,0.914390
945,2994,0.914405
1934,2884,0.914418
1494,2444,0.914455
1830,2780,0.914461
240,1230,0.914513
1300,2250,0.914519
911,1861,0.914533
1280,2270,0.914576
979,1929,0.914606
1513,2463,0.914609
1154,2104,0.914625
995,1945,0.914664
1387,2337,0.914674
2021,2971,0.914677
16,2065,0.914697
770,1720,0.914706
1291,2241,0.914710
451,1401,0.914737
933,1883,0.914759
54,2103,0.914776
1396,2346,0.914776
220,1170,0.914788
1421,2371,0.914804
1466,2416,0.914816
260,1210,0.914837
364,2413,0.914838
818,1768,0.914869
528,1518,0.914904
18,968,0.914904
533,1483,0.914922
1078,2028,0.914943
700,2749,0.914956
1359,2309,0.914958
458,2507,0.914964
468,1418,0.914979
454,2503,0.914999
1588,2538,0.915003
1774,2724,0.915039
190,2239,0.915056
49,2098,0.915068
1798,2748,0.915082
730,2779,0.915097
1997,2947,0.915107
599,2608,0.915127
1689,2679,0.915129
937,2986,0.915130
547,1497,0.915146
159,1109,0.915168
1179,2129,0.915172
722,1712,0.915177
669,1619,0.915184
1539,2489,0.915210
1931,2881,0.915233
1687,2677,0.915261
754,1704,0.915268
909,2958,0.915272
2004,2994,0.915285
1957,2907,0.915335
1447,2437,0.915360
1153,2103,0.915383
188,2237,0.915395
409,2458,0.915419
1177,2127,0.915458
428,2477,0.915510
1065,2015,0.915562
938,2987,0.915602
1903,2853,0.915603
1228,2178,0.915619
937,1887,0.915751
1023,1973,0.915771
1111,2061,0.915802
698,2747,0.915808
432,2441,0.915854
119,1069,0.915864
1780,2730,0.915887
206,2255,0.915899
59,1009,0.915920
569,1559,0.915934
168,1158,0.915942
840,2889,0.915985
142,2191,0.916016
667,1617,0.916038
1927,2917,0.916038
161,2210,0.916060
956,1906,0.916087
738,1688,0.916113
685,1675,0.916185
498,1448,0.916246
1075,2025,0.916255
1531,2481,0.916289
1362,2352,0.916291
184,1134,0.916294
427,1377,0.916311
1233,2183,0.916405
258,1208,0.916452
32,2041,0.916465
905,1855,0.916466
1393,2343,0.916544
1700,2650,0.916554
1405,2395,0.916560
936,2985,0.916568
1276,2226,0.916616
1064,2014,0.916682
942,2991,0.916701
78,2087,0.916740
1617,2567,0.916762
1829,2779,0.916767
812,2861,0.916801
1574,2524,0.916804
1912,2862,0.916839
192,1142,0.916854
891,2940,0.916874
121,2170,0.916902
1448,2438,0.916922
1057,2007,0.916932
1743,2693,0.916959
66,1016,0.916960
1119,2069,0.917034
401,1391,0.917037
6,996,0.917038
157,1107,0.917056
867,2916,0.917076
499,2548,0.917089
482,2531,0.917095
82,2131,0.917107
780,1730,0.917143
1834,2784,0.917159
502,2551,0.917165
1649,2639,0.917170
497,1447,0.917201
711,2720,0.917215
259,2308,0.917228
1417,2367,0.917259
768,1758,0.917283
423,1373,0.917332
1718,2668,0.917343
1008,1998,0.917373
895,1845,0.917375
34,2043,0.917377
1948,2898,0.917424
843,2892,0.917434
461,1411,0.917439
391,2400,0.917463
1014,1964,0.917476
1337,2287,0.917503
1998,2948,0.917514
400,1390,0.917525
0,2049,0.917529
228,1178,0.917534
1107,2057,0.917568
1786,2736,0.917607
843,1833,0.917616
1103,2053,0.917622
274,1224,0.917627
453,1403,0.917642
491,2540,0.917642
996,1946,0.917646
714,2723,0.917685
578,2627,0.917686
860,1810,0.917689
615,1565,0.917699
333,2382,0.917709
406,1396,0.917766
43,2092,0.917783
105,1055,0.917795
502,1452,0.917814
237,2246,0.917821
325,1315,0.917851
753,1703,0.917858
2001,2991,0.917892
977,1927,0.917931
1597,2547,0.917967
852,1802,0.917987
877,1827,0.917994
596,2605,0.918033
446,1436,0.918054
357,2366,0.918081
1395,2345,0.918083
14,964,0.918087
732,2781,0.918087
1021,1971,0.918106
681,1671,0.918113
520,2569,0.918165
1953,2903,0.918254
1318,2268,0.918257
552,2561,0.918293
1660,2610,0.918296
1928,2918,0.918332
795,2804,0.918341
1292,2242,0.918351
1052,2002,0.918361
683,1673,0.918370
780,2829,0.918399
1077,2027,0.918412
292,1242,0.918443
65,1015,0.918446
837,2846,0.918486
542,2591,0.918508
827,1777,0.918518
1958,2908,0.918534
439,2448,0.918547
943,1893,0.918568
597,2606,0.918568
1067,2017,0.918583
290,2339,0.918611
1943,2893,0.918620
775,2824,0.918649
784,2833,0.918662
819,2868,0.918695
1201,2191,0.918719
1955,2905,0.918725
716,1666,0.918752
333,1283,0.918782
1094,2044,0.918788
1190,2140,0.918813
424,2473,0.918821
1236,2186,0.918849
809,1799,0.918861
1216,2166,0.918873
1558,2508,0.918919
885,2934,0.918923
1933,2883,0.918931
58,2107,0.918936
726,1716,0.918942
161,1151,0.919002
1905,2855,0.919018
1319,2269,0.919022
1751,2701,0.919048
147,1097,0.919072
949,2998,0.919091
769,2818,0.919115
1629,2579,0.919124
1567,2557,0.919190
178,2227,0.919192
1012,1962,0.919231
907,1857,0.919242
934,2983,0.919248
1168,2158,0.919280
203,1193,0.919282
15,965,0.919284
850,1800,0.919314
706,1656,0.919314
868,1818,0.919333
1828,2778,0.919334
1962,2952,0.919345
770,2819,0.919354
1856,2806,0.919364
554,1504,0.919374
123,1113,0.919380
169,2218,0.919438
1572,2522,0.919443
1240,2230,0.919446
118,2127,0.919462
901,2950,0.919477
1327,2317,0.919489
373,2422,0.919496
110,1060,0.919497
1582,2532,0.919522
2038,2988,0.919534
1741,2691,0.919582
75,2084,0.919591
1062,2012,0.919602
476,1426,0.919623
1042,2032,0.919649
413,1363,0.919652
186,1136,0.919680
785,2834,0.919701
696,1646,0.919769
1043,2033,0.919782
846,2895,0.919791
1973,2923,0.919794
1304,2254,0.919806
927,2976,0.919817
671,2680,0.919831
1736,2686,0.919838
1977,2927,0.919850
512,2521,0.919861
583,2632,0.919876
204,2253,0.919886
271,1221,0.919900
381,2430,0.919909
1791,2741,0.919965
668,2717,0.919992
1569,2559,0.920003
773,2822,0.920005
1082,2072,0.920028
1438,2388,0.920046
1693,2643,0.920052
1852,2802,0.920063
633,2642,0.920069
691,1641,0.920121
950,1900,0.920169
496,1446,0.920172
267,2316,0.920175
701,1651,0.920176
484,1474,0.920177
815,2864,0.920190
938,1888,0.920211
1349,2299,0.920243
802,1792,0.920305
335,2384,0.920315
395,1345,0.920335
146,2195,0.920374
1670,2620,0.920385
1938,2888,0.920403
411,2460,0.920429
1375,2325,0.920469
289,2338,0.920478
420,1370,0.920482
526,1516,0.920491
441,2490,0.920509
133,2182,0.920542
1455,2405,0.920554
288,1278,0.920575
728,2777,0.920580
18,2067,0.920597
260,2309,0.920619
314,1264,0.920623
694,2743,0.920633
47,2096,0.920635
70,2119,0.920651
915,2924,0.920659
838,1788,0.920674
138,1088,0.920678
218,2267,0.920689
900,1850,0.920710
217,2266,0.920738
275,2284,0.920746
813,2862,0.920750
1424,2374,0.920780
1561,2551,0.920810
19,2068,0.920821
231,1181,0.920830
1616,2566,0.920842
1472,2422,0.920848
1311,2261,0.920851
191,1141,0.920855
458,1408,0.920861
1760,2750,0.920868
1348,2298,0.920880
42,1032,0.920886
350,1300,0.920888
132,1082,0.920889
109,1059,0.920891
575,1525,0.920894
1944,2894,0.920899
1757,2707,0.920903
1524,2514,0.920927
340,1290,0.920939
79,2088,0.920941
1288,2278,0.920946
297,2346,0.920954
1926,2916,0.920962
550,2599,0.920963
1346,2296,0.920968
790,2839,0.920968
158,1108,0.920975
62,1012,0.920994
1522,2512,0.920997
276,1226,0.921003
1868,2818,0.921005
223,2272,0.921028
863,2912,0.921046
534,1484,0.921099
132,2181,0.921117
616,2665,0.921126
1762,2752,0.921164
1009,1999,0.921168
2037,2987,0.921171
779,1729,0.921177
317,1267,0.921193
1858,2808,0.921200
1144,2094,0.921225
1207,2197,0.921227
263,2312,0.921251
820,1770,0.921279
756,1706,0.921281
1383,2333,0.921286
105,2154,0.921311
1900,2850,0.921311
385,1335,0.921319
1889,2879,0.921326
376,2425,0.921326
382,1332,0.921345
257,1207,0.921366
711,1661,0.921390
81,2130,0.921392
742,2791,0.921400
644,2693,0.921401
339,2388,0.921405
47,1037,0.921406
1534,2484,0.921407
253,1203,0.921424
643,1633,0.921432
635,1585,0.921438
297,1247,0.921508
191,2200,0.921542
1853,2803,0.921579
1239,2189,0.921581
179,2228,0.921594
504,1454,0.921606
1618,2568,0.921619
329,1319,0.921623
316,2325,0.921627
436,2445,0.921637
359,2368,0.921642
551,2560,0.921648
2026,2976,0.921648
839,2848,0.921654
697,1647,0.921667
1946,2896,0.921689
1870,2820,0.921729
743,1693,0.921740
247,2296,0.921742
1592,2542,0.921743
1493,2443,0.921757
600,2649,0.921772
957,1907,0.921778
684,2733,0.921789
459,2508,0.921803
846,1836,0.921804
960,1950,0.921809
311,1261,0.921847
554,2563,0.921849
1463,2413,0.921879
213,2262,0.921916
920,2969,0.921925
625,2674,0.921932
36,986,0.921936
587,2636,0.921945
1738,2688,0.921954
403,1393,0.921958
229,2278,0.921977
879,2888,0.922022
511,1461,0.922032
175,1125,0.922037
597,1547,0.922040
717,1667,0.922042
342,1292,0.922051
1004,1994,0.922057
397,1347,0.922060
352,1302,0.922063
756,2765,0.922082
437,1387,0.922089
336,2385,0.922101
90,2139,0.922107
1370,2320,0.922107
212,2261,0.922110
1450,2400,0.922130
808,1798,0.922135
1709,2659,0.922161
1723,2713,0.922175
964,1954,0.922193
878,2887,0.922193
1018,1968,0.922201
1554,2504,0.922207
869,2918,0.922217
245,2294,0.922220
9,999,0.922228
187,1137,0.922235
1890,2840,0.922262
414,2463,0.922278
680,2729,0.922282
102,1052,0.922284
559,2568,0.922288
1172,2122,0.922294
421,2470,0.922296
733,2782,0.922300
676,1626,0.922315
308,1258,0.922321
101,1051,0.922322
1423,2373,0.922340
387,1337,0.922340
1340,2290,0.922341
1175,2125,0.922341
798,2807,0.922371
1847,2837,0.922375
2018,2968,0.922383
1205,2195,0.922385
1250,2200,0.922387
1810,2760,0.922389
1016,1966,0.922392
193,1143,0.922394
355,2364,0.922398
1315,2265,0.922399
695,2744,0.922412
828,2877,0.922416
465,1415,0.922418
807,1797,0.922429
777,2826,0.922431
450,2499,0.922432
1587,2537,0.922437
432,1382,0.922452
580,1530,0.922456
1390,2340,0.922465
519,2528,0.922474
171,1121,0.922477
232,2241,0.922480
1352,2302,0.922490
729,2778,0.922507
1486,2476,0.922516
499,1449,0.922521
592,1542,0.922533
344,2393,0.922538
503,2552,0.922543
1639,2589,0.922558
133,1083,0.922564
63,2112,0.922569
1527,2517,0.922581
250,2299,0.922603
319,2328,0.922611
878,1828,0.922618
784,1734,0.922622
568,1558,0.922629
598,2607,0.922649
24,2073,0.922658
279,2288,0.922661
1846,2836,0.922665
765,2814,0.922693
178,1128,0.922715
1024,1974,0.922720
540,2589,0.922723
782,2831,0.922738
581,1531,0.922746
746,1696,0.922747
1149,2099,0.922755
372,1322,0.922762
1474,2424,0.922762
1646,2636,0.922767
564,1554,0.922767
1165,2155,0.922768
1525,2515,0.922770
26,2075,0.922771
100,1050,0.922801
556,2565,0.922804
539,1489,0.922805
326,1316,0.922808
51,2100,0.922828
399,1349,0.922831
1258,2208,0.922832
1506,2456,0.922835
524,1514,0.922843
816,1766,0.922850
1756,2706,0.922854
2013,2963,0.922855
1192,2142,0.922859
823,2872,0.922863
1965,2955,0.922919
1125,2115,0.922923
593,2602,0.922934
836,1786,0.922934
429,1379,0.922939
854,1804,0.922942
640,1630,0.922942
627,2676,0.922942
460,2509,0.922944
1915,2865,0.922952
327,1317,0.922955
1725,2715,0.922956
113,1063,0.922960
1919,2869,0.922963
1872,2822,0.922977
875,1825,0.922978
173,1123,0.922981
1039,1989,0.922986
935,1885,0.922987
1433,2383,0.922990
309,1259,0.922990
939,1889,0.922995
164,2213,0.922998
1299,2249,0.923012
529,2578,0.923017
630,2679,0.923045
68,2117,0.923051
1621,2571,0.923060
1055,2005,0.923096
265,2314,0.923098
490,1440,0.923116
38,2047,0.923117
1425,2375,0.923129
1607,2597,0.923133
865,1815,0.923144
23,2072,0.923155
148,2197,0.923160
888,1878,0.923205
232,1182,0.923211
500,2549,0.923264
757,2766,0.923267
1031,1981,0.923269
557,2566,0.923281
22,2071,0.923283
1418,2368,0.923286
725,1715,0.923288
1381,2331,0.923290
829,2878,0.923295
569,2618,0.923314
1586,2536,0.923314
650,1600,0.923344
1488,2478,0.923346
2039,2989,0.923348
343,2392,0.923351
889,1879,0.923354
1491,2441,0.923358
313,1263,0.923388
885,1875,0.923390
2036,2986,0.923391
708,2757,0.923402
475,2484,0.923404
545,2594,0.923415
543,1493,0.923455
655,2704,0.923456
41,2090,0.923512
697,2746,0.923517
441,1431,0.923524
924,2973,0.923526
1777,2727,0.923566
323,2372,0.923566
158,2167,0.923568
402,1392,0.923578
633,1583,0.923599
1237,2187,0.923637
909,1859,0.923641
454,1404,0.923653
658,1608,0.923671
2022,2972,0.923676
1070,2020,0.923691
1252,2202,0.923694
416,2465,0.923696
1066,2016,0.923704
153,2162,0.923706
434,2443,0.923725
1880,2870,0.923745
1161,2151,0.923750
1053,2003,0.923761
1753,2703,0.923773
323,1313,0.923774
117,2126,0.923803
1908,2858,0.923804
602,2651,0.923808
566,2615,0.923812
747,2796,0.923838
1581,2531,0.923862
1882,2872,0.923884
328,2377,0.923905
1127,2117,0.923936
1460,2410,0.923939
403,2452,0.923958
1085,2075,0.924002
786,2835,0.924006
716,2725,0.924007
73,2082,0.924012
1577,2527,0.924028
1272,2222,0.924038
238,1188,0.924097
586,1536,0.924105
1645,2635,0.924108
883,2932,0.924112
423,2472,0.924155
314,2323,0.924178
1150,2100,0.924181
622,2671,0.924198
740,2789,0.924217
1047,2037,0.924221
1489,2479,0.924235
886,2935,0.924265
1287,2277,0.924277
1632,2582,0.924283
800,2849,0.924348
1562,2552,0.924350
577,2626,0.924359
168,2217,0.924361
153,1103,0.924369
1956,2906,0.924370
1932,2882,0.924417
108,2157,0.924444
811,2860,0.924458
930,2979,0.924475
1306,2256,0.924520
672,1622,0.924533
1952,2902,0.924571
645,2694,0.924597
1231,2181,0.924616
299,1249,0.924640
1875,2825,0.924640
207,1197,0.924661
879,1829,0.924675
216,1166,0.924724
1145,2095,0.924732
605,1595,0.924765
2031,2981,0.924774
130,2179,0.924797
742,1692,0.924837
92,1042,0.924864
252,2301,0.924868
585,2634,0.924873
492,1442,0.924879
855,2904,0.924888
1449,2439,0.924895
1365,2355,0.924924
1203,2193,0.924988
4,994,0.925006
150,2199,0.925011
754,2763,0.925027
845,1835,0.925067
2005,2995,0.925071
1419,2369,0.925075
835,2844,0.925081
256,1206,0.925086
399,2408,0.925097
1935,2885,0.925108
130,1080,0.925142
194,1144,0.925155
486,1476,0.925160
1293,2243,0.925162
1273,2223,0.925198
602,1592,0.925203
1888,2878,0.925242
124,1114,0.925268
1220,2170,0.925273
286,1276,0.925309
2010,2960,0.925310
604,2653,0.925337
907,2956,0.925361
166,1156,0.925380
527,1517,0.925398
412,1362,0.925441
89,1079,0.925452
628,2677,0.925471
874,1824,0.925486
1148,2098,0.925496
284,1274,0.925506
1854,2804,0.925511
2030,2980,0.925520
769,1759,0.925528
1038,1988,0.925547
1086,2076,0.925575
1842,2832,0.925600
675,2684,0.925604
116,2125,0.925605
269,1219,0.925645
73,1023,0.925658
1701,2651,0.925728
533,2582,0.925751
1987,2937,0.925778
572,1522,0.925785
353,2362,0.925790
2035,2985,0.925794
449,2498,0.925811
745,2794,0.925818
180,1130,0.925845
1711,2661,0.925858
1246,2236,0.926027
477,1427,0.926039
1106,2056,0.926062
335,1285,0.926066
204,1194,0.926074
1929,2919,0.926094
542,1492,0.926096
344,1294,0.926096
1792,2742,0.926099
1146,2096,0.926105
1403,2393,0.926112
1999,2949,0.926168
254,1204,0.926178
352,2361,0.926213
429,2478,0.926243
1783,2733,0.926392
365,1355,0.926405
417,1367,0.926411
334,1284,0.926415
919,2928,0.926458
694,1644,0.926485
2000,2990,0.926498
928,2977,0.926503
355,1305,0.926506
1225,2175,0.926513
868,2917,0.926529
1262,2212,0.926625
1214,2164,0.926645
1076,2026,0.926668
1921,2911,0.926681
507,1457,0.926682
1677,2627,0.926691
1805,2795,0.926715
7,2056,0.926727
551,1501,0.926759
619,2668,0.926793
750,2799,0.926794
599,1549,0.926823
378,1328,0.926826
22,972,0.926839
672,2681,0.926859
663,2712,0.926874
798,1748,0.926906
1188,2138,0.926938
270,2319,0.926965
225,2274,0.926978
376,1326,0.926983
3,2052,0.926984
876,2885,0.926988
430,2479,0.927016
1800,2790,0.927043
1899,2849,0.927043
488,1478,0.927071
419,2468,0.927125
613,1563,0.927125
1279,2229,0.927224
1345,2295,0.927254
1083,2073,0.927255
1851,2801,0.927273
1266,2216,0.927282
978,1928,0.927305
748,1698,0.927337
862,1812,0.927354
1325,2315,0.927354
612,1562,0.927370
1715,2665,0.927380
1073,2023,0.927384
127,1117,0.927481
356,2365,0.927481
25,2074,0.927501
596,1546,0.927503
428,1378,0.927515
1147,2097,0.927525
791,2800,0.927535
366,2415,0.927598
638,1588,0.927613
1324,2314,0.927616
122,2171,0.927700
688,2737,0.927705
1120,2110,0.927777
940,2989,0.927825
1635,2585,0.927829
962,1952,0.927883
621,1571,0.927898
794,1744,0.927913
474,2483,0.927927
557,1507,0.927944
1726,2716,0.927960
496,2545,0.928029
639,1589,0.928071
887,1877,0.928072
488,2537,0.928075
870,1820,0.928084
726,2775,0.928139
404,2453,0.928146
951,2960,0.928169
1594,2544,0.928183
452,1402,0.928191
739,2788,0.928191
1389,2339,0.928192
1923,2913,0.928196
2034,2984,0.928204
1303,2253,0.928206
1316,2266,0.928213
1584,2534,0.928223
1159,2109,0.928290
1657,2607,0.928340
515,2524,0.928382
1661,2611,0.928409
727,1717,0.928450
656,2705,0.928480
563,2612,0.928500
500,1450,0.928505
1452,2402,0.928507
825,2874,0.928510
94,1044,0.928512
217,1167,0.928554
348,1298,0.928577
527,2576,0.928587
396,2405,0.928605
134,2183,0.928624
245,1235,0.928639
1044,2034,0.928644
1182,2132,0.928657
7,997,0.928666
2023,2973,0.928667
1226,2176,0.928709
1970,2920,0.928724
953,2962,0.928744
916,2925,0.928747
797,2806,0.928823
93,1043,0.928834
1151,2101,0.928975
1010,1960,0.929044
1710,2660,0.929045
1911,2861,0.929058
1041,2031,0.929068
788,2837,0.929102
54,1004,0.929152
46,1036,0.929183
494,1444,0.929186
473,1423,0.929190
951,1901,0.929236
1020,1970,0.929248
1095,2045,0.929265
1476,2426,0.929298
992,1942,0.929322
1501,2451,0.929330
507,2556,0.929335
623,2672,0.929355
1074,2024,0.929355
1707,2657,0.929367
390,1340,0.929379
646,1636,0.929384
601,1591,0.929388
518,1468,0.929389
767,2816,0.929417
20,970,0.929426
1520,2510,0.929433
568,2617,0.929566
19,969,0.929568
91,1041,0.929642
640,2689,0.929655
21,2070,0.929664
802,2851,0.929697
531,2580,0.929735
370,2419,0.929797
1776,2726,0.929827
156,1106,0.929907
848,2897,0.929924
337,1287,0.929928
196,1146,0.929938
608,2657,0.929939
776,2825,0.929954
1135,2085,0.930029
1089,2079,0.930089
80,1070,0.930093
729,1719,0.930101
5,995,0.930101
1005,1995,0.930126
601,2650,0.930128
1699,2649,0.930137
455,1405,0.930142
1468,2418,0.930178
815,1765,0.930192
817,1767,0.930202
983,1933,0.930300
721,1711,0.930305
1274,2224,0.930331
613,2662,0.930342
2011,2961,0.930345
388,1338,0.930400
615,2664,0.930449
701,2750,0.930515
443,1433,0.930533
636,1586,0.930579
375,1325,0.930672
741,2790,0.930697
88,2137,0.930759
610,2659,0.930768
199,2208,0.930800
620,1570,0.930806
818,2867,0.930834
674,1624,0.930844
1634,2584,0.930883
1505,2455,0.930907
824,2873,0.930970
1924,2914,0.930977
953,1903,0.931018
967,1957,0.931018
914,1864,0.931040
1809,2799,0.931060
625,1575,0.931080
330,1280,0.931086
397,2406,0.931097
272,1222,0.931119
1969,2959,0.931124
486,2535,0.931130
509,1459,0.931162
782,1732,0.931201
1814,2764,0.931215
380,1330,0.931255
926,2975,0.931279
735,2784,0.931413
552,1502,0.931433
69,2118,0.931458
530,1480,0.931466
216,2265,0.931472
368,2417,0.931493
1855,2805,0.931524
882,1872,0.931529
1284,2274,0.931551
660,2709,0.931561
316,1266,0.931589
1211,2161,0.931653
583,1533,0.931703
689,2738,0.931729
648,1638,0.931740
9,2058,0.931782
305,2354,0.931834
514,1464,0.931841
285,2334,0.931875
1708,2658,0.931891
800,1790,0.931918
1866,2816,0.931925
986,1936,0.931946
921,2970,0.931985
1326,2316,0.932003
1206,2196,0.932010
626,2675,0.932058
1069,2019,0.932099
1895,2845,0.932105
115,2124,0.932171
1523,2513,0.932242
1788,2738,0.932254
906,2955,0.932295
346,1296,0.932311
162,1152,0.932340
719,2728,0.932344
1712,2662,0.932386
1294,2244,0.932390
513,1463,0.932400
1320,2310,0.932401
96,2145,0.932439
369,2418,0.932450
1752,2702,0.932456
145,1095,0.932466
847,1837,0.932509
704,2753,0.932509
1162,2152,0.932521
1377,2327,0.932563
954,1904,0.932570
242,2291,0.932581
898,2947,0.932586
129,2178,0.932590
564,2613,0.932639
345,1295,0.932690
864,2913,0.932701
1360,2350,0.932723
348,2397,0.932827
215,1165,0.932863
1102,2052,0.932927
336,1286,0.932955
1371,2321,0.932973
786,1736,0.932980
824,1774,0.933031
164,1154,0.933047
752,1702,0.933067
95,2144,0.933082
721,2770,0.933099
305,1255,0.933107
1428,2378,0.933144
1675,2625,0.933172
687,1677,0.933218
1406,2396,0.933231
2016,2966,0.933319
1322,2312,0.933352
2025,2975,0.933374
1833,2783,0.933389
853,2902,0.933391
532,1482,0.933461
944,2993,0.933461
1746,2696,0.933486
801,1791,0.933508
861,1811,0.933525
172,2221,0.933546
1659,2609,0.933659
981,1931,0.933672
1072,2022,0.933676
444,2493,0.933678
1703,2653,0.933680
892,1842,0.933687
360,1350,0.933734
849,2898,0.933758
71,1021,0.933762
663,1613,0.933792
901,1851,0.933805
1040,2030,0.933819
1877,2827,0.933837
1241,2231,0.933900
1380,2330,0.934000
893,2942,0.934066
1641,2631,0.934071
692,2741,0.934105
748,2797,0.934137
923,1913,0.934171
125,1115,0.934190
202,2251,0.934224
292,2341,0.934326
871,1821,0.934371
1453,2403,0.934400
471,2480,0.934413
1821,2771,0.934427
1122,2112,0.934473
664,1614,0.934474
170,2219,0.934518
528,2577,0.934520
1698,2648,0.934547
932,2981,0.934556
188,1138,0.934564
600,1590,0.934661
807,2856,0.934671
35,2044,0.934671
1658,2608,0.934680
322,1312,0.934781
794,2803,0.934795
17,2066,0.934814
439,1389,0.935006
1568,2558,0.935030
1799,2749,0.935148
308,2357,0.935161
965,1955,0.935203
44,2093,0.935218
877,2886,0.935237
1909,2859,0.935320
1510,2460,0.935351
1755,2705,0.935357
1184,2134,0.935584
617,1567,0.935594
112,1062,0.935605
221,2270,0.935614
16,966,0.935640
143,1093,0.935642
889,2938,0.935643
311,2320,0.935680
446,2495,0.935910
373,1323,0.935923
181,1131,0.935943
1515,2465,0.935945
1059,2009,0.935954
155,1105,0.936060
544,2593,0.936162
524,2573,0.936272
360,2409,0.936337
259,1209,0.936378
106,2155,0.936410
1093,2043,0.936422
1590,2540,0.936519
1209,2199,0.936522
120,2169,0.936536
401,2450,0.936605
1480,2470,0.936632
1098,2048,0.936658
702,1652,0.936695
266,2315,0.936756
1221,2171,0.936863
1437,2387,0.936913
860,2909,0.936922
1034,1984,0.936959
667,2716,0.937053
872,1822,0.937092
1985,2935,0.937140
631,2640,0.937174
570,2619,0.937183
1332,2282,0.937204
77,2086,0.937230
257,2306,0.937234
945,1895,0.937271
72,1022,0.937300
160,2209,0.937348
693,2742,0.937374
591,2600,0.937408
1981,2931,0.937418
307,1257,0.937485
1859,2809,0.937550
255,2304,0.937630
1385,2335,0.937632
272,2281,0.937684
14,2063,0.937697
741,1691,0.937712
1180,2130,0.937736
703,2752,0.937809
194,2203,0.937814
606,2655,0.937890
565,2614,0.937908
1874,2824,0.937930
1342,2292,0.937930
141,2190,0.938041
924,1914,0.938067
545,1495,0.938127
255,1205,0.938152
1885,2875,0.938157
611,2660,0.938251
1784,2734,0.938299
49,1039,0.938446
1654,2604,0.938501
240,2289,0.938536
567,2616,0.938578
1199,2149,0.938580
1782,2732,0.938582
993,1943,0.938600
357,1307,0.938628
375,2424,0.938645
48,2097,0.938674
1502,2452,0.938682
1130,2080,0.938737
235,2244,0.938995
1980,2930,0.939011
315,2324,0.939032
157,2166,0.939087
359,1309,0.939171
727,2776,0.939221
1181,2131,0.939230
53,2102,0.939286
1824,2774,0.939292
670,2719,0.939412
83,2132,0.939436
1430,2380,0.939638
593,1543,0.939677
1807,2797,0.939740
724,2773,0.939884
702,2751,0.939922
795,1745,0.939925
248,1238,0.940016
489,1479,0.940057
1940,2890,0.940074
1164,2154,0.940109
1727,2717,0.940119
668,1618,0.940138
1579,2529,0.940155
614,2663,0.940166
549,2598,0.940288
553,2562,0.940301
699,1649,0.940316
839,1789,0.940417
1471,2421,0.940472
103,2152,0.940535
131,2180,0.940554
529,1519,0.940557
182,1132,0.940560
367,1357,0.940751
910,2959,0.940827
1559,2509,0.940897
31,981,0.940901
111,1061,0.940969
28,2077,0.940986
48,1038,0.941061
942,1892,0.941079
537,1487,0.941083
690,1640,0.941134
845,2894,0.941183
236,1186,0.941209
908,1858,0.941216
281,1271,0.941254
651,2700,0.941268
1838,2788,0.941287
1790,2740,0.941320
1612,2562,0.941330
501,2550,0.941346
456,2505,0.941380
883,1873,0.941392
1789,2739,0.941473
361,2410,0.941489
1663,2613,0.941499
1907,2857,0.941520
184,2233,0.941546
1410,2360,0.941555
1278,2228,0.941693
1862,2812,0.941719
637,1587,0.941776
449,1439,0.941840
1343,2293,0.941856
1734,2684,0.941888
302,1252,0.941908
1891,2841,0.941910
126,1116,0.942031
991,1941,0.942067
415,1365,0.942129
1193,2143,0.942150
655,1605,0.942178
642,1632,0.942239
230,1180,0.942248
324,1314,0.942332
487,2536,0.942409
1672,2622,0.942601
670,1620,0.942613
1204,2194,0.942614
1407,2397,0.942670
1950,2900,0.942699
1664,2614,0.942710
1217,2167,0.942833
1633,2583,0.942965
826,2875,0.943033
561,2610,0.943098
455,2504,0.943109
1432,2382,0.943170
1714,2664,0.943177
1356,2306,0.943236
796,1746,0.943291
277,2286,0.943340
1514,2464,0.943388
92,2141,0.943427
1477,2427,0.943500
930,1880,0.943534
475,1425,0.943551
1982,2932,0.943577
1108,2058,0.943592
1,991,0.943616
913,1863,0.943638
886,1876,0.943711
383,2432,0.943838
1160,2150,0.943878
1289,2279,0.943891
182,2231,0.943974
407,2456,0.944064
1548,2498,0.944098
365,2414,0.944120
492,2541,0.944241
424,1374,0.944297
179,1129,0.944308
1445,2435,0.944389
826,1776,0.944480
1297,2247,0.944508
1803,2793,0.944591
1224,2174,0.944700
422,2471,0.944751
526,2575,0.944767
85,1075,0.944839
364,1354,0.944895
30,2079,0.944961
695,1645,0.944988
740,1690,0.945009
1724,2714,0.945036
832,1782,0.945113
310,1260,0.945118
1017,1967,0.945159
939,2988,0.945272
840,1830,0.945282
689,1679,0.945364
1336,2286,0.945378
630,1580,0.945399
1983,2933,0.945458
1731,2681,0.945484
470,1420,0.945512
1376,2326,0.945618
1886,2876,0.945637
933,2982,0.945685
866,1816,0.945831
893,1843,0.945861
573,2622,0.945880
387,2436,0.945888
481,1471,0.945921
895,2944,0.945972
244,1234,0.946030
24,974,0.946045
1270,2220,0.946080
1487,2477,0.946106
722,2771,0.946149
968,1958,0.946162
206,1196,0.946186
589,2638,0.946195
1796,2746,0.946264
356,1306,0.946276
261,2310,0.946291
135,2184,0.946353
897,2946,0.946372
1416,2366,0.946448
910,1860,0.946488
698,1648,0.946494
679,2688,0.946504
1804,2794,0.946590
405,2454,0.946604
34,984,0.946608
1071,2021,0.946622
1769,2759,0.946629
1028,1978,0.946799
796,2805,0.946958
531,1481,0.946997
124,2173,0.947028
121,1111,0.947052
457,1407,0.947097
1459,2409,0.947112
761,1751,0.947120
1730,2680,0.947151
438,1388,0.947268
1434,2384,0.947275
249,1239,0.947346
1413,2363,0.947357
1640,2630,0.947392
714,1664,0.947400
1198,2148,0.947446
60,2109,0.947451
220,2269,0.947496
32,982,0.947543
915,1865,0.947548
1051,2001,0.947582
354,1304,0.947594
1314,2264,0.947642
658,2707,0.947829
922,1912,0.947875
246,2295,0.947884
1096,2046,0.947902
666,1616,0.947961
1608,2598,0.948014
1995,2945,0.948036
541,1491,0.948083
136,2185,0.948085
227,2276,0.948093
1836,2786,0.948125
1503,2453,0.948152
576,1526,0.948263
207,2256,0.948283
1461,2411,0.948382
17,967,0.948391
1575,2525,0.948408
858,2907,0.948468
619,1569,0.948543
976,1926,0.948550
1578,2528,0.948554
954,2963,0.948650
517,2526,0.948719
812,1762,0.948865
471,1421,0.948870
703,1653,0.948955
1785,2735,0.949063
1517,2467,0.949301
584,1534,0.949330
987,1937,0.949331
1893,2843,0.949364
787,1737,0.949406
1771,2721,0.949406
1887,2877,0.949423
842,2891,0.949554
778,1728,0.949584
1595,2545,0.949603
559,1509,0.949648
328,1318,0.949655
609,1599,0.949765
90,1040,0.949771
238,2247,0.949969
929,2978,0.949978
1576,2526,0.950105
1813,2763,0.950148
385,2434,0.950209
1690,2640,0.950282
1364,2354,0.950307
980,1930,0.950333
270,1220,0.950440
1275,2225,0.950507
226,2275,0.950514
87,1077,0.950577
1722,2712,0.950630
497,2546,0.950648
1685,2675,0.950665
724,1714,0.950685
970,1920,0.950704
478,2487,0.950766
792,2801,0.950784
2027,2977,0.950802
185,1135,0.950836
636,2645,0.950840
1283,2273,0.950851
822,2871,0.950915
867,1817,0.950926
1131,2081,0.950976
1728,2718,0.951090
766,1756,0.951134
2003,2993,0.951136
389,1339,0.951244
1196,2146,0.951265
409,1399,0.951266
113,2122,0.951412
1778,2728,0.951485
671,1621,0.951501
1671,2621,0.951508
699,2748,0.951606
390,2439,0.951668
309,2358,0.951710
638,2647,0.951927
1334,2284,0.951999
1251,2201,0.952087
634,1584,0.952136
98,2147,0.952355
391,1341,0.952361
927,1917,0.952485
498,2547,0.952667
230,2279,0.952695
1867,2817,0.952715
1735,2685,0.952836
1764,2754,0.952837
1097,2047,0.952887
282,1272,0.952902
484,2533,0.952982
774,2823,0.953097
763,1753,0.953184
674,2683,0.953297
1516,2466,0.953375
1330,2280,0.953378
1036,1986,0.953439
763,2812,0.953442
56,2105,0.953535
520,1510,0.953538
239,2248,0.953556
231,2240,0.953575
1602,2592,0.953614
774,1724,0.953795
1398,2348,0.953818
1267,2217,0.953823
100,2149,0.953984
1655,2605,0.953995
1960,2950,0.954003
404,1394,0.954014
1620,2570,0.954211
1114,2064,0.954261
651,1601,0.954293
1974,2924,0.954300
821,2870,0.954368
277,1227,0.954380
737,2786,0.954400
1484,2474,0.954426
358,2367,0.954448
1079,2029,0.954498
94,2143,0.954549
79,1029,0.954587
91,2140,0.954614
873,1823,0.954634
771,2820,0.954706
301,1251,0.954740
2,992,0.954800
88,1078,0.954848
1884,2874,0.954958
894,2943,0.954963
1490,2440,0.955232
1191,2141,0.955537
1528,2518,0.955567
450,1400,0.955626
696,2745,0.955650
425,2474,0.955671
767,1757,0.955777
187,2236,0.955835
913,2922,0.956133
117,1067,0.956203
618,2667,0.956206
214,2263,0.956239
358,1308,0.956354
918,1868,0.956623
331,1281,0.956667
764,1754,0.956806
354,2363,0.956832
1136,2086,0.956933
476,2485,0.956962
598,1548,0.957092
946,2995,0.957257
947,1897,0.957297
852,2901,0.957331
709,2758,0.957370
407,1397,0.957388
436,1386,0.957426
1,2050,0.957510
511,2520,0.957520
1942,2892,0.957729
487,1477,0.957859
1358,2308,0.957954
119,2128,0.958039
1605,2595,0.958126
103,1053,0.958153
128,1118,0.958178
1843,2833,0.958236
1815,2765,0.958261
1749,2699,0.958288
841,1831,0.958403
1779,2729,0.958529
534,2583,0.958706
243,2292,0.958758
855,1805,0.958820
1963,2953,0.958888
2015,2965,0.959128
522,1512,0.959171
145,2194,0.959239
433,2442,0.959298
717,2726,0.959378
1436,2386,0.959422
510,1460,0.959736
541,2590,0.959767
573,1523,0.959813
1652,2602,0.959855
1391,2341,0.959897
1599,2549,0.959898
67,2116,0.960036
372,2421,0.960161
306,1256,0.960174
1374,2324,0.960259
234,1184,0.960356
1473,2423,0.960384
2014,2964,0.960517
1988,2938,0.960535
1253,2203,0.960584
1091,2041,0.960739
821,1771,0.960794
1208,2198,0.961003
63,1013,0.961072
1901,2851,0.961136
1227,2177,0.961137
1019,1969,0.961353
318,2327,0.961500
1439,2389,0.961533
4,2053,0.961536
298,1248,0.961538
678,2687,0.961750
804,2853,0.962018
362,2411,0.962109
532,2581,0.962231
1644,2634,0.962258
1420,2370,0.962313
1794,2744,0.962466
185,2234,0.962549
610,1560,0.962552
926,1916,0.962608
1249,2239,0.962656
1152,2102,0.962675
2002,2992,0.962778
622,1572,0.962796
912,2921,0.962809
1495,2445,0.963055
233,1183,0.963090
1492,2442,0.963213
472,1422,0.963228
1218,2168,0.963308
736,1686,0.963312
982,1932,0.963363
1061,2011,0.963413
174,2223,0.963496
1261,2211,0.963798
371,1321,0.963910
523,1513,0.963979
1186,2136,0.964199
1844,2834,0.964247
1155,2105,0.964263
480,1470,0.964297
167,2216,0.964352
1910,2860,0.964391
819,1769,0.964515
1754,2704,0.964593
1984,2934,0.964796
101,2150,0.965167
718,2727,0.965464
268,1218,0.965486
1269,2219,0.965523
1372,2322,0.965596
67,1017,0.965626
1134,2084,0.965657
723,1713,0.965826
122,1112,0.965928
1140,2090,0.966015
1747,2697,0.966017
1563,2553,0.966078
1357,2307,0.966103
190,1140,0.966120
114,1064,0.966150
864,1814,0.966155
751,2760,0.966423
104,1054,0.966548
1546,2496,0.966677
211,1161,0.967010
777,1727,0.967031
1914,2864,0.967155
1512,2462,0.967165
646,2695,0.967256
752,2761,0.967267
723,2772,0.967345
1978,2928,0.967346
306,2355,0.967366
138,2187,0.967404
1565,2555,0.967406
676,2685,0.967408
460,1410,0.967451
546,1496,0.967508
176,2225,0.967527
276,2285,0.967753
1369,2359,0.967858
799,1749,0.967972
744,1694,0.968256
27,977,0.968280
623,1573,0.968359
338,2387,0.968395
410,2459,0.968432
389,2438,0.968579
77,1027,0.968604
244,2293,0.968696
1669,2619,0.968791
418,1368,0.968845
911,2920,0.968913
235,1185,0.968921
621,2670,0.969015
15,2064,0.969069
279,1229,0.969168
830,2879,0.969179
1706,2656,0.969257
351,1301,0.969354
1212,2162,0.969358
890,1840,0.969437
1737,2687,0.969440
624,1574,0.969461
530,2579,0.969481
1092,2042,0.969611
1761,2751,0.969658
253,2302,0.969878
940,1890,0.969908
1526,2516,0.969912
61,1011,0.969912
420,2469,0.969917
653,1603,0.969960
1143,2093,0.970022
223,1173,0.970072
1580,2530,0.970263
301,2350,0.970330
629,2678,0.970418
60,1010,0.970499
1497,2447,0.970794
665,1615,0.970813
1920,2910,0.971051
514,2523,0.971080
1589,2539,0.971107
189,2238,0.971188
43,1033,0.971275
167,1157,0.971311
1344,2294,0.971468
1485,2475,0.971516
1402,2392,0.971631
398,1348,0.971716
862,2911,0.971723
508,1458,0.971809
52,1002,0.971970
1176,2126,0.972066
1544,2494,0.972450
759,1709,0.972666
536,2585,0.972760
1537,2487,0.972984
166,2215,0.973108
1614,2564,0.973114
897,1847,0.973239
495,1445,0.973577
959,1909,0.973845
975,1925,0.973965
1857,2807,0.974084
811,1761,0.974281
1971,2921,0.974294
1508,2458,0.974539
1049,2039,0.974566
571,1521,0.974650
789,2838,0.974713
386,2435,0.974717
189,1139,0.974799
494,2543,0.975150
881,2930,0.975155
872,2881,0.975236
1341,2291,0.975338
647,2696,0.975366
224,2273,0.975367
445,2494,0.975416
1002,1992,0.975446
1118,2068,0.975539
611,1561,0.975606
261,1211,0.975637
251,2300,0.975642
903,1853,0.975997
708,1658,0.976071
93,2142,0.976300
880,1870,0.976316
383,1333,0.976321
513,2522,0.976598
662,1612,0.976601
1656,2606,0.976730
287,1277,0.976748
1213,2163,0.976871
1259,2209,0.977006
1254,2204,0.977044
56,1006,0.977300
1647,2637,0.977452
1351,2301,0.977469
789,1739,0.977570
1215,2165,0.977724
1758,2708,0.977830
345,2394,0.977832
854,2903,0.978004
579,1529,0.978161
381,1331,0.978345
1178,2128,0.978529
731,1681,0.978865
765,1755,0.979240
1081,2071,0.979245
226,1176,0.979259
1720,2710,0.979476
209,1199,0.979894
20,2069,0.980047
1994,2944,0.980151
147,2196,0.980197
1197,2147,0.980358
29,979,0.980476
388,2437,0.980527
1350,2300,0.980628
582,1532,0.980728
931,2980,0.980839
751,1701,0.980881
1930,2880,0.980900
1321,2311,0.981438
248,2297,0.981458
1583,2533,0.981536
129,1119,0.981562
753,2762,0.981585
86,2135,0.981639
479,1429,0.981658
1296,2246,0.981803
70,1020,0.981810
457,2506,0.981839
200,1190,0.982046
294,2343,0.982076
472,2481,0.982119
42,2091,0.982142
1104,2054,0.982284
1637,2587,0.982362
1768,2758,0.982521
952,1902,0.982558
262,1212,0.982609
762,2811,0.982761
186,2235,0.982879
1682,2672,0.982882
892,2941,0.983068
264,1214,0.983114
136,1086,0.983171
506,1456,0.983247
827,2876,0.983612
1631,2581,0.983662
1816,2766,0.983794
293,1243,0.984116
1850,2800,0.984128
74,1024,0.984152
1922,2912,0.984201
549,1499,0.984279
793,2802,0.984424
799,2808,0.984604
263,1213,0.984672
1277,2227,0.985039
906,1856,0.985216
35,985,0.985425
282,2331,0.985672
866,2915,0.985692
219,2268,0.985697
1876,2826,0.985764
384,1334,0.985841
657,2706,0.985978
641,2690,0.986156
462,2511,0.986165
76,1026,0.986227
688,1678,0.986292
766,2815,0.986294
905,2954,0.986303
749,2798,0.986322
900,2949,0.986585
834,1784,0.986615
278,2287,0.986684
1013,1963,0.986701
858,1808,0.986761
116,1066,0.986893
44,1034,0.987072
649,2698,0.987149
576,2625,0.987428
1174,2124,0.987631
1683,2673,0.987671
1765,2755,0.987771
830,1780,0.987785
205,1195,0.988011
1825,2775,0.988206
678,1628,0.988383
1871,2821,0.988622
925,2974,0.988797
485,1475,0.988826
415,2464,0.989114
442,2491,0.989176
1035,1985,0.989200
1543,2493,0.989319
1173,2123,0.989597
1622,2572,0.989636
1384,2334,0.989740
198,1148,0.989772
1954,2904,0.989778
320,2369,0.989861
1545,2495,0.989923
86,1076,0.990036
768,2817,0.990046
262,2311,0.990094
50,2099,0.990101
1000,1990,0.990113
712,1662,0.990245
368,1358,0.990356
856,1806,0.990754
1404,2394,0.990793
772,1722,0.990898
783,1733,0.990913
1759,2709,0.990933
6,2055,0.991000
620,2669,0.991271
1650,2600,0.991406
350,2399,0.991420
66,2115,0.991443
12,962,0.991462
1839,2789,0.991485
464,2513,0.991641
1435,2385,0.991691
1630,2580,0.991781
666,2715,0.991794
33,983,0.991835
1090,2040,0.991992
380,2429,0.992166
894,1844,0.992166
215,2264,0.992244
594,1544,0.992404
80,2129,0.992480
587,1537,0.992517
125,2174,0.992596
174,1124,0.992782
58,1008,0.992890
435,1385,0.993011
1615,2565,0.993067
1309,2259,0.993099
1109,2059,0.993148
448,2497,0.993397
928,1918,0.993472
525,2574,0.993483
2020,2970,0.993743
177,1127,0.993864
139,2188,0.994378
370,1320,0.994469
1729,2719,0.994606
55,2104,0.994852
10,960,0.994985
1688,2678,0.995044
649,1639,0.995137
295,1245,0.995261
327,2376,0.995411
1033,1983,0.995599
332,2381,0.995779
322,2371,0.996202
289,1279,0.996308
626,1576,0.996426
483,2532,0.996568
948,1898,0.996680
1244,2234,0.996730
2007,2997,0.996978
198,2207,0.997000
1400,2390,0.997017
321,1311,0.997112
1470,2420,0.997349
720,1710,0.997415
677,1627,0.997455
947,2996,0.997579
405,1395,0.997607
1347,2297,0.997759
686,2735,0.998269
603,2652,0.998446
516,2525,0.998607
313,2322,0.998767
641,1631,0.998866
377,1327,0.998965
1132,2082,0.999328
183,2232,0.999329
548,2597,0.999586
363,1353,0.999812
466,1416,0.999826
1282,2272,0.999974
949,1899,1.000276
126,2175,1.000495
201,1191,1.000657
155,2164,1.000897
1469,2419,1.001347
682,2731,1.001483
1678,2628,1.001529
115,1065,1.001679
57,1007,1.001709
137,1087,1.001748
966,1956,1.001906
431,2440,1.001943
1989,2939,1.001955
1686,2676,1.001997
1222,2172,1.002072
1422,2372,1.002168
1411,2361,1.002285
739,1689,1.002379
109,2158,1.002421
704,1654,1.002440
483,1473,1.002470
1600,2590,1.002612
362,1352,1.002790
543,2592,1.002798
1440,2430,1.002841
816,2865,1.002848
219,1169,1.002851
200,2249,1.003626
83,1073,1.004567
39,2048,1.004582
466,2515,1.004594
1542,2492,1.004662
1732,2682,1.004856
156,2165,1.004899
159,2168,1.005139
1518,2468,1.005196
1808,2798,1.005215
880,2929,1.005240
467,2516,1.005248
1702,2652,1.005408
76,2085,1.005790
710,2759,1.005954
835,1785,1.006000
1504,2454,1.006376
876,1826,1.006945
299,2348,1.007070
233,2242,1.007298
1084,2074,1.007314
891,1841,1.007431
1521,2511,1.007444
562,1552,1.007526
685,2734,1.007531
1397,2347,1.007603
1529,2519,1.007678
614,1564,1.007776
793,1743,1.008493
1128,2118,1.008557
1500,2450,1.008725
414,1364,1.008733
151,1101,1.008806
111,2120,1.008877
985,1935,1.009088
1837,2787,1.009129
743,2792,1.009384
442,1432,1.009473
416,1366,1.009581
1832,2782,1.009878
923,2972,1.009967
251,1201,1.010652
38,988,1.010785
1464,2414,1.010975
303,1253,1.011104
560,2609,1.011200
1904,2854,1.011274
844,1834,1.011565
1189,2139,1.011739
1255,2205,1.011974
443,2492,1.012138
371,2420,1.012248
813,1763,1.012448
605,2654,1.012657
243,1233,1.012701
715,1665,1.012710
171,2220,1.012801
847,2896,1.012852
173,2222,1.013048
772,2821,1.013063
59,2108,1.013154
1323,2313,1.013408
1286,2276,1.013425
393,1343,1.013574
579,2628,1.013672
823,1773,1.013771
844,2893,1.013948
838,2847,1.013950
1873,2823,1.013980
334,2383,1.014160
652,1602,1.014176
1896,2846,1.014339
504,2553,1.014645
833,1783,1.014953
810,2859,1.015096
353,1303,1.015364
618,1568,1.015418
246,1236,1.015652
1831,2781,1.016349
1665,2615,1.016358
312,1262,1.016563
822,1772,1.016702
683,2732,1.017384
749,1699,1.017415
538,2587,1.017455
413,2462,1.018124
386,1336,1.018203
1881,2871,1.018293
577,1527,1.018629
1772,2722,1.018643
1129,2119,1.018865
1087,2077,1.019049
312,2321,1.019285
1861,2811,1.019354
112,2121,1.019406
149,1099,1.019807
955,2964,1.019872
1037,1987,1.020048
1163,2153,1.020602
293,2342,1.020650
151,2160,1.021021
1949,2899,1.021135
1399,2349,1.021246
479,2488,1.021376
589,1539,1.021390
761,2810,1.021455
627,1577,1.021494
1591,2541,1.021557
1625,2575,1.021707
1478,2428,1.021858
139,1089,1.021950
957,2966,1.021978
108,1058,1.022075
1819,2769,1.022203
884,1874,1.022294
1947,2897,1.022689
1462,2412,1.023189
163,1153,1.023214
326,2375,1.023330
2024,2974,1.023420
96,1046,1.023697
958,2967,1.024135
1058,2008,1.024260
1444,2434,1.024344
5,2054,1.024346
757,1707,1.024411
925,1915,1.024965
941,2990,1.025143
1624,2574,1.025156
725,2774,1.025310
1068,2018,1.025362
837,1787,1.025363
489,2538,1.026098
1636,2586,1.026495
1996,2946,1.026528
918,2927,1.026868
84,1074,1.027457
495,2544,1.027561
213,1163,1.027595
1313,2263,1.027682
508,2557,1.027707
896,2945,1.027777
570,1520,1.028197
57,2106,1.028867
896,1846,1.028981
163,2212,1.029108
456,1406,1.029261
1787,2737,1.029484
1972,2922,1.029533
899,1849,1.029689
107,1057,1.031349
249,2298,1.031668
469,2518,1.032099
452,2501,1.032185
544,1494,1.032190
1142,2092,1.032221
814,1764,1.032281
803,2852,1.032327
890,2939,1.032715
1662,2612,1.032755
1200,2190,1.032831
394,2403,1.033243
1979,2929,1.033569
808,2857,1.033610
120,1110,1.034136
2012,2962,1.034354
675,1625,1.034517
1121,2111,1.034755
1627,2577,1.035147
470,2519,1.035201
1457,2407,1.035383
396,1346,1.035469
899,2948,1.035598
473,2482,1.035604
1295,2245,1.035816
1610,2560,1.036117
128,2177,1.036364
211,2260,1.036472
935,2984,1.036885
280,2329,1.036985
764,2813,1.037064
1305,2255,1.037679
300,2349,1.038179
332,1282,1.038248
745,1695,1.038557
713,2722,1.038559
39,989,1.038586
746,2795,1.039528
1860,2810,1.039638
653,2702,1.039742
734,1684,1.039750
1105,2055,1.040145
1080,2070,1.040571
1210,2160,1.040870
648,2697,1.041139
1401,2391,1.041391
1840,2830,1.041758
1601,2591,1.041837
258,2307,1.041930
1382,2332,1.042047
1475,2425,1.042299
493,1443,1.043030
1540,2490,1.043471
304,2353,1.043714
1668,2618,1.044062
1530,2480,1.044266
1361,2351,1.044357
1642,2632,1.044480
218,1168,1.045174
170,1120,1.045362
1100,2050,1.045524
521,1511,1.045864
1027,1977,1.045979
733,1683,1.046344
278,1228,1.046719
1694,2644,1.046906
252,1202,1.047129
1317,2267,1.047223
1573,2523,1.047877
273,1223,1.047878
74,2083,1.047902
562,2611,1.047998
1110,2060,1.048007
1219,2169,1.048030
1063,2013,1.048294
584,2633,1.048372
210,2259,1.048535
1674,2624,1.048729
142,1092,1.048737
553,1503,1.049158
144,1094,1.049288
40,2089,1.049424
1553,2503,1.049748
501,1451,1.050216
713,1663,1.050265
321,2370,1.050285
1112,2062,1.050351
3,993,1.050470
654,1604,1.050654
1414,2364,1.050733
773,1723,1.050837
1606,2596,1.051063
517,1467,1.051132
1966,2956,1.051219
1117,2067,1.051291
863,1813,1.051310
221,1171,1.051334
771,1721,1.051786
379,2428,1.052108
227,1177,1.052491
392,2401,1.052719
1684,2674,1.052783
64,2113,1.052836
143,2192,1.052845
229,1179,1.053230
736,2785,1.053239
208,2257,1.053536
131,1081,1.053737
998,1948,1.053976
661,2710,1.054317
590,1540,1.054757
214,1164,1.054831
1268,2218,1.055291
1968,2958,1.055787
2033,2983,1.056100
787,2836,1.056621
582,2631,1.056773
934,1884,1.056874
422,1372,1.057266
606,1596,1.057345
831,1781,1.057511
175,2224,1.057515
461,2510,1.057650
1775,2725,1.057682
728,1718,1.057917
1124,2114,1.058856
33,2042,1.059026
833,2842,1.059389
1696,2646,1.059791
681,2730,1.059882
1137,2087,1.060517
1054,2004,1.060986
871,2880,1.061744
69,1019,1.061785
1806,2796,1.061921
1959,2909,1.061946
68,1018,1.062771
29,2078,1.063412
285,1275,1.063486
1961,2951,1.063724
40,1030,1.063774
994,1944,1.063874
806,1796,1.063987
574,2623,1.064807
842,1832,1.065348
1975,2925,1.065368
555,2564,1.065430
72,2081,1.065460
210,1160,1.066466
566,1556,1.066571
1458,2408,1.066651
921,1911,1.066746
288,2337,1.066812
684,1674,1.066976
239,1189,1.066981
999,1949,1.067680
567,1557,1.067762
1133,2083,1.067913
856,2905,1.068260
134,1084,1.068277
1713,2663,1.068534
832,2841,1.068696
1817,2767,1.069862
1538,2488,1.070070
1763,2753,1.070232
1115,2065,1.070259
440,2489,1.070270
21,971,1.070641
644,1634,1.071306
647,1637,1.071320
870,2919,1.071594
588,1538,1.071645
917,1867,1.071908
848,1838,1.071947
480,2529,1.072533
342,2391,1.072854
141,1091,1.073302
1331,2281,1.073507
1194,2144,1.073882
431,1381,1.074047
1681,2671,1.074238
750,1700,1.074502
1571,2521,1.074825
384,2433,1.075043
1298,2248,1.075785
1704,2654,1.075996
607,2656,1.076085
673,2682,1.076121
1333,2283,1.076808
1011,1961,1.076895
337,2386,1.076951
1552,2502,1.077206
165,2214,1.077640
228,2277,1.077930
1841,2831,1.078078
1849,2839,1.078710
715,2724,1.078809
99,1049,1.079210
31,2040,1.079273
1223,2173,1.079281
275,1225,1.079498
785,1735,1.079706
503,1453,1.079790
1951,2901,1.079955
1991,2941,1.080631
2019,2969,1.080999
1446,2436,1.081344
738,2787,1.082142
875,2884,1.082252
236,2245,1.082682
1056,2006,1.082863
955,1905,1.083576
264,2313,1.084205
586,2635,1.084218
1030,1980,1.084459
382,2431,1.084833
201,2250,1.084976
298,2347,1.085506
548,1498,1.085670
707,1657,1.085963
1409,2399,1.086721
941,1891,1.087227
430,1380,1.087572
989,1939,1.088178
1509,2459,1.089138
481,2530,1.089276
920,1910,1.089635
283,1273,1.090308
1550,2500,1.090713
224,1174,1.090740
1366,2356,1.090759
836,2845,1.090964
814,2863,1.090998
1564,2554,1.091807
1373,2323,1.091958
1990,2940,1.092038
2028,2978,1.092047
317,2326,1.093574
1368,2358,1.093739
948,2997,1.093849
1392,2342,1.094082
1156,2106,1.094954
943,2992,1.095295
349,1299,1.095493
426,1376,1.095678
1811,2761,1.096551
26,976,1.096753
595,1545,1.096853
617,2666,1.097695
974,1924,1.098130
1566,2556,1.098631
374,1324,1.098673
665,2714,1.100244
1451,2401,1.101312
1329,2319,1.101768
578,1528,1.101933
1547,2497,1.102702
1945,2895,1.102755
705,1655,1.103309
946,1896,1.103345
1797,2747,1.103398
1705,2655,1.104395
1386,2336,1.104447
1456,2406,1.105324
691,2740,1.105517
64,1014,1.105961
805,1795,1.107711
700,1650,1.107862
592,2601,1.108074
97,2146,1.108154
363,2412,1.109654
809,2858,1.109723
1733,2683,1.109968
459,1409,1.110136
776,1726,1.110629
709,1659,1.111016
0,990,1.111188
1301,2251,1.111189
27,2076,1.111213
881,1871,1.112638
283,2332,1.112668
654,2703,1.113360
1412,2362,1.113376
859,1809,1.113938
669,2718,1.113963
241,1231,1.114342
1394,2344,1.114760
1099,2049,1.116210
242,1232,1.118156
571,2620,1.118162
172,1122,1.120345
682,1672,1.120358
734,2783,1.120418
1894,2844,1.120562
612,2661,1.120858
1232,2182,1.120895
755,1705,1.121556
1740,2690,1.121676
102,2151,1.121898
1742,2692,1.121959
85,2134,1.122548
969,1959,1.122729
412,2461,1.122830
1619,2569,1.123041
1679,2629,1.123369
203,2252,1.123553
267,1217,1.123761
1918,2868,1.123977
110,2159,1.124070
1902,2852,1.124194
65,2114,1.124345
882,2931,1.124680
1532,2482,1.124812
950,2999,1.124867
659,2708,1.125987
661,1611,1.126251
565,1555,1.126445
791,1741,1.126774
1653,2603,1.127374
123,2172,1.128940
1827,2777,1.129082
491,1441,1.129357
286,2335,1.129538
195,2204,1.130022
152,1102,1.130146
8,998,1.130466
1812,2762,1.130888
803,1793,1.130914
444,1434,1.130945
515,1465,1.130973
1230,2180,1.131174
547,2596,1.131766
659,1609,1.131852
13,963,1.132576
1187,2137,1.132917
1628,2578,1.133692
632,1582,1.134360
817,2866,1.135411
1823,2773,1.136043
1441,2431,1.136048
1519,2469,1.136147
1666,2616,1.136300
346,2395,1.136542
1883,2873,1.136990
406,2455,1.137040
1238,2188,1.138005
912,1862,1.138078
1611,2561,1.138977
273,2282,1.139283
98,1048,1.139792
1025,1975,1.140378
208,1198,1.141064
1667,2617,1.141180
680,1670,1.141368
1307,2257,1.141585
560,1550,1.141731
558,1508,1.142012
234,2243,1.142057
1535,2485,1.144401
1088,2078,1.144946
440,1430,1.145101
936,1886,1.145102
1967,2957,1.147124
395,2404,1.147272
574,1524,1.147416
36,2045,1.147901
931,1881,1.148836
664,2713,1.148878
1243,2233,1.149130
485,2534,1.149494
650,2699,1.149699
990,1940,1.149791
2029,2979,1.150416
546,2595,1.150867
510,2559,1.151103
351,2360,1.152045
1281,2271,1.152392
269,2318,1.152972
165,1155,1.153059
106,1056,1.153294
616,1566,1.155174
437,2446,1.155896
550,1500,1.156050
1126,2116,1.156503
1676,2626,1.157278
137,2186,1.157496
1739,2689,1.157519
575,2624,1.158317
421,1371,1.158630
1234,2184,1.158983
788,1738,1.159229
1032,1982,1.159596
280,1270,1.159926
904,2953,1.160331
448,1438,1.160996
45,1035,1.162041
52,2101,1.162648
679,1629,1.164304
1483,2473,1.165195
1697,2647,1.165330
490,2539,1.165561
307,2356,1.166465
408,2457,1.167936
861,2910,1.167995
1247,2237,1.168819
922,2971,1.169723
849,1839,1.170645
1265,2215,1.170815
1822,2772,1.172627
956,2965,1.172803
341,2390,1.173213
705,2754,1.173285
932,1882,1.173640
509,2558,1.173846
256,2305,1.174563
744,2793,1.175305
902,2951,1.175642
758,2767,1.175651
392,1342,1.176351
410,1360,1.177443
720,2769,1.179556
146,1096,1.179871
144,2193,1.179920
1596,2546,1.180958
127,2176,1.181157
50,1000,1.181604
199,1149,1.181766
1427,2377,1.181864
1750,2700,1.182668
347,1297,1.185375
1116,2066,1.186364
523,2572,1.187942
55,1005,1.189418
61,2110,1.190320
304,1254,1.190693
1638,2588,1.191562
8,2057,1.191714
254,2303,1.191883
1339,2289,1.192049
1465,2415,1.192292
135,1085,1.193472
850,2899,1.194118
1879,2829,1.194474
197,2206,1.195738
1003,1993,1.197216
1260,2210,1.197297
325,2374,1.197974
1022,1972,1.198311
1302,2252,1.198756
478,1428,1.202101
11,961,1.203436
271,2280,1.203779
1770,2720,1.203788
451,2500,1.204075
781,2830,1.204360
1060,2010,1.204588
341,1291,1.205534
339,1289,1.205685
884,2933,1.205721
558,2567,1.205880
851,1801,1.207303
1643,2633,1.207762
516,1466,1.209780
536,1486,1.211355
296,1246,1.211545
340,2389,1.211726
737,1687,1.212339
1845,2835,1.212532
1185,2135,1.212629
41,1031,1.212741
107,2156,1.212874
154,2163,1.213365
758,1708,1.215632
779,2828,1.216379
13,2062,1.216857
1865,2815,1.217484
411,1361,1.218564
797,1747,1.218727
1598,2548,1.219608
265,1215,1.219747
482,1472,1.220342
118,1068,1.220878
1916,2866,1.221372
1195,2145,1.221884
11,2060,1.222720
1892,2842,1.222799
857,1807,1.224091
181,2230,1.224887
539,2588,1.225621
377,2426,1.226413
225,1175,1.227138
30,980,1.228456
677,2686,1.229303
645,1635,1.229582
887,2936,1.230873
149,2198,1.231159
1609,2599,1.232182
1499,2449,1.232255
590,2639,1.232589
1101,2051,1.232619
266,1216,1.232647
447,1437,1.234742
628,1578,1.236728
997,1947,1.238013
1312,2262,1.238516
369,1359,1.239660
1507,2457,1.240681
635,2644,1.241311
99,2148,1.241539
783,2832,1.242431
2017,2967,1.242741
140,2189,1.243950
518,2527,1.244188
78,1028,1.245021
1026,1976,1.247737
1158,2108,1.248524
762,1752,1.249388
1045,2035,1.252333
1138,2088,1.253450
338,1288,1.254180
37,2046,1.254716
1355,2305,1.255257
639,2648,1.255821
581,2630,1.256534
1570,2520,1.256542
82,1072,1.259471
1353,2303,1.260638
1367,2357,1.263818
1744,2694,1.265267
2008,2998,1.267990
438,2447,1.268176
1560,2550,1.268639
1157,2107,1.269161
284,2333,1.269175
775,1725,1.269211
792,1742,1.269688
1648,2638,1.271061
1793,2743,1.271611
1169,2159,1.271744
904,1854,1.275669
1171,2121,1.276597
1748,2698,1.277714
512,1462,1.277940
195,1145,1.279616
237,1187,1.280524
656,1606,1.282262
468,2517,1.283316
1498,2448,1.286312
1536,2486,1.286465
374,2423,1.286606
888,2937,1.289155
902,1852,1.291687
851,2900,1.293924
608,1598,1.294559
1335,2285,1.294620
609,2658,1.294647
973,1923,1.295757
919,1869,1.296051
1429,2379,1.296657
1166,2156,1.297683
1939,2889,1.297908
1937,2887,1.298618
400,2449,1.299807
247,1237,1.301968
89,2138,1.303347
1917,2867,1.304341
988,1938,1.305552
1863,2813,1.311222
71,2080,1.311666
1442,2432,1.312237
1716,2666,1.313940
318,1268,1.315433
2009,2999,1.315539
537,2586,1.315774
464,1414,1.317696
209,2258,1.319964
828,1778,1.320868
1285,2275,1.321491
453,2502,1.322852
462,1412,1.323556
829,1779,1.325171
197,1147,1.325532
1338,2288,1.325667
294,1244,1.326898
1626,2576,1.328019
1848,2838,1.329822
177,2226,1.331050
1431,2381,1.332934
349,2398,1.333328
1864,2814,1.333705
747,1697,1.334617
591,1541,1.335054
859,2908,1.336179
1001,1991,1.337573
419,1369,1.338372
929,1919,1.339904
1479,2429,1.340773
1046,2036,1.342822
378,2427,1.345470
687,2736,1.349028
1050,2000,1.350202
169,1159,1.350672
707,2756,1.356197
343,1293,1.357338
634,2643,1.358603
1936,2886,1.360636
952,2961,1.362390
1680,2670,1.362729
759,2768,1.362845
1229,2179,1.363217
324,2373,1.364387
607,1597,1.366273
1913,2863,1.372285
706,2755,1.373272
735,1685,1.373553
1835,2785,1.376410
521,2570,1.376695
150,1100,1.377818
205,2254,1.380015
825,1775,1.381485
97,1047,1.385922
1257,2207,1.391396
28,978,1.396036
755,2764,1.396432
538,1488,1.397339
1048,2038,1.399331
540,1490,1.400962
522,2571,1.401797
319,1269,1.406186
719,1669,1.409414
315,1265,1.413690
1719,2669,1.416325
834,2843,1.419730
874,2883,1.419984
180,2229,1.422066
660,1610,1.422876
690,2739,1.427127
250,1200,1.431501
1992,2942,1.431919
296,2345,1.433808
760,1750,1.435184
1310,2260,1.438171
1695,2645,1.439343
1795,2745,1.440174
1820,2770,1.440461
281,2330,1.442051
463,1413,1.442341
831,2840,1.442939
402,2451,1.450522
1767,2757,1.450690
393,2402,1.450701
1941,2891,1.454817
1363,2353,1.461697
972,1922,1.465298
1170,2120,1.468264
196,2205,1.470743
1242,2232,1.472580
535,1485,1.474768
778,2827,1.477537
434,1384,1.477874
853,1803,1.483550
1551,2501,1.484116
1354,2304,1.484329
87,2136,1.484909
806,2855,1.493537
637,2646,1.504484
268,2317,1.512342
81,1071,1.522691
1482,2472,1.523562
631,1581,1.528668
12,2061,1.531409
394,1344,1.533455
1245,2235,1.533539
1141,2091,1.533929
944,1894,1.537930
1651,2601,1.538469
152,2161,1.542285
662,2711,1.545373
222,1172,1.547732
732,1682,1.549358
366,1356,1.555462
804,1794,1.570213
2032,2982,1.583845
84,2133,1.594930
903,2952,1.595369
1426,2376,1.597857
1454,2404,1.600037
916,1866,1.619462
493,2542,1.645033
53,1003,1.649698
563,1553,1.653612
1113,2063,1.656772
1623,2573,1.659177
1964,2954,1.664091
25,975,1.722919
465,2514,1.729996
1435,1554,5.458029
1448,1567,5.458030
2314,2433,5.458030
2327,2446,5.458030
1501,1620,5.458031
141,260,5.458031
2261,2380,5.458031
954,1073,5.458032
88,207,5.458032
2380,2499,5.458033
1554,1673,5.458033
2208,2327,5.458033
194,313,5.458033
1714,1833,5.458033
901,1020,5.458033
1727,1846,5.458035
2474,2593,5.458035
2487,2606,5.458035
2195,2314,5.458035
75,194,5.458036
967,1086,5.458036
248,367,5.458036
1567,1686,5.458036
235,354,5.458037
2142,2261,5.458038
1008,1127,5.458038
1661,1780,5.458038
995,1114,5.458038
2433,2552,5.458038
1755,1874,5.458039
2515,2634,5.458039
848,967,5.458039
2089,2208,5.458039
207,326,5.458040
276,395,5.458040
1768,1887,5.458040
22,141,5.458042
1620,1739,5.458042
1743,1862,5.458042
688,807,5.458043
983,1102,5.458043
2421,2540,5.458043
1036,1155,5.458044
211,330,5.458045
2540,2659,5.458045
1780,1899,5.458045
2528,2647,5.458045
741,860,5.458045
2503,2622,5.458045
223,342,5.458046
301,420,5.458047
1718,1837,5.458047
1020,1139,5.458047
2450,2569,5.458047
182,301,5.458047
2446,2565,5.458048
835,954,5.458048
1608,1727,5.458048
88,2968,5.458048
2462,2581,5.458048
971,1090,5.458049
794,913,5.458049
958,1077,5.458049
942,1061,5.458050
1702,1821,5.458050
2425,2544,5.458050
1673,1792,5.458050
186,305,5.458050
893,1012,5.458051
1061,1180,5.458051
1796,1915,5.458052
260,379,5.458052
289,408,5.458052
1690,1809,5.458053
108,227,5.458054
2478,2597,5.458054
2360,2519,5.458054
807,926,5.458054
1600,1759,5.458055
75,2955,5.458055
264,383,5.458055
815,934,5.458057
1821,1940,5.458057
2368,2487,5.458057
1653,1772,5.458058
133,252,5.458058
198,317,5.458058
2282,2401,5.458059
30,149,5.458059
782,901,5.458059
1665,1784,5.458060
930,1049,5.458060
737,856,5.458061
1575,1694,5.458061
22,2902,5.458062
860,979,5.458062
1686,1805,5.458062
2499,2618,5.458062
1595,1714,5.458062
1731,1850,5.458062
1522,1641,5.458062
2347,2466,5.458062
1833,1952,5.458064
946,1065,5.458064
1444,1563,5.458065
659,778,5.458065
71,2951,5.458065
1049,1168,5.458065
129,248,5.458065
2593,2712,5.458065
868,987,5.458066
1366,1485,5.458066
1073,1192,5.458066
170,289,5.458067
2204,2323,5.458067
2849,2968,5.458067
2556,2675,5.458067
2113,2232,5.458068
2581,2700,5.458068
840,999,5.458070
354,473,5.458070
2437,2556,5.458070
1497,1616,5.458070
2269,2388,5.458070
889,1008,5.458071
2191,2310,5.458071
729,848,5.458071
2820,2939,5.458071
2409,2528,5.458071
913,1032,5.458072
313,432,5.458072
2836,2955,5.458072
1649,1768,5.458073
121,240,5.458073
55,174,5.458073
2372,2491,5.458075
239,358,5.458075
1024,1143,5.458075
528,647,5.458075
905,1024,5.458075
450,569,5.458075
790,909,5.458075
2742,2861,5.458075
1197,1316,5.458076
2035,2154,5.458076
1904,2023,5.458077
2355,2474,5.458077
1288,1407,5.458077
2611,2730,5.458078
18,2898,5.458078
1739,1858,5.458078
1114,1233,5.458078
1542,1661,5.458079
359,478,5.458079
581,700,5.458079
1275,1394,5.458080
96,2976,5.458081
1066,1185,5.458081
2873,2992,5.458082
43,162,5.458082
34,153,5.458082
2552,2671,5.458082
1773,1892,5.458082
1677,1796,5.458083
2413,2532,5.458084
716,835,5.458084
2480,2639,5.458084
342,461,5.458085
1982,2101,5.458085
926,1045,5.458085
1809,1928,5.458085
1587,1706,5.458085
228,347,5.458086
606,725,5.458086
2126,2245,5.458086
762,881,5.458087
935,1054,5.458088
47,166,5.458088
1642,1761,5.458090
2491,2610,5.458090
116,235,5.458090
2689,2808,5.458091
2389,2508,5.458091
2335,2454,5.458092
1419,1538,5.458092
1874,1993,5.458092
97,216,5.458093
317,436,5.458093
684,803,5.458093
145,264,5.458094
917,1036,5.458094
804,923,5.458094
1846,1965,5.458095
80,239,5.458095
1086,1205,5.458095
1551,1670,5.458095
100,219,5.458096
1353,1472,5.458096
663,782,5.458096
2258,2377,5.458096
437,556,5.458097
1706,1825,5.458097
85,2965,5.458097
1612,1731,5.458098
1489,1608,5.458098
712,831,5.458098
713,832,5.458098
1420,1539,5.458099
2606,2725,5.458099
876,995,5.458099
1792,1911,5.458099
2127,2246,5.458099
326,445,5.458100
2302,2421,5.458100
2874,2993,5.458100
582,701,5.458101
1289,1408,5.458101
157,276,5.458102
2036,2155,5.458102
979,1098,5.458102
2743,2862,5.458103
1144,1263,5.458103
1628,1747,5.458103
1509,1628,5.458104
451,570,5.458104
1636,1755,5.458105
2294,2413,5.458105
1198,1317,5.458105
2396,2515,5.458105
84,2964,5.458106
153,272,5.458107
2060,2179,5.458107
1905,2024,5.458107
1431,1550,5.458107
241,360,5.458108
610,729,5.458108
988,1107,5.458108
2533,2652,5.458108
1695,1814,5.458108
367,486,5.458108
1784,1903,5.458108
1826,1945,5.458109
2402,2521,5.458109
2612,2731,5.458109
1851,1970,5.458109
1102,1221,5.458109
1119,1238,5.458110
2565,2684,5.458110
150,269,5.458110
372,491,5.458111
857,976,5.458112
2634,2753,5.458112
320,479,5.458112
2384,2503,5.458112
2664,2783,5.458113
1564,1683,5.458113
999,1118,5.458114
1067,1186,5.458115
2311,2430,5.458115
2257,2376,5.458116
1957,2076,5.458116
2598,2717,5.458116
2569,2688,5.458116
881,1000,5.458117
1476,1595,5.458117
19,138,5.458118
597,716,5.458118
2767,2886,5.458118
827,946,5.458119
63,182,5.458119
1210,1329,5.458119
1774,1893,5.458119
792,911,5.458120
45,164,5.458120
166,285,5.458120
726,845,5.458121
1499,1618,5.458121
2337,2456,5.458121
306,425,5.458122
2206,2325,5.458123
1630,1749,5.458123
503,622,5.458123
2138,2257,5.458123
2216,2335,5.458123
852,971,5.458123
1127,1246,5.458123
1473,1592,5.458124
2481,2600,5.458124
1032,1151,5.458124
2359,2478,5.458125
883,1002,5.458125
2249,2368,5.458126
544,663,5.458126
73,2953,5.458126
1550,1669,5.458127
1805,1924,5.458127
2180,2299,5.458127
2795,2914,5.458128
2,121,5.458128
1624,1743,5.458128
1013,1132,5.458128
176,295,5.458128
229,348,5.458130
515,634,5.458130
661,780,5.458131
7,2887,5.458131
1931,2050,5.458131
1224,1343,5.458132
2468,2587,5.458132
1077,1196,5.458132
491,610,5.458132
2048,2167,5.458133
2678,2797,5.458133
517,636,5.458134
174,293,5.458134
823,942,5.458134
1720,1879,5.458134
1139,1258,5.458135
252,371,5.458135
1721,1840,5.458136
635,754,5.458136
1423,1542,5.458137
936,1055,5.458137
386,505,5.458137
379,498,5.458137
2769,2888,5.458138
1899,2018,5.458138
219,338,5.458138
1368,1487,5.458138
1014,1133,5.458140
1341,1460,5.458140
395,514,5.458140
803,922,5.458140
2845,2964,5.458140
2467,2586,5.458140
864,983,5.458141
1656,1775,5.458141
1342,1461,5.458141
949,1068,5.458142
2286,2405,5.458142
2062,2181,5.458143
2363,2482,5.458143
1222,1341,5.458143
1093,1212,5.458144
307,426,5.458144
43,2923,5.458144
1862,1981,5.458145
1583,1702,5.458145
1643,1762,5.458145
202,321,5.458145
175,294,5.458146
1887,2006,5.458146
2618,2737,5.458146
2115,2234,5.458147
1534,1653,5.458147
2049,2168,5.458147
634,753,5.458147
2659,2778,5.458147
2599,2718,5.458148
104,223,5.458148
92,211,5.458148
111,230,5.458148
2339,2458,5.458149
2343,2462,5.458149
1355,1474,5.458149
674,793,5.458149
882,1001,5.458151
1381,1500,5.458151
46,2926,5.458151
2494,2613,5.458152
1852,1971,5.458152
10,129,5.458152
1045,1164,5.458152
1800,1959,5.458153
2236,2355,5.458153
749,868,5.458153
2796,2915,5.458154
2466,2585,5.458154
2390,2509,5.458155
96,215,5.458155
1629,1748,5.458155
1145,1264,5.458155
1370,1489,5.458156
6,2886,5.458156
1929,2048,5.458156
818,937,5.458157
2219,2338,5.458157
608,727,5.458157
2088,2207,5.458157
2822,2941,5.458158
2651,2770,5.458158
67,186,5.458158
1944,2063,5.458158
1599,1718,5.458158
2392,2511,5.458158
593,712,5.458159
438,557,5.458159
2336,2455,5.458159
2544,2663,5.458160
1787,1906,5.458160
272,391,5.458160
330,449,5.458160
504,623,5.458161
399,518,5.458162
1858,1977,5.458162
2690,2809,5.458162
44,163,5.458163
1237,1356,5.458163
420,539,5.458164
2547,2666,5.458165
922,1041,5.458165
1983,2102,5.458165
20,2900,5.458166
1512,1631,5.458166
2179,2298,5.458166
791,910,5.458166
98,217,5.458166
215,334,5.458166
2835,2954,5.458167
1276,1395,5.458167
671,790,5.458168
1498,1617,5.458168
1669,1788,5.458169
1525,1644,5.458169
2676,2795,5.458169
1211,1330,5.458169
529,648,5.458169
1040,1199,5.458170
2331,2450,5.458170
2205,2324,5.458170
530,649,5.458171
2821,2940,5.458171
1106,1225,5.458171
2405,2524,5.458172
72,2952,5.458172
2232,2351,5.458172
2114,2233,5.458172
660,779,5.458172
1367,1486,5.458172
2388,2507,5.458173
490,609,5.458173
1485,1604,5.458173
1357,1476,5.458173
2507,2626,5.458173
770,889,5.458174
2193,2312,5.458175
1759,1878,5.458177
1472,1591,5.458177
2647,2766,5.458177
765,884,5.458177
59,2939,5.458178
1300,1419,5.458178
2241,2360,5.458179
1958,2077,5.458179
2376,2495,5.458179
805,924,5.458179
1155,1274,5.458179
255,374,5.458180
778,897,5.458180
2183,2302,5.458180
333,452,5.458182
1456,1575,5.458182
543,662,5.458182
384,503,5.458183
1446,1565,5.458185
1760,1919,5.458185
2272,2391,5.458185
432,551,5.458186
2782,2901,5.458186
1813,1932,5.458186
1277,1396,5.458186
1098,1217,5.458186
116,2996,5.458187
1192,1311,5.458187
285,404,5.458187
1571,1690,5.458188
1180,1299,5.458188
2458,2577,5.458188
1304,1423,5.458188
1837,1956,5.458189
2665,2784,5.458189
725,844,5.458190
839,958,5.458190
1530,1649,5.458191
647,766,5.458191
58,177,5.458192
2671,2790,5.458192
1641,1760,5.458193
71,190,5.458193
1378,1497,5.458193
1552,1671,5.458193
2622,2741,5.458194
774,893,5.458195
739,858,5.458195
84,203,5.458195
2625,2744,5.458196
1952,2071,5.458196
1091,1210,5.458196
2192,2311,5.458197
962,1081,5.458198
2007,2126,5.458198
2306,2425,5.458199
811,930,5.458199
1445,1564,5.458200
2290,2409,5.458201
373,492,5.458201
1251,1370,5.458201
1053,1172,5.458202
1250,1369,5.458202
2075,2194,5.458203
2755,2874,5.458203
1012,1131,5.458204
51,170,5.458204
1984,2103,5.458204
18,137,5.458204
19,2899,5.458204
2008,2127,5.458205
1911,2030,5.458206
99,2979,5.458206
32,151,5.458206
2520,2679,5.458207
2130,2249,5.458207
2350,2469,5.458209
2571,2690,5.458209
2511,2630,5.458210
1838,1957,5.458210
2259,2378,5.458210
319,438,5.458210
1394,1513,5.458211
1918,2037,5.458211
1238,1357,5.458211
2323,2442,5.458212
738,857,5.458212
2712,2831,5.458212
463,582,5.458213
2163,2282,5.458213
1080,1239,5.458214
135,254,5.458214
108,2988,5.458214
934,1053,5.458215
294,413,5.458215
1001,1120,5.458216
2586,2705,5.458216
1748,1867,5.458216
757,876,5.458217
2284,2403,5.458217
1301,1420,5.458217
1879,1998,5.458217
2455,2574,5.458218
831,950,5.458218
842,961,5.458219
79,198,5.458219
2754,2873,5.458219
1132,1251,5.458220
698,817,5.458220
1864,1983,5.458220
408,527,5.458220
2085,2204,5.458220
1709,1828,5.458220
2310,2429,5.458220
163,282,5.458221
338,457,5.458221
2427,2546,5.458221
1940,2059,5.458222
110,2990,5.458222
1090,1209,5.458222
425,544,5.458223
2545,2664,5.458223
607,726,5.458223
63,2943,5.458223
1328,1447,5.458223
346,465,5.458223
1026,1145,5.458223
910,1029,5.458224
554,673,5.458224
2691,2810,5.458225
2717,2836,5.458227
1171,1290,5.458227
1997,2116,5.458227
1617,1736,5.458228
1827,1946,5.458228
1603,1722,5.458228
1577,1696,5.458228
1151,1270,5.458228
86,2966,5.458229
1261,1380,5.458230
687,806,5.458231
1117,1236,5.458231
1970,2089,5.458231
1405,1524,5.458232
370,489,5.458232
1632,1751,5.458232
1915,2034,5.458232
2324,2443,5.458233
268,387,5.458233
2117,2236,5.458233
2806,2925,5.458234
305,424,5.458234
31,150,5.458234
1170,1289,5.458234
933,1052,5.458235
253,372,5.458235
1616,1735,5.458236
2524,2643,5.458236
1481,1600,5.458236
1263,1382,5.458237
2243,2362,5.458237
473,592,5.458238
1589,1708,5.458238
72,191,5.458238
1563,1682,5.458239
2101,2220,5.458239
1546,1665,5.458239
870,989,5.458239
594,713,5.458240
789,908,5.458240
227,346,5.458240
1680,1839,5.458241
226,345,5.458241
462,581,5.458241
1517,1636,5.458241
1157,1276,5.458242
1645,1764,5.458243
2318,2437,5.458243
2534,2653,5.458244
556,675,5.458244
464,583,5.458244
14,133,5.458245
779,898,5.458245
1640,1799,5.458245
605,724,5.458246
1496,1615,5.458246
2416,2535,5.458246
1824,1943,5.458246
621,740,5.458246
30,2910,5.458247
445,564,5.458248
2662,2781,5.458248
960,1119,5.458248
2832,2951,5.458248
1352,1471,5.458248
2638,2757,5.458248
1538,1657,5.458249
2684,2803,5.458249
896,1015,5.458249
1733,1852,5.458249
439,558,5.458250
714,833,5.458250
123,242,5.458250
1968,2087,5.458250
42,161,5.458251
1168,1287,5.458252
2808,2927,5.458252
461,580,5.458252
1354,1473,5.458252
1486,1605,5.458252
696,815,5.458253
1205,1324,5.458255
2099,2218,5.458257
2064,2183,5.458257
1698,1817,5.458257
2704,2823,5.458258
2152,2271,5.458258
2277,2396,5.458258
856,975,5.458259
1558,1677,5.458259
10,2890,5.458259
1924,2043,5.458259
1707,1826,5.458260
383,502,5.458260
2415,2534,5.458261
1434,1553,5.458261
391,510,5.458261
2233,2352,5.458261
242,361,5.458261
17,2897,5.458261
704,823,5.458262
2756,2875,5.458263
2518,2637,5.458263
1169,1288,5.458263
2283,2402,5.458264
909,1028,5.458265
1536,1655,5.458266
975,1094,5.458266
38,157,5.458267
2700,2819,5.458267
1917,2036,5.458267
798,917,5.458267
2577,2696,5.458268
2597,2716,5.458268
2519,2638,5.458269
2059,2178,5.458270
552,671,5.458270
2203,2322,5.458270
2296,2415,5.458270
60,2940,5.458270
1965,2084,5.458271
1708,1827,5.458271
2414,2533,5.458271
2753,2872,5.458271
973,1092,5.458272
2846,2965,5.458272
189,308,5.458272
2387,2506,5.458273
33,2913,5.458273
1421,1540,5.458273
2804,2923,5.458273
1233,1352,5.458273
410,529,5.458275
786,905,5.458275
368,487,5.458275
1751,1870,5.458276
124,243,5.458276
1146,1265,5.458277
2660,2779,5.458277
1891,2010,5.458277
540,659,5.458278
2531,2650,5.458278
1955,2074,5.458278
2011,2130,5.458278
2334,2453,5.458279
1164,1283,5.458279
989,1108,5.458280
2516,2635,5.458281
961,1080,5.458281
2228,2347,5.458281
224,343,5.458281
149,268,5.458281
648,767,5.458281
2009,2128,5.458281
122,241,5.458281
618,737,5.458282
1403,1522,5.458283
2332,2451,5.458284
1916,2035,5.458285
2245,2364,5.458286
2715,2834,5.458287
2188,2307,5.458287
40,199,5.458288
2440,2599,5.458288
1259,1378,5.458289
254,373,5.458290
2004,2123,5.458291
869,988,5.458291
2253,2372,5.458293
1395,1514,5.458293
2061,2180,5.458293
1392,1511,5.458293
2190,2309,5.458294
2877,2996,5.458294
412,531,5.458295
721,840,5.458295
1464,1583,5.458295
2141,2260,5.458296
15,2895,5.458296
2725,2844,5.458296
1998,2117,5.458296
1860,1979,5.458297
2441,2560,5.458297
1115,1234,5.458297
162,281,5.458298
2546,2665,5.458299
2859,2978,5.458299
2097,2216,5.458299
2128,2247,5.458300
1772,1891,5.458300
1764,1883,5.458300
1576,1695,5.458300
1771,1890,5.458300
1302,1421,5.458301
2166,2285,5.458301
1696,1815,5.458302
1953,2072,5.458303
1153,1272,5.458303
969,1088,5.458303
2675,2794,5.458303
1297,1416,5.458304
1716,1835,5.458304
1769,1888,5.458304
1441,1560,5.458304
825,944,5.458305
1625,1744,5.458305
26,145,5.458305
2401,2520,5.458306
1850,1969,5.458306
2630,2749,5.458306
2102,2221,5.458306
2751,2870,5.458306
931,1050,5.458306
829,948,5.458306
1682,1801,5.458306
1839,1958,5.458307
2623,2742,5.458307
651,770,5.458308
1247,1366,5.458308
1853,1972,5.458308
2006,2125,5.458309
641,760,5.458309
404,523,5.458309
1184,1303,5.458310
2766,2885,5.458310
871,990,5.458311
1945,2064,5.458311
70,2950,5.458312
2624,2743,5.458313
1092,1211,5.458314
2139,2258,5.458314
266,385,5.458315
1532,1651,5.458315
2789,2908,5.458317
497,616,5.458317
2605,2724,5.458317
4,123,5.458317
2702,2821,5.458318
787,906,5.458318
95,214,5.458318
2567,2686,5.458319
2737,2856,5.458319
53,2933,5.458319
1325,1444,5.458320
595,714,5.458320
2224,2343,5.458320
385,504,5.458320
2809,2928,5.458320
1993,2112,5.458322
1892,2011,5.458322
2461,2580,5.458322
1627,1746,5.458323
1734,1853,5.458323
1208,1327,5.458323
2150,2269,5.458323
498,617,5.458324
118,237,5.458324
1977,2096,5.458324
2403,2522,5.458325
2677,2796,5.458326
279,398,5.458326
2265,2384,5.458327
1570,1689,5.458327
2824,2943,5.458328
2875,2994,5.458329
55,2935,5.458329
331,450,5.458329
1388,1507,5.458330
353,472,5.458330
1426,1545,5.458330
1817,1936,5.458330
1754,1873,5.458330
262,381,5.458330
1930,2049,5.458331
603,722,5.458332
112,2992,5.458332
1966,2085,5.458332
1459,1578,5.458332
1694,1813,5.458333
486,605,5.458333
2317,2436,5.458334
1223,1342,5.458334
2423,2542,5.458335
1065,1184,5.458335
2454,2573,5.458336
2848,2967,5.458336
557,676,5.458336
406,525,5.458337
104,2984,5.458337
535,654,5.458337
1493,1612,5.458337
516,635,5.458337
1159,1278,5.458337
1898,2017,5.458337
885,1004,5.458338
1258,1377,5.458338
2768,2887,5.458339
423,542,5.458339
1994,2113,5.458339
1242,1361,5.458340
2847,2966,5.458340
1217,1336,5.458340
1505,1624,5.458340
188,307,5.458341
590,709,5.458343
2560,2719,5.458343
719,838,5.458343
645,764,5.458343
1822,1941,5.458343
745,864,5.458343
1443,1562,5.458344
477,596,5.458346
1390,1509,5.458347
734,853,5.458347
2042,2161,5.458348
1143,1262,5.458348
169,288,5.458349
938,1057,5.458349
459,578,5.458349
1204,1323,5.458349
1468,1587,5.458350
1027,1146,5.458350
1578,1697,5.458350
1411,1530,5.458350
918,1037,5.458351
151,270,5.458351
1206,1325,5.458351
1078,1197,5.458351
2643,2762,5.458352
1928,2047,5.458352
1062,1181,5.458352
2133,2252,5.458352
80,2960,5.458352
1064,1183,5.458353
638,757,5.458353
2429,2548,5.458353
1264,1383,5.458354
1280,1439,5.458354
863,982,5.458355
2279,2398,5.458356
567,686,5.458356
1678,1797,5.458357
2171,2290,5.458357
2072,2191,5.458358
82,201,5.458359
2771,2890,5.458359
429,548,5.458360
2140,2259,5.458360
2226,2345,5.458360
583,702,5.458361
987,1106,5.458363
1299,1418,5.458364
245,364,5.458364
2018,2137,5.458364
991,1110,5.458364
1432,1551,5.458365
752,871,5.458365
1870,1989,5.458366
2393,2512,5.458366
457,576,5.458367
2558,2677,5.458368
1136,1255,5.458369
573,692,5.458369
2827,2946,5.458370
315,434,5.458370
514,633,5.458370
1995,2114,5.458371
1007,1126,5.458371
2701,2820,5.458371
2537,2656,5.458373
332,451,5.458373
1971,2090,5.458373
2370,2489,5.458373
1785,1904,5.458373
658,777,5.458374
358,477,5.458374
1358,1477,5.458374
733,852,5.458374
1494,1613,5.458374
25,144,5.458375
1502,1621,5.458375
2209,2328,5.458375
1060,1179,5.458376
1747,1866,5.458377
280,439,5.458378
858,977,5.458379
467,586,5.458379
751,870,5.458379
1433,1552,5.458380
1989,2108,5.458380
2027,2146,5.458381
802,921,5.458381
501,620,5.458381
643,762,5.458381
596,715,5.458382
308,427,5.458382
2095,2214,5.458382
880,1039,5.458382
1246,1365,5.458383
101,220,5.458383
2729,2848,5.458384
2857,2976,5.458384
1004,1123,5.458385
700,819,5.458385
2431,2550,5.458386
2554,2673,5.458386
283,402,5.458386
1866,1985,5.458387
2758,2877,5.458387
2575,2694,5.458389
1191,1310,5.458389
1540,1659,5.458390
611,730,5.458391
91,2971,5.458391
1174,1293,5.458391
2681,2800,5.458392
986,1105,5.458392
1646,1765,5.458392
2718,2837,5.458393
2285,2404,5.458394
2492,2611,5.458394
1350,1469,5.458395
240,399,5.458396
436,555,5.458396
131,250,5.458396
1290,1409,5.458397
2698,2817,5.458397
585,704,5.458397
505,624,5.458398
992,1111,5.458398
1396,1515,5.458398
2779,2898,5.458399
686,805,5.458399
2713,2832,5.458399
649,768,5.458400
5,124,5.458400
2613,2732,5.458401
2778,2897,5.458401
38,2918,5.458402
2030,2149,5.458403
2065,2184,5.458403
92,2972,5.458403
409,528,5.458403
2790,2909,5.458404
2247,2366,5.458404
2200,2359,5.458405
1684,1803,5.458405
57,2937,5.458405
2696,2815,5.458406
1221,1340,5.458406
1398,1517,5.458407
2572,2691,5.458407
1936,2055,5.458407
2842,2961,5.458407
137,256,5.458408
1722,1841,5.458408
1130,1249,5.458408
1883,2002,5.458408
2175,2294,5.458408
895,1014,5.458409
1565,1684,5.458409
916,1035,5.458409
1335,1454,5.458409
736,855,5.458410
2840,2999,5.458411
51,2931,5.458411
1057,1176,5.458411
2705,2824,5.458411
2759,2878,5.458412
1270,1389,5.458413
2639,2758,5.458413
347,466,5.458414
2797,2916,5.458414
139,258,5.458414
2469,2588,5.458414
200,359,5.458415
1951,2070,5.458415
2529,2648,5.458415
27,146,5.458415
1185,1304,5.458416
426,545,5.458416
1054,1173,5.458416
156,275,5.458416
551,670,5.458416
708,827,5.458416
2610,2729,5.458416
98,2978,5.458418
478,597,5.458419
795,914,5.458419
1761,1880,5.458419
357,476,5.458419
1843,1962,5.458420
171,290,5.458420
76,2956,5.458421
499,618,5.458421
1166,1285,5.458421
321,440,5.458421
2212,2331,5.458422
355,474,5.458422
1000,1159,5.458423
2730,2849,5.458423
2374,2493,5.458423
2865,2984,5.458423
1830,1949,5.458423
2508,2627,5.458423
685,804,5.458424
1015,1134,5.458425
2022,2141,5.458425
692,811,5.458426
833,952,5.458426
106,2986,5.458428
2023,2142,5.458428
216,335,5.458429
1452,1571,5.458429
1314,1433,5.458429
1030,1149,5.458430
1519,1638,5.458430
2652,2771,5.458431
2532,2651,5.458431
1212,1331,5.458432
1906,2025,5.458432
1811,1930,5.458432
565,684,5.458433
1248,1367,5.458433
1303,1422,5.458434
510,629,5.458434
2385,2504,5.458434
947,1066,5.458435
1316,1435,5.458435
1156,1275,5.458435
592,711,5.458436
923,1042,5.458436
1865,1984,5.458436
2037,2156,5.458436
2297,2416,5.458437
2271,2390,5.458437
2080,2239,5.458438
1868,1987,5.458439
532,651,5.458440
487,606,5.458440
1133,1252,5.458441
1311,1430,5.458441
2312,2431,5.458443
2573,2692,5.458443
1110,1229,5.458443
33,152,5.458443
569,688,5.458443
300,419,5.458444
1670,1789,5.458444
808,927,5.458445
1079,1198,5.458445
2103,2222,5.458447
1407,1526,5.458448
2688,2807,5.458448
2348,2467,5.458450
2734,2853,5.458450
1663,1782,5.458450
1440,1599,5.458450
1881,2000,5.458451
61,2941,5.458451
1022,1141,5.458451
23,2903,5.458452
2158,2277,5.458452
1457,1576,5.458452
539,658,5.458452
732,851,5.458453
2793,2912,5.458453
2861,2980,5.458453
2377,2496,5.458454
1654,1773,5.458454
1524,1643,5.458455
1365,1484,5.458455
1767,1886,5.458456
566,685,5.458456
1458,1577,5.458456
173,292,5.458457
2201,2320,5.458458
2714,2833,5.458461
939,1058,5.458461
1345,1464,5.458462
1903,2022,5.458463
1549,1668,5.458463
2154,2273,5.458464
85,204,5.458464
1974,2093,5.458465
1158,1277,5.458466
1823,1942,5.458467
114,2994,5.458467
2802,2921,5.458467
1840,1999,5.458467
1863,1982,5.458468
1807,1926,5.458468
1315,1434,5.458469
2749,2868,5.458469
1601,1720,5.458470
1825,1944,5.458471
844,963,5.458471
2,2882,5.458471
293,412,5.458471
977,1096,5.458472
2361,2480,5.458472
817,936,5.458472
444,563,5.458472
2264,2383,5.458473
932,1051,5.458473
177,296,5.458474
1590,1709,5.458474
1699,1818,5.458476
1679,1798,5.458476
1693,1812,5.458476
788,907,5.458477
832,951,5.458477
2530,2649,5.458477
16,2896,5.458478
231,350,5.458478
2071,2190,5.458478
2772,2891,5.458478
67,2947,5.458478
519,638,5.458479
422,541,5.458479
2744,2863,5.458479
20,139,5.458479
2005,2124,5.458479
2230,2349,5.458479
2050,2169,5.458481
41,160,5.458481
1154,1273,5.458482
750,869,5.458482
1123,1242,5.458482
1313,1432,5.458482
1234,1353,5.458482
1312,1431,5.458483
1991,2110,5.458484
263,382,5.458484
1415,1534,5.458485
680,839,5.458486
2164,2283,5.458487
2057,2176,5.458487
626,745,5.458487
2371,2490,5.458488
2189,2308,5.458488
878,997,5.458488
110,229,5.458489
109,228,5.458489
1602,1721,5.458490
1539,1658,5.458491
2012,2131,5.458491
1480,1639,5.458491
97,2977,5.458491
29,148,5.458492
421,540,5.458492
846,965,5.458492
2010,2129,5.458492
56,175,5.458493
244,363,5.458493
1068,1187,5.458494
629,748,5.458495
1877,1996,5.458495
2858,2977,5.458495
2043,2162,5.458495
1229,1348,5.458495
411,530,5.458496
2587,2706,5.458496
1298,1417,5.458496
2135,2254,5.458497
1667,1786,5.458498
740,859,5.458498
1283,1402,5.458498
2609,2728,5.458500
2570,2689,5.458500
628,747,5.458501
541,660,5.458504
2362,2481,5.458504
407,526,5.458505
2803,2922,5.458505
1981,2100,5.458505
816,935,5.458505
1623,1742,5.458506
48,167,5.458506
2246,2365,5.458506
281,400,5.458506
1104,1223,5.458506
588,707,5.458506
2319,2438,5.458507
86,205,5.458509
1967,2086,5.458509
2408,2527,5.458510
79,2959,5.458511
664,783,5.458511
2791,2910,5.458512
679,798,5.458512
277,396,5.458513
2463,2582,5.458513
2555,2674,5.458513
1118,1237,5.458513
843,962,5.458513
523,642,5.458514
1199,1318,5.458514
466,585,5.458514
2658,2777,5.458514
1196,1315,5.458514
2590,2709,5.458514
297,416,5.458514
2607,2726,5.458514
568,687,5.458515
1083,1202,5.458515
1292,1411,5.458516
1321,1440,5.458518
1959,2078,5.458518
727,846,5.458519
2021,2140,5.458519
2105,2224,5.458519
1655,1774,5.458519
1523,1642,5.458520
1664,1783,5.458521
470,589,5.458521
1913,2032,5.458522
1737,1856,5.458522
113,2993,5.458523
1116,1235,5.458523
2585,2704,5.458523
2199,2318,5.458524
2844,2963,5.458524
1439,1558,5.458524
2578,2697,5.458525
1941,2060,5.458525
2703,2822,5.458526
452,571,5.458526
2227,2346,5.458526
1336,1455,5.458527
119,238,5.458527
564,683,5.458527
295,414,5.458527
970,1089,5.458528
1687,1806,5.458528
1176,1295,5.458528
772,891,5.458529
2831,2950,5.458529
773,892,5.458530
1861,1980,5.458530
836,955,5.458531
2187,2306,5.458532
318,437,5.458532
1786,1905,5.458532
694,813,5.458533
948,1067,5.458533
2752,2871,5.458533
2270,2389,5.458534
64,2944,5.458535
2019,2138,5.458535
1121,1240,5.458535
630,749,5.458537
2046,2165,5.458537
604,723,5.458537
2068,2187,5.458537
2053,2172,5.458538
1,2881,5.458538
225,344,5.458538
93,212,5.458539
1373,1492,5.458540
1177,1296,5.458540
1162,1281,5.458541
1591,1710,5.458541
701,820,5.458542
1495,1614,5.458542
350,469,5.458542
2762,2881,5.458543
311,430,5.458543
286,405,5.458544
413,532,5.458545
201,320,5.458545
2465,2584,5.458545
2419,2538,5.458546
2810,2929,5.458547
2434,2553,5.458548
2592,2711,5.458548
2386,2505,5.458548
1528,1647,5.458549
2165,2284,5.458550
2234,2353,5.458550
1555,1674,5.458551
1543,1662,5.458552
677,796,5.458552
894,1013,5.458553
2333,2452,5.458553
136,255,5.458553
956,1075,5.458554
278,397,5.458555
2785,2904,5.458555
1996,2115,5.458556
652,771,5.458556
2493,2612,5.458557
2112,2231,5.458557
2196,2315,5.458557
655,774,5.458557
2757,2876,5.458557
2122,2241,5.458558
2628,2747,5.458558
1447,1566,5.458559
1894,2013,5.458559
371,490,5.458559
442,561,5.458561
2760,2919,5.458561
1002,1121,5.458561
1474,1593,5.458561
1408,1527,5.458562
2860,2979,5.458562
1003,1122,5.458563
1729,1848,5.458563
1324,1443,5.458564
1025,1144,5.458564
1129,1248,5.458564
1483,1602,5.458565
2256,2375,5.458565
1909,2028,5.458567
1479,1598,5.458567
152,271,5.458567
1279,1398,5.458567
1274,1393,5.458568
1442,1561,5.458568
2648,2767,5.458569
449,568,5.458570
68,2948,5.458570
2514,2633,5.458571
360,519,5.458571
232,351,5.458571
2260,2379,5.458572
1018,1137,5.458572
2020,2139,5.458574
3,122,5.458575
1427,1546,5.458576
363,482,5.458576
1369,1488,5.458577
1100,1219,5.458577
1028,1147,5.458577
1878,1997,5.458578
1267,1386,5.458578
614,733,5.458578
127,246,5.458579
2400,2559,5.458579
702,821,5.458581
920,1079,5.458583
591,710,5.458583
518,637,5.458583
2722,2841,5.458583
2833,2952,5.458584
270,389,5.458584
2155,2274,5.458584
2052,2171,5.458585
2736,2855,5.458585
1249,1368,5.458585
550,669,5.458585
2275,2394,5.458586
31,2911,5.458586
2002,2121,5.458587
884,1003,5.458587
1557,1676,5.458587
2349,2468,5.458588
2726,2845,5.458588
1871,1990,5.458588
2281,2400,5.458589
397,516,5.458590
2626,2745,5.458590
1919,2038,5.458591
980,1099,5.458592
2770,2889,5.458592
1384,1503,5.458593
1902,2021,5.458593
662,781,5.458593
2428,2547,5.458594
89,208,5.458595
1553,1672,5.458595
1732,1851,5.458595
1343,1462,5.458596
1244,1363,5.458596
2404,2523,5.458597
2237,2356,5.458597
2151,2270,5.458598
1749,1868,5.458598
296,415,5.458598
2699,2818,5.458598
1735,1854,5.458598
2406,2525,5.458599
2584,2703,5.458599
1187,1306,5.458599
1346,1465,5.458600
763,882,5.458600
480,639,5.458600
2078,2197,5.458601
455,574,5.458601
493,612,5.458601
49,2929,5.458602
2563,2682,5.458602
821,940,5.458602
1712,1831,5.458602
2096,2215,5.458604
1337,1456,5.458606
576,695,5.458607
2181,2300,5.458608
667,786,5.458608
2764,2883,5.458608
2862,2981,5.458609
2663,2782,5.458610
1128,1247,5.458610
2601,2720,5.458611
2153,2272,5.458611
1428,1547,5.458612
1585,1704,5.458612
396,515,5.458613
1808,1927,5.458613
1305,1424,5.458613
542,661,5.458615
2084,2203,5.458615
1226,1345,5.458615
1333,1452,5.458615
416,535,5.458618
482,601,5.458618
2636,2755,5.458619
488,607,5.458619
1593,1712,5.458620
14,2894,5.458620
1775,1894,5.458620
1745,1864,5.458620
1750,1869,5.458621
2298,2417,5.458621
1379,1498,5.458621
1260,1379,5.458621
0,2880,5.458622
1572,1691,5.458622
2044,2163,5.458624
1386,1505,5.458624
2856,2975,5.458624
854,973,5.458624
2194,2313,5.458625
2479,2598,5.458626
2728,2847,5.458626
26,2906,5.458627
957,1076,5.458627
1756,1875,5.458628
2086,2205,5.458628
1900,2019,5.458628
2137,2256,5.458628
465,584,5.458629
2815,2934,5.458629
2483,2602,5.458630
2741,2860,5.458630
82,2962,5.458630
859,978,5.458632
2146,2265,5.458632
1339,1458,5.458633
1131,1250,5.458634
2340,2459,5.458635
1681,1800,5.458635
570,689,5.458635
2869,2988,5.458635
1701,1820,5.458635
527,646,5.458637
54,2934,5.458637
984,1103,5.458637
2456,2575,5.458637
2775,2894,5.458638
2330,2449,5.458638
2378,2497,5.458638
2111,2230,5.458639
1362,1481,5.458640
1295,1414,5.458640
1235,1354,5.458640
1730,1849,5.458640
2621,2740,5.458641
826,945,5.458641
66,185,5.458641
1884,2003,5.458642
474,593,5.458642
879,998,5.458643
2834,2953,5.458643
87,2967,5.458644
513,632,5.458644
2812,2931,5.458644
369,488,5.458645
2536,2655,5.458645
1717,1836,5.458646
1033,1152,5.458646
376,495,5.458647
366,485,5.458648
107,2987,5.458648
1758,1877,5.458648
1371,1490,5.458649
2039,2158,5.458649
1364,1483,5.458650
1220,1339,5.458651
142,261,5.458651
2568,2687,5.458652
298,417,5.458653
2620,2739,5.458654
2174,2293,5.458654
344,463,5.458655
187,306,5.458655
65,184,5.458655
1103,1222,5.458656
2116,2235,5.458657
2250,2369,5.458657
2666,2785,5.458657
2255,2374,5.458657
8,2888,5.458658
1173,1292,5.458658
617,736,5.458659
460,579,5.458659
32,2912,5.458659
776,895,5.458662
1406,1525,5.458662
1317,1436,5.458664
1956,2075,5.458664
1399,1518,5.458664
2444,2563,5.458664
329,448,5.458665
2589,2708,5.458666
2055,2174,5.458666
469,588,5.458667
147,266,5.458667
1351,1470,5.458667
2517,2636,5.458668
1401,1520,5.458670
800,959,5.458671
2087,2206,5.458671
1225,1344,5.458672
508,627,5.458672
2452,2571,5.458672
1389,1508,5.458672
2134,2253,5.458673
2631,2750,5.458675
414,533,5.458675
666,785,5.458676
974,1093,5.458676
1740,1859,5.458677
2202,2321,5.458677
483,602,5.458678
1038,1157,5.458678
213,332,5.458678
2819,2938,5.458679
164,283,5.458680
2616,2735,5.458680
2081,2200,5.458681
2649,2768,5.458682
1845,1964,5.458682
2240,2399,5.458683
2477,2596,5.458683
849,968,5.458684
1374,1493,5.458685
209,328,5.458686
83,2963,5.458687
334,453,5.458688
1172,1291,5.458689
94,213,5.458689
1725,1844,5.458690
1889,2008,5.458691
1561,1680,5.458692
1626,1745,5.458692
424,543,5.458694
2602,2721,5.458694
2024,2143,5.458694
2034,2153,5.458696
132,251,5.458696
117,2997,5.458696
1487,1606,5.458697
2063,2182,5.458697
1120,1279,5.458697
1230,1349,5.458697
1181,1300,5.458697
21,2901,5.458699
1380,1499,5.458699
558,677,5.458699
1195,1314,5.458699
1574,1693,5.458700
1810,1929,5.458700
57,176,5.458701
874,993,5.458701
148,267,5.458701
985,1104,5.458702
1449,1568,5.458704
2262,2381,5.458704
74,2954,5.458705
2780,2899,5.458705
1586,1705,5.458705
2442,2561,5.458706
2476,2595,5.458707
2783,2902,5.458707
1377,1496,5.458709
6,125,5.458709
1986,2105,5.458710
2076,2195,5.458711
656,775,5.458711
393,512,5.458712
806,925,5.458712
1023,1142,5.458712
636,755,5.458712
102,2982,5.458713
602,721,5.458713
699,818,5.458714
1107,1226,5.458714
2106,2225,5.458714
336,455,5.458715
710,829,5.458715
1631,1750,5.458715
735,854,5.458715
577,696,5.458715
1189,1308,5.458716
1876,1995,5.458717
267,386,5.458718
1329,1448,5.458718
2186,2305,5.458718
339,458,5.458719
1697,1816,5.458719
672,791,5.458719
1814,1933,5.458721
222,341,5.458722
2799,2918,5.458722
292,411,5.458722
2484,2603,5.458722
1209,1328,5.458723
673,792,5.458725
2015,2134,5.458725
2588,2707,5.458725
911,1030,5.458726
622,741,5.458726
2091,2210,5.458726
2731,2850,5.458728
2109,2228,5.458728
2029,2148,5.458728
2868,2987,5.458728
520,679,5.458729
2655,2774,5.458729
2295,2414,5.458730
1914,2033,5.458730
695,814,5.458730
2521,2640,5.458730
440,599,5.458731
2149,2268,5.458731
1124,1243,5.458731
537,656,5.458733
2727,2846,5.458734
810,929,5.458734
34,2914,5.458736
1331,1450,5.458736
273,392,5.458737
1257,1376,5.458738
2843,2962,5.458738
1215,1334,5.458739
2222,2341,5.458740
1200,1359,5.458740
632,751,5.458740
2381,2500,5.458741
269,388,5.458741
2818,2937,5.458741
2522,2641,5.458742
114,233,5.458743
1490,1609,5.458744
2557,2676,5.458744
965,1084,5.458745
2093,2212,5.458745
639,758,5.458746
2447,2566,5.458746
1409,1528,5.458746
1856,1975,5.458746
2747,2866,5.458747
2167,2286,5.458747
1430,1549,5.458748
2853,2972,5.458750
681,800,5.458750
2765,2884,5.458750
45,2925,5.458750
476,595,5.458750
619,738,5.458753
1888,2007,5.458753
976,1095,5.458753
1875,1994,5.458755
2716,2835,5.458755
349,468,5.458756
2108,2227,5.458758
2559,2678,5.458759
512,631,5.458760
865,984,5.458760
1460,1579,5.458761
1992,2111,5.458761
1193,1312,5.458763
1404,1523,5.458763
29,2909,5.458763
479,598,5.458764
1011,1130,5.458764
1182,1301,5.458764
1009,1128,5.458765
2073,2192,5.458766
111,2991,5.458766
1287,1406,5.458767
154,273,5.458767
1933,2052,5.458767
1683,1802,5.458767
69,188,5.458769
2292,2411,5.458769
324,443,5.458770
1942,2061,5.458770
2173,2292,5.458770
1927,2046,5.458771
1227,1346,5.458771
657,776,5.458772
2708,2827,5.458773
2457,2576,5.458773
1510,1629,5.458774
801,920,5.458774
2218,2337,5.458774
1618,1737,5.458775
291,410,5.458775
2774,2893,5.458775
2841,2960,5.458775
753,872,5.458776
69,2949,5.458778
44,2924,5.458778
609,728,5.458778
598,717,5.458779
1596,1715,5.458779
1101,1220,5.458783
1692,1811,5.458783
2505,2624,5.458783
2430,2549,5.458783
502,621,5.458786
620,739,5.458786
2040,2199,5.458786
265,384,5.458787
1691,1810,5.458789
2338,2457,5.458790
1566,1685,5.458792
994,1113,5.458792
1548,1667,5.458795
2058,2177,5.458795
2746,2865,5.458797
553,672,5.458797
1511,1630,5.458797
2439,2558,5.458797
2300,2419,5.458799
1284,1403,5.458799
2828,2947,5.458799
1051,1170,5.458800
1812,1931,5.458800
2482,2601,5.458801
138,257,5.458801
1186,1305,5.458802
2583,2702,5.458803
642,761,5.458803
210,329,5.458804
1076,1195,5.458804
1633,1752,5.458805
1348,1467,5.458805
2472,2591,5.458807
78,197,5.458808
2357,2476,5.458809
2635,2754,5.458809
1349,1468,5.458811
715,834,5.458812
670,789,5.458812
1671,1790,5.458814
328,447,5.458816
1113,1232,5.458817
1969,2088,5.458818
2668,2787,5.458818
448,567,5.458818
705,824,5.458819
764,883,5.458819
2816,2935,5.458820
2244,2363,5.458820
1829,1948,5.458820
1880,2039,5.458820
845,964,5.458822
2721,2840,5.458824
2358,2477,5.458824
1167,1286,5.458825
867,986,5.458825
2325,2444,5.458827
711,830,5.458830
972,1091,5.458830
2661,2780,5.458830
1533,1652,5.458831
11,2891,5.458831
2217,2336,5.458831
1547,1666,5.458832
160,319,5.458834
2118,2237,5.458834
2823,2942,5.458834
475,594,5.458835
1005,1124,5.458837
783,902,5.458838
2424,2543,5.458838
190,309,5.458839
2550,2669,5.458840
1842,1961,5.458840
1937,2056,5.458841
1105,1224,5.458841
2148,2267,5.458842
185,304,5.458842
2000,2159,5.458843
2501,2620,5.458843
855,974,5.458843
1893,2012,5.458843
580,699,5.458844
1467,1586,5.458844
1592,1711,5.458844
78,2958,5.458844
1138,1257,5.458847
316,435,5.458847
402,521,5.458848
2169,2288,5.458848
1402,1521,5.458850
374,493,5.458850
1659,1778,5.458851
1581,1700,5.458853
2794,2913,5.458854
192,311,5.458857
61,180,5.458857
1828,1947,5.458857
1932,2051,5.458859
4,2884,5.458859
2706,2825,5.458859
1318,1437,5.458860
1674,1793,5.458862
2121,2240,5.458863
1770,1889,5.458864
1039,1158,5.458865
2719,2838,5.458865
2813,2932,5.458865
1356,1475,5.458865
343,462,5.458866
1867,1986,5.458867
1895,2014,5.458868
2299,2418,5.458868
2693,2812,5.458868
937,1056,5.458870
46,165,5.458871
2308,2427,5.458871
507,626,5.458871
1719,1838,5.458872
2645,2764,5.458872
1537,1656,5.458873
1149,1268,5.458874
1293,1412,5.458874
561,680,5.458875
2800,2959,5.458876
1326,1445,5.458877
2162,2281,5.458878
398,517,5.458882
1262,1381,5.458882
1363,1482,5.458882
184,303,5.458882
683,802,5.458882
768,887,5.458882
589,708,5.458883
2293,2412,5.458884
73,192,5.458884
952,1071,5.458884
1041,1160,5.458885
2321,2440,5.458886
2031,2150,5.458886
2600,2759,5.458888
1046,1165,5.458888
780,899,5.458889
571,690,5.458893
742,861,5.458893
304,423,5.458893
427,546,5.458893
1183,1302,5.458893
7,126,5.458894
2829,2948,5.458894
1798,1917,5.458897
919,1038,5.458897
230,349,5.458899
1282,1401,5.458899
1361,1480,5.458902
2525,2644,5.458903
1948,2067,5.458904
89,2969,5.458904
1265,1384,5.458905
690,809,5.458906
13,2893,5.458909
2207,2326,5.458909
929,1048,5.458909
93,2973,5.458911
1417,1536,5.458912
103,222,5.458913
2426,2545,5.458913
1777,1896,5.458913
1063,1182,5.458914
2056,2175,5.458914
1896,2015,5.458915
524,643,5.458915
172,291,5.458916
1922,2041,5.458918
446,565,5.458918
2184,2303,5.458918
682,801,5.458919
158,277,5.458920
1043,1162,5.458921
2650,2769,5.458921
99,218,5.458921
1050,1169,5.458922
302,421,5.458923
754,873,5.458923
258,377,5.458924
42,2922,5.458925
1964,2083,5.458926
2872,2991,5.458926
2582,2701,5.458926
2047,2166,5.458927
830,949,5.458927
341,460,5.458927
28,147,5.458929
1327,1446,5.458930
1803,1922,5.458931
2830,2949,5.458931
990,1109,5.458933
1232,1351,5.458933
36,2916,5.458934
851,970,5.458935
1573,1692,5.458935
348,467,5.458935
2640,2799,5.458935
1954,2073,5.458939
1462,1581,5.458940
119,2999,5.458941
1219,1338,5.458941
195,314,5.458942
1841,1960,5.458943
1815,1934,5.458944
897,1016,5.458944
1308,1427,5.458945
1588,1707,5.458946
1466,1585,5.458947
1081,1200,5.458947
555,674,5.458947
2280,2439,5.458947
2535,2654,5.458947
1961,2080,5.458948
2740,2859,5.458948
2838,2957,5.458951
2449,2568,5.458952
2732,2851,5.458952
134,253,5.458953
1461,1580,5.458954
417,536,5.458954
526,645,5.458957
454,573,5.458958
793,912,5.458958
1742,1861,5.458959
0,159,5.458959
624,743,5.458959
601,720,5.458959
1943,2062,5.458960
2136,2255,5.458961
120,279,5.458964
2156,2275,5.458964
2067,2186,5.458965
1515,1634,5.458966
2083,2202,5.458968
2438,2557,5.458970
2366,2485,5.458970
2787,2906,5.458972
1947,2066,5.458973
1939,2058,5.458973
2738,2857,5.458975
1071,1190,5.458978
247,366,5.458978
1797,1916,5.458979
2464,2583,5.458979
76,195,5.458980
83,202,5.458982
861,980,5.458982
1055,1174,5.458986
2850,2969,5.458987
2168,2287,5.458988
2177,2296,5.458988
1610,1729,5.458989
2805,2924,5.458990
697,816,5.458990
1934,2053,5.458991
1245,1364,5.458992
841,960,5.458992
1418,1537,5.458994
2252,2371,5.458995
2694,2813,5.458996
1056,1175,5.458996
1296,1415,5.458997
2627,2746,5.458997
1236,1355,5.458998
2014,2133,5.459001
2303,2422,5.459003
1455,1574,5.459004
1340,1459,5.459005
1562,1681,5.459006
2674,2793,5.459006
1598,1717,5.459006
1429,1548,5.459007
2025,2144,5.459007
2353,2472,5.459007
1075,1194,5.459011
1614,1733,5.459012
2633,2752,5.459013
1414,1533,5.459013
2807,2926,5.459013
1271,1390,5.459014
886,1005,5.459015
2125,2244,5.459015
1972,2091,5.459015
785,904,5.459016
548,667,5.459016
1082,1201,5.459019
165,284,5.459021
394,513,5.459021
2254,2373,5.459022
2763,2882,5.459022
1820,1939,5.459023
1644,1763,5.459024
35,2915,5.459024
1794,1913,5.459026
1746,1865,5.459026
1921,2040,5.459027
8,127,5.459029
95,2975,5.459031
94,2974,5.459031
2504,2623,5.459033
1214,1333,5.459034
924,1043,5.459034
2596,2715,5.459034
489,608,5.459034
2375,2494,5.459036
1135,1254,5.459037
15,134,5.459038
1762,1881,5.459040
431,550,5.459040
401,520,5.459041
536,655,5.459043
2211,2330,5.459044
1048,1167,5.459046
180,299,5.459047
525,644,5.459047
2215,2334,5.459047
2855,2974,5.459047
2313,2432,5.459049
356,475,5.459050
2502,2621,5.459050
1500,1619,5.459052
2673,2792,5.459053
2574,2693,5.459054
1890,2009,5.459055
1938,2057,5.459056
2123,2242,5.459056
927,1046,5.459058
1604,1723,5.459059
1783,1902,5.459060
654,773,5.459061
623,742,5.459063
1188,1307,5.459064
1613,1732,5.459064
906,1025,5.459065
1752,1871,5.459067
144,263,5.459068
2825,2944,5.459068
2781,2900,5.459070
1412,1531,5.459071
586,705,5.459077
1611,1730,5.459078
1422,1541,5.459079
2082,2201,5.459079
2100,2219,5.459080
2110,2229,5.459083
1999,2118,5.459086
1416,1535,5.459088
2033,2152,5.459089
1382,1501,5.459089
1668,1787,5.459089
633,752,5.459089
212,331,5.459090
891,1010,5.459091
205,324,5.459092
707,826,5.459093
2074,2193,5.459093
2266,2385,5.459094
485,604,5.459095
675,794,5.459096
538,657,5.459096
575,694,5.459098
2509,2628,5.459098
1201,1320,5.459099
899,1018,5.459100
2594,2713,5.459101
2410,2529,5.459102
1134,1253,5.459102
2863,2982,5.459102
47,2927,5.459104
720,879,5.459104
1330,1449,5.459105
1782,1901,5.459105
2562,2681,5.459107
113,232,5.459108
907,1026,5.459108
964,1083,5.459110
531,650,5.459111
2644,2763,5.459111
1926,2045,5.459114
2220,2339,5.459115
2003,2122,5.459116
2412,2531,5.459116
1978,2097,5.459116
892,1011,5.459118
388,507,5.459119
1514,1633,5.459121
1272,1391,5.459121
2395,2514,5.459121
866,985,5.459121
35,154,5.459122
2288,2407,5.459123
290,409,5.459126
1470,1589,5.459127
1513,1632,5.459128
1161,1280,5.459132
511,630,5.459133
1676,1795,5.459134
214,333,5.459137
748,867,5.459141
722,841,5.459141
1070,1189,5.459142
921,1040,5.459143
766,885,5.459143
1254,1373,5.459144
959,1078,5.459145
724,843,5.459145
2679,2798,5.459146
521,640,5.459146
1207,1326,5.459147
1393,1512,5.459148
197,316,5.459149
2711,2830,5.459149
2322,2441,5.459149
759,878,5.459150
2077,2196,5.459150
1818,1937,5.459152
717,836,5.459153
495,614,5.459160
2603,2722,5.459160
59,178,5.459160
217,336,5.459160
282,401,5.459161
2221,2340,5.459163
16,135,5.459164
1255,1374,5.459165
1855,1974,5.459167
1035,1154,5.459169
1711,1830,5.459170
2307,2426,5.459174
1477,1596,5.459176
484,603,5.459177
1790,1909,5.459178
146,265,5.459179
5,2885,5.459179
2351,2470,5.459180
1508,1627,5.459180
1029,1148,5.459181
1,120,5.459182
1034,1153,5.459182
1788,1907,5.459183
747,866,5.459183
1793,1912,5.459185
1849,1968,5.459187
1320,1479,5.459187
1544,1663,5.459187
2365,2484,5.459188
2309,2428,5.459190
1108,1227,5.459190
335,454,5.459191
2054,2173,5.459192
2268,2387,5.459193
1243,1362,5.459194
2539,2658,5.459194
903,1022,5.459195
1096,1215,5.459195
2564,2683,5.459197
1307,1426,5.459198
2784,2903,5.459198
1666,1785,5.459199
1615,1734,5.459202
115,234,5.459202
1375,1494,5.459202
1736,1855,5.459203
1376,1495,5.459205
625,744,5.459207
1437,1556,5.459208
755,874,5.459208
2453,2572,5.459209
1885,2004,5.459209
2817,2936,5.459215
646,765,5.459216
2435,2554,5.459217
2646,2765,5.459217
243,362,5.459220
2685,2804,5.459221
2632,2751,5.459222
2391,2510,5.459222
65,2945,5.459223
1471,1590,5.459224
2124,2243,5.459224
143,262,5.459225
1148,1267,5.459227
2443,2562,5.459228
653,772,5.459229
1037,1156,5.459229
2669,2788,5.459229
456,575,5.459230
1163,1282,5.459233
1047,1166,5.459233
381,500,5.459234
966,1085,5.459235
2143,2262,5.459236
66,2946,5.459236
2637,2756,5.459237
1713,1832,5.459237
1757,1876,5.459238
2750,2869,5.459239
1286,1405,5.459241
1516,1635,5.459241
81,2961,5.459242
2223,2342,5.459242
1568,1687,5.459244
2026,2145,5.459245
2506,2625,5.459247
1218,1337,5.459248
2733,2852,5.459248
492,611,5.459250
2373,2492,5.459252
1545,1664,5.459253
191,310,5.459255
2709,2828,5.459255
428,547,5.459258
2641,2760,5.459261
1492,1611,5.459262
2683,2802,5.459262
1231,1350,5.459263
179,298,5.459264
2527,2646,5.459265
2870,2989,5.459266
902,1021,5.459267
2098,2217,5.459269
546,665,5.459271
2178,2297,5.459275
1504,1623,5.459275
723,842,5.459276
109,2989,5.459278
1705,1824,5.459280
441,560,5.459283
58,2938,5.459283
2305,2424,5.459284
898,1017,5.459285
1273,1392,5.459288
563,682,5.459289
820,939,5.459291
2328,2447,5.459291
1859,1978,5.459293
1799,1918,5.459298
1886,2005,5.459299
1744,1863,5.459299
1559,1678,5.459299
1847,1966,5.459299
2369,2488,5.459299
2654,2773,5.459301
2320,2479,5.459302
1703,1822,5.459303
81,200,5.459304
1239,1358,5.459305
199,318,5.459305
2776,2895,5.459306
39,2919,5.459307
310,429,5.459308
257,376,5.459310
1987,2106,5.459315
430,549,5.459316
1095,1214,5.459316
287,406,5.459317
494,613,5.459317
1605,1724,5.459317
1908,2027,5.459319
1831,1950,5.459320
2341,2460,5.459320
1778,1897,5.459320
1281,1400,5.459321
1962,2081,5.459321
2851,2970,5.459321
771,890,5.459323
1202,1321,5.459323
761,880,5.459324
2867,2986,5.459324
362,481,5.459324
261,380,5.459326
837,956,5.459326
940,1059,5.459326
433,552,5.459329
1990,2109,5.459329
912,1031,5.459329
1606,1725,5.459332
1763,1882,5.459332
1638,1757,5.459333
458,577,5.459334
1347,1466,5.459334
1741,1860,5.459338
1450,1569,5.459339
2251,2370,5.459340
17,136,5.459341
767,886,5.459341
2267,2386,5.459341
1857,1976,5.459342
2761,2880,5.459343
2459,2578,5.459344
1052,1171,5.459347
312,431,5.459347
2367,2486,5.459348
968,1087,5.459349
1142,1261,5.459350
2231,2350,5.459351
533,652,5.459352
2352,2471,5.459352
822,941,5.459353
1960,2119,5.459353
37,2917,5.459354
828,947,5.459354
1252,1371,5.459354
11,130,5.459357
2495,2614,5.459357
382,501,5.459358
1332,1451,5.459359
709,828,5.459360
1648,1767,5.459360
547,666,5.459361
1946,2065,5.459363
1795,1914,5.459365
1925,2044,5.459366
1518,1637,5.459366
1521,1640,5.459368
2451,2570,5.459368
2510,2629,5.459370
70,189,5.459371
1253,1372,5.459377
12,131,5.459379
2608,2727,5.459381
2028,2147,5.459385
743,862,5.459386
21,140,5.459390
60,179,5.459390
2287,2406,5.459392
345,464,5.459395
2489,2608,5.459396
233,352,5.459397
2383,2502,5.459398
1042,1161,5.459399
904,1023,5.459401
579,698,5.459402
2436,2555,5.459403
1535,1654,5.459403
2538,2657,5.459406
2682,2801,5.459408
419,538,5.459409
323,442,5.459410
161,280,5.459412
560,719,5.459415
853,972,5.459418
351,470,5.459418
1484,1603,5.459418
2172,2291,5.459420
887,1006,5.459420
220,339,5.459421
2653,2772,5.459425
196,315,5.459426
2239,2358,5.459427
49,168,5.459430
1662,1781,5.459432
2490,2609,5.459433
13,132,5.459435
1140,1259,5.459438
1979,2098,5.459439
1832,1951,5.459439
613,732,5.459440
1454,1573,5.459442
2129,2248,5.459444
1152,1271,5.459445
1949,2068,5.459449
1424,1543,5.459450
2242,2361,5.459451
2878,2997,5.459451
2159,2278,5.459454
2777,2896,5.459455
998,1117,5.459456
599,718,5.459456
340,459,5.459464
2697,2816,5.459468
48,2928,5.459469
668,787,5.459471
2566,2685,5.459472
2497,2616,5.459473
361,480,5.459477
54,173,5.459478
1109,1228,5.459485
777,896,5.459485
1178,1297,5.459485
1469,1588,5.459487
2672,2791,5.459487
1278,1397,5.459488
2418,2537,5.459494
1165,1284,5.459497
203,322,5.459497
1688,1807,5.459498
117,236,5.459499
2680,2839,5.459503
159,278,5.459504
392,511,5.459509
2238,2357,5.459510
1976,2095,5.459511
1639,1758,5.459513
1619,1738,5.459517
2615,2734,5.459518
2748,2867,5.459520
812,931,5.459525
435,554,5.459525
1436,1555,5.459525
996,1115,5.459525
850,969,5.459526
2144,2263,5.459526
908,1027,5.459527
1802,1921,5.459527
627,746,5.459528
1360,1519,5.459528
1560,1719,5.459528
1658,1777,5.459528
259,378,5.459529
36,155,5.459529
814,933,5.459531
1910,2029,5.459532
387,506,5.459534
769,888,5.459536
797,916,5.459537
2420,2539,5.459537
1319,1438,5.459542
50,2930,5.459544
275,394,5.459546
2496,2615,5.459547
1634,1753,5.459548
500,619,5.459548
2471,2590,5.459552
2315,2434,5.459555
2786,2905,5.459558
1268,1387,5.459559
1137,1256,5.459559
100,2980,5.459563
1111,1230,5.459566
1310,1429,5.459566
1084,1203,5.459569
2273,2392,5.459571
2871,2990,5.459574
2120,2279,5.459576
288,407,5.459580
1526,1645,5.459582
389,508,5.459583
574,693,5.459591
1647,1766,5.459594
819,938,5.459595
2839,2958,5.459600
1058,1177,5.459602
730,849,5.459602
1637,1756,5.459605
2345,2464,5.459610
2147,2266,5.459611
380,499,5.459611
112,231,5.459611
2500,2619,5.459612
405,524,5.459612
64,183,5.459612
1059,1178,5.459615
1087,1206,5.459618
236,355,5.459622
1789,1908,5.459622
1569,1688,5.459624
481,600,5.459625
549,668,5.459626
676,795,5.459627
941,1060,5.459627
25,2905,5.459628
2364,2483,5.459630
2197,2316,5.459632
1912,2031,5.459632
2304,2423,5.459633
90,2970,5.459633
2553,2672,5.459633
62,2942,5.459636
2657,2776,5.459637
1031,1150,5.459638
669,788,5.459639
2432,2551,5.459640
251,370,5.459643
2346,2465,5.459645
1854,1973,5.459646
950,1069,5.459648
1657,1776,5.459651
2852,2971,5.459654
2119,2238,5.459654
453,572,5.459655
39,158,5.459658
1088,1207,5.459661
2460,2579,5.459663
545,664,5.459663
746,865,5.459666
1882,2001,5.459666
1344,1463,5.459668
167,286,5.459669
2707,2826,5.459673
377,496,5.459674
2656,2775,5.459674
1541,1660,5.459674
2448,2567,5.459681
168,287,5.459685
1383,1502,5.459685
1240,1399,5.459686
107,226,5.459692
1010,1129,5.459692
1391,1510,5.459694
963,1082,5.459698
1580,1699,5.459700
91,210,5.459701
68,187,5.459703
1715,1834,5.459705
1126,1245,5.459707
2629,2748,5.459707
256,375,5.459708
2488,2607,5.459709
2687,2806,5.459710
1834,1953,5.459710
1085,1204,5.459711
834,953,5.459712
1950,2069,5.459713
1372,1491,5.459713
838,957,5.459714
218,337,5.459717
578,697,5.459719
2069,2188,5.459722
1609,1728,5.459723
1256,1375,5.459730
2051,2170,5.459734
1980,2099,5.459737
2161,2280,5.459737
1527,1646,5.459738
2579,2698,5.459739
2225,2344,5.459744
2090,2209,5.459746
2549,2668,5.459752
718,837,5.459754
90,209,5.459755
40,2920,5.459764
728,847,5.459766
775,894,5.459766
249,368,5.459767
600,759,5.459768
1621,1740,5.459769
2619,2738,5.459770
2745,2864,5.459770
105,224,5.459771
1017,1136,5.459772
284,403,5.459778
1150,1269,5.459780
862,981,5.459782
1400,1559,5.459782
140,259,5.459783
1179,1298,5.459784
2735,2854,5.459786
1269,1388,5.459787
118,2998,5.459787
1660,1779,5.459790
509,628,5.459791
2344,2463,5.459792
237,356,5.459793
1019,1138,5.459796
2485,2604,5.459797
2131,2250,5.459797
2170,2289,5.459798
1529,1648,5.459803
2837,2956,5.459811
2079,2198,5.459813
1766,1885,5.459816
2561,2680,5.459818
50,169,5.459827
1482,1601,5.459828
1089,1208,5.459828
204,323,5.459830
246,365,5.459832
1975,2094,5.459835
2543,2662,5.459841
758,877,5.459842
1228,1347,5.459847
1520,1679,5.459848
689,808,5.459854
1413,1532,5.459854
2235,2354,5.459854
1094,1213,5.459857
364,483,5.459861
2092,2211,5.459862
2399,2518,5.459864
2773,2892,5.459864
982,1101,5.459865
1465,1584,5.459866
352,471,5.459870
890,1009,5.459870
951,1070,5.459872
1724,1843,5.459877
796,915,5.459881
2017,2136,5.459881
650,769,5.459883
2229,2348,5.459888
2854,2973,5.459894
955,1074,5.459896
1901,2020,5.459905
327,446,5.459910
2876,2995,5.459911
1597,1716,5.459912
2145,2264,5.459914
23,142,5.459916
1147,1266,5.459921
53,172,5.459923
234,353,5.459923
2316,2435,5.459925
238,357,5.459925
1306,1425,5.459934
1689,1808,5.459938
1685,1804,5.459943
56,2936,5.459945
2512,2631,5.459950
637,756,5.459954
1738,1857,5.459962
2548,2667,5.459964
1985,2104,5.459966
2866,2985,5.459970
2263,2382,5.459971
2801,2920,5.459977
2198,2317,5.459978
314,433,5.459985
943,1062,5.459988
1816,1935,5.459991
2541,2660,5.459995
644,763,5.460001
2686,2805,5.460002
1160,1319,5.460008
1765,1884,5.460010
378,497,5.460011
2070,2189,5.460014
365,484,5.460018
1801,1920,5.460024
1175,1294,5.460030
1099,1218,5.460033
824,943,5.460034
2213,2332,5.460034
2397,2516,5.460036
914,1033,5.460042
1873,1992,5.460043
87,206,5.460046
873,992,5.460047
471,590,5.460047
1652,1771,5.460047
1836,1955,5.460049
2326,2445,5.460052
1074,1193,5.460053
2826,2945,5.460056
2038,2157,5.460061
981,1100,5.460068
28,2908,5.460069
1451,1570,5.460072
2176,2295,5.460076
2411,2530,5.460081
126,245,5.460083
1491,1610,5.460086
1334,1453,5.460086
522,641,5.460089
1753,1872,5.460097
2001,2120,5.460102
2291,2410,5.460102
2248,2367,5.460103
2551,2670,5.460115
944,1063,5.460123
2107,2226,5.460124
62,181,5.460126
1453,1572,5.460128
1579,1698,5.460129
2617,2736,5.460129
572,691,5.460134
128,247,5.460137
872,991,5.460139
2792,2911,5.460141
1844,1963,5.460143
2342,2461,5.460146
678,797,5.460147
1385,1504,5.460148
125,244,5.460151
706,825,5.460157
1710,1829,5.460158
915,1034,5.460166
2417,2536,5.460167
208,327,5.460168
665,784,5.460174
2580,2699,5.460189
2274,2393,5.460194
2576,2695,5.460196
1438,1557,5.460197
1781,1900,5.460199
1806,1925,5.460202
2394,2513,5.460203
337,456,5.460212
1488,1607,5.460216
101,2981,5.460221
2356,2475,5.460232
2724,2843,5.460234
400,559,5.460236
1203,1322,5.460242
945,1064,5.460243
2486,2605,5.460246
24,2904,5.460268
2798,2917,5.460268
41,2921,5.460269
760,919,5.460271
1963,2082,5.460291
1322,1441,5.460316
1650,1769,5.460321
1506,1625,5.460325
1835,1954,5.460335
2670,2789,5.460336
1425,1544,5.460337
415,534,5.460338
303,422,5.460339
155,274,5.460374
2422,2541,5.460377
1021,1140,5.460385
744,863,5.460387
847,966,5.460393
2066,2185,5.460402
693,812,5.460404
925,1044,5.460412
1475,1594,5.460416
2814,2933,5.460416
1285,1404,5.460418
978,1097,5.460430
52,171,5.460433
616,735,5.460438
3,2883,5.460444
2692,2811,5.460447
1872,1991,5.460447
9,2889,5.460455
52,2932,5.460460
309,428,5.460460
472,591,5.460466
2382,2501,5.460471
2513,2632,5.460477
584,703,5.460480
1651,1770,5.460488
12,2892,5.460491
1635,1754,5.460493
691,810,5.460504
403,522,5.460509
631,750,5.460513
953,1072,5.460524
443,562,5.460527
1935,2054,5.460532
1463,1582,5.460536
1216,1335,5.460537
1726,1845,5.460545
1973,2092,5.460545
813,932,5.460548
1728,1847,5.460548
2276,2395,5.460556
2604,2723,5.460578
1338,1457,5.460580
183,302,5.460584
1779,1898,5.460596
993,1112,5.460599
1397,1516,5.460599
1194,1313,5.460620
615,734,5.460631
799,918,5.460634
562,681,5.460635
2045,2164,5.460644
1507,1626,5.460657
1556,1675,5.460665
1503,1622,5.460676
1923,2042,5.460687
24,143,5.460688
468,587,5.460699
2475,2594,5.460713
2542,2661,5.460721
2379,2498,5.460732
2445,2564,5.460753
2013,2132,5.460757
1291,1410,5.460762
1323,1442,5.460767
2094,2213,5.460778
178,297,5.460786
2470,2589,5.460797
434,553,5.460812
1723,1842,5.460812
1016,1135,5.460831
1907,2026,5.460832
103,2983,5.460834
2523,2642,5.460844
1704,1823,5.460851
1112,1231,5.460860
888,1007,5.460866
37,156,5.460890
2398,2517,5.460890
2723,2842,5.460892
1531,1650,5.460906
274,393,5.460922
534,653,5.460923
74,193,5.460937
784,903,5.460948
27,2907,5.460965
1072,1191,5.460971
1294,1413,5.460972
1006,1125,5.460981
2041,2160,5.460985
1804,1923,5.460991
1584,1703,5.460994
115,2995,5.461000
2354,2473,5.461008
2864,2983,5.461021
77,2957,5.461024
325,444,5.461027
375,494,5.461030
875,994,5.461040
2160,2319,5.461049
1869,1988,5.461064
2591,2710,5.461068
2182,2301,5.461074
2214,2333,5.461080
781,900,5.461102
1622,1741,5.461109
250,369,5.461139
102,221,5.461156
2595,2714,5.461177
1044,1163,5.461184
496,615,5.461222
2032,2151,5.461231
2289,2408,5.461241
612,731,5.461250
181,300,5.461266
506,625,5.461274
130,249,5.461280
2739,2858,5.461307
2710,2829,5.461312
2016,2135,5.461313
106,225,5.461330
447,566,5.461337
1122,1241,5.461350
2132,2251,5.461384
2407,2526,5.461401
1141,1260,5.461404
1125,1244,5.461438
1359,1478,5.461451
1672,1791,5.461456
877,996,5.461467
1675,1794,5.461471
1594,1713,5.461472
105,2985,5.461475
271,390,5.461497
2185,2304,5.461501
640,799,5.461515
2695,2814,5.461526
1776,1895,5.461534
1069,1188,5.461547
206,325,5.461548
322,441,5.461565
756,875,5.461566
1266,1385,5.461580
2614,2733,5.461586
997,1116,5.461595
2473,2592,5.461597
221,340,5.461601
1190,1309,5.461610
1582,1701,5.461616
2642,2761,5.461685
1309,1428,5.461692
1700,1819,5.461710
1897,2016,5.461737
2104,2223,5.461787
2210,2329,5.461816
1848,1967,5.461876
809,928,5.461891
731,850,5.461916
2720,2879,5.461929
193,312,5.462014
1387,1506,5.462027
2526,2645,5.462059
418,537,5.462082
77,196,5.462095
2278,2397,5.462120
587,706,5.462128
1097,1216,5.462156
1819,1938,5.462163
1607,1726,5.462180
2157,2276,5.462199
2667,2786,5.462214
2788,2907,5.462225
1241,1360,5.462257
299,418,5.462323
703,822,5.462370
1920,2079,5.462409
1213,1332,5.462433
2329,2448,5.462518
1791,1910,5.462626
928,1047,5.462754
1478,1597,5.462794
1988,2107,5.462829
2498,2617,5.462860
9,128,5.462885
2879,2998,5.462899
559,678,5.462906
2301,2420,5.463023
390,509,5.463308
2811,2930,5.463371
900,1019,5.463638
1410,1529,5.463666
1164,2664,18.743524
1217,2717,18.743525
544,2043,18.743530
1151,2611,18.743535
1357,2856,18.743537
491,2030,18.743545
1270,2730,18.743546
1098,2598,18.743551
670,2130,18.743552
1430,2890,18.743553
651,2190,18.743563
597,2096,18.743565
1045,2545,18.743565
617,2117,18.743566
1411,2950,18.743572
1304,2803,18.743573
711,2171,18.743579
1370,2909,18.743581
1471,2931,18.743592
478,1977,18.743595
391,1851,18.743598
1283,2783,18.743599
1439,2938,18.743612
1377,2877,18.743618
699,2199,18.743620
404,1904,18.743626
692,2231,18.743628
704,2203,18.743632
1443,2943,18.743634
667,2166,18.743634
679,2178,18.743641
1406,2906,18.743651
1464,2963,18.743652
674,2134,18.743659
683,2183,18.743661
425,1924,18.743667
638,2137,18.743667
610,2149,18.743669
1251,2790,18.743670
457,1957,18.743671
1374,2913,18.743672
1381,2841,18.743672
1418,2918,18.743677
1349,2848,18.743677
564,2064,18.743677
1336,2836,18.743696
1398,2897,18.743697
658,2158,18.743700
724,2224,18.743700
1459,2959,18.743704
524,2063,18.743707
602,2141,18.743711
1452,2991,18.743715
596,2056,18.743716
1271,2770,18.743728
1423,2922,18.743729
646,2146,18.743734
1427,2926,18.743737
510,1970,18.743740
1356,2816,18.743742
446,1985,18.743743
372,1911,18.743750
1193,2692,18.743760
1278,2738,18.743767
589,2088,18.743772
1484,2984,18.743788
1115,2614,18.743796
322,1822,18.743797
614,2153,18.743799
518,1978,18.743802
1324,2824,18.743803
1238,2737,18.743810
621,2081,18.743811
400,1900,18.743813
368,1907,18.743819
1069,2529,18.743821
1434,2894,18.743823
1303,2763,18.743824
359,1858,18.743832
531,2031,18.743836
609,2109,18.743840
523,2023,18.743841
1386,2885,18.743841
1389,2849,18.743852
663,2162,18.743859
277,1776,18.743863
551,2011,18.743865
1160,2660,18.743871
153,1613,18.743877
860,2320,18.743881
906,2405,18.743881
752,2212,18.743888
1496,2996,18.743889
68,1567,18.743891
199,1698,18.743896
1147,2607,18.743899
306,1805,18.743905
775,2314,18.743906
757,2256,18.743907
680,2219,18.743913
585,2084,18.743917
736,2236,18.743918
991,2451,18.743921
984,2483,18.743923
22,1482,18.743925
1225,2685,18.743925
626,2125,18.743940
745,2244,18.743941
729,2229,18.743946
1284,2823,18.743953
1296,2835,18.743953
453,1953,18.743954
244,1744,18.743960
253,1792,18.743964
1476,2936,18.743968
17,1517,18.743973
1185,2684,18.743977
576,2076,18.743984
1393,2853,18.743985
644,2183,18.743991
511,2010,18.743993
1345,2844,18.743996
231,1691,18.743996
1476,2975,18.744002
1362,2901,18.744004
1365,2865,18.744007
1391,2890,18.744013
355,1854,18.744014
1037,2536,18.744015
687,2187,18.744019
605,2105,18.744028
638,2098,18.744034
1328,2828,18.744045
1345,2805,18.744054
1321,2860,18.744059
1144,2643,18.744060
553,2052,18.744071
1206,2745,18.744071
938,2438,18.744081
1311,2771,18.744081
1402,2902,18.744084
1260,2799,18.744085
290,1829,18.744087
433,1932,18.744092
507,1967,18.744097
160,1699,18.744099
777,2277,18.744100
907,2406,18.744100
992,2452,18.744100
245,1745,18.744103
154,1614,18.744105
1214,2714,18.744106
498,1998,18.744106
1038,2537,18.744107
291,1830,18.744111
422,1921,18.744112
1083,2583,18.744114
1129,2668,18.744115
1197,2696,18.744115
376,1876,18.744116
861,2321,18.744116
577,2116,18.744122
69,1568,18.744134
1062,2561,18.744156
1132,2671,18.744156
716,2215,18.744156
776,2315,18.744161
146,1645,18.744176
1082,2582,18.744180
629,2089,18.744181
633,2093,18.744184
5,1505,18.744192
1512,2972,18.744193
23,1483,18.744198
1210,2749,18.744201
543,2003,18.744208
1218,2757,18.744221
499,2038,18.744227
455,1955,18.744232
1162,2662,18.744238
655,2194,18.744239
1208,2747,18.744247
730,2230,18.744247
370,1909,18.744267
853,2392,18.744277
501,2000,18.744280
532,2071,18.744282
375,1875,18.744295
1140,2679,18.744298
1440,2979,18.744304
38,1537,18.744306
1477,2937,18.744311
309,1769,18.744320
95,1634,18.744321
1117,2616,18.744323
1263,2762,18.744324
1398,2858,18.744325
651,2151,18.744326
1293,2793,18.744328
566,2105,18.744330
1404,2943,18.744332
887,2387,18.744334
1119,2618,18.744335
1313,2812,18.744340
697,2236,18.744345
802,2341,18.744348
1369,2869,18.744348
10,1549,18.744350
789,2249,18.744352
520,2020,18.744355
561,2100,18.744359
1333,2872,18.744361
1489,2989,18.744364
536,2075,18.744368
1267,2727,18.744377
180,1640,18.744381
100,1560,18.744384
445,1945,18.744384
586,2046,18.744388
782,2242,18.744391
645,2184,18.744391
1359,2819,18.744397
475,1974,18.744404
1455,2955,18.744408
324,1824,18.744409
612,2112,18.744415
49,1549,18.744417
770,2309,18.744420
1291,2791,18.744424
568,2068,18.744424
75,1535,18.744425
29,1489,18.744426
1258,2758,18.744431
527,2066,18.744434
1128,2667,18.744435
1182,2681,18.744437
1292,2831,18.744438
642,2142,18.744445
1339,2878,18.744460
933,2472,18.744461
337,1837,18.744463
828,2327,18.744468
429,1889,18.744477
1365,2904,18.744484
573,2112,18.744487
1392,2891,18.744490
1316,2815,18.744490
807,2307,18.744493
1090,2629,18.744495
1044,2544,18.744502
465,1925,18.744503
1066,2565,18.744503
1016,2516,18.744504
81,1620,18.744521
1136,2636,18.744524
1071,2531,18.744528
592,2052,18.744530
1274,2773,18.744532
1250,2750,18.744533
796,2256,18.744533
815,2354,18.744535
108,1607,18.744536
632,2131,18.744539
387,1847,18.744540
1352,2812,18.744546
1447,2947,18.744551
226,1725,18.744568
70,1530,18.744570
344,1843,18.744580
765,2265,18.744582
729,2268,18.744584
913,2373,18.744585
625,2085,18.744588
383,1882,18.744595
658,2197,18.744601
421,1920,18.744602
1378,2917,18.744603
15,1554,18.744604
639,2099,18.744610
252,1791,18.744619
900,2360,18.744622
798,2297,18.744623
1424,2884,18.744625
62,1522,18.744625
662,2122,18.744636
1051,2590,18.744644
1188,2648,18.744648
1013,2552,18.744650
396,1895,18.744655
166,1666,18.744661
1340,2800,18.744663
584,2044,18.744666
432,1892,18.744681
1332,2832,18.744681
279,1778,18.744683
733,2272,18.744684
959,2458,18.744688
481,1981,18.744696
1018,2518,18.744700
1503,2963,18.744701
224,1723,18.744704
1329,2868,18.744710
717,2177,18.744714
722,2261,18.744715
298,1798,18.744719
671,2170,18.744719
519,2018,18.744738
1346,2806,18.744753
212,1751,18.744757
1175,2675,18.744757
1450,2950,18.744761
441,1941,18.744761
960,2499,18.744769
1243,2782,18.744774
1103,2602,18.744787
193,1653,18.744789
695,2195,18.744792
1213,2713,18.744801
1005,2505,18.744805
1470,2969,18.744806
585,2045,18.744808
1292,2792,18.744808
769,2269,18.744813
1094,2594,18.744814
830,2290,18.744817
999,2498,18.744818
1469,2968,18.744823
1205,2705,18.744829
1172,2672,18.744832
1508,2968,18.744845
1308,2807,18.744850
311,1771,18.744854
947,2446,18.744854
356,1855,18.744857
1148,2608,18.744858
986,2485,18.744877
1315,2775,18.744888
540,2079,18.744888
172,1711,18.744895
723,2262,18.744898
213,1752,18.744903
931,2470,18.744918
919,2418,18.744919
554,2053,18.744922
458,1997,18.744922
711,2210,18.744923
735,2274,18.744926
716,2176,18.744928
1228,2688,18.744929
580,2040,18.744930
1463,2923,18.744931
740,2200,18.744945
1004,2504,18.744957
1337,2876,18.744957
743,2203,18.744959
1298,2837,18.744973
468,1928,18.744976
1338,2877,18.744976
379,1879,18.744980
500,2039,18.744985
1234,2733,18.744987
16,1555,18.744989
1415,2954,18.744989
802,2302,18.744991
1382,2881,18.744994
1279,2778,18.744995
1442,2981,18.745007
920,2459,18.745015
450,1989,18.745015
1064,2563,18.745026
1154,2653,18.745027
42,1542,18.745028
1423,2883,18.745028
946,2445,18.745031
506,1966,18.745033
591,2090,18.745043
401,1901,18.745044
1063,2562,18.745048
63,1562,18.745049
350,1810,18.745052
217,1717,18.745056
361,1861,18.745063
28,1527,18.745067
964,2464,18.745073
808,2308,18.745077
58,1558,18.745088
73,1533,18.745102
1516,2976,18.745104
206,1706,18.745106
297,1797,18.745113
233,1693,18.745115
302,1801,18.745116
1261,2760,18.745121
631,2130,18.745122
503,2002,18.745127
1280,2819,18.745130
167,1667,18.745142
545,2005,18.745143
178,1678,18.745143
970,2509,18.745147
126,1626,18.745154
101,1561,18.745161
636,2096,18.745162
26,1525,18.745164
782,2281,18.745165
539,2039,18.745174
780,2240,18.745178
452,1952,18.745178
1389,2888,18.745184
51,1590,18.745187
36,1496,18.745192
1418,2957,18.745205
380,1919,18.745206
823,2322,18.745207
357,1856,18.745213
308,1768,18.745214
1247,2786,18.745216
756,2216,18.745232
436,1935,18.745238
924,2424,18.745239
748,2208,18.745239
854,2393,18.745240
407,1946,18.745243
520,2059,18.745244
1221,2720,18.745247
1192,2652,18.745256
490,1990,18.745258
124,1624,18.745259
1299,2799,18.745259
466,1965,18.745261
548,2047,18.745269
326,1826,18.745270
1050,2589,18.745271
1205,2744,18.745286
914,2374,18.745286
556,2055,18.745289
1259,2798,18.745301
630,2129,18.745301
147,1646,18.745312
826,2325,18.745312
689,2189,18.745317
487,2026,18.745318
239,1738,18.745342
1383,2843,18.745345
1207,2746,18.745346
508,1968,18.745351
1435,2934,18.745354
1108,2568,18.745361
871,2331,18.745367
1015,2515,18.745369
1165,2704,18.745371
885,2385,18.745376
939,2439,18.745376
1152,2651,18.745392
1199,2659,18.745395
1061,2560,18.745397
940,2400,18.745400
1194,2693,18.745407
708,2207,18.745413
1149,2609,18.745413
22,1521,18.745417
820,2280,18.745420
968,2507,18.745425
33,1493,18.745426
232,1692,18.745432
310,1770,18.745442
1009,2548,18.745443
483,2022,18.745445
257,1757,18.745445
399,1859,18.745449
82,1621,18.745449
555,2015,18.745450
1343,2803,18.745452
343,1842,18.745452
824,2323,18.745454
789,2288,18.745455
1057,2557,18.745457
985,2484,18.745479
640,2179,18.745480
83,1583,18.745481
953,2413,18.745488
215,1715,18.745498
263,1762,18.745502
917,2416,18.745504
642,2181,18.745505
684,2223,18.745505
569,2108,18.745507
454,1954,18.745510
496,2035,18.745511
278,1777,18.745516
313,1773,18.745537
1161,2661,18.745539
1070,2530,18.745543
665,2125,18.745550
1487,2987,18.745551
352,1851,18.745554
369,1908,18.745557
323,1823,18.745558
71,1531,18.745561
1116,2615,18.745563
1252,2752,18.745564
514,2013,18.745566
873,2333,18.745609
552,2051,18.745610
93,1632,18.745614
1215,2715,18.745615
9,1509,18.745616
1087,2626,18.745620
168,1707,18.745620
402,1902,18.745622
1143,2642,18.745627
829,2328,18.745633
1226,2725,18.745639
1287,2787,18.745640
1387,2886,18.745643
816,2316,18.745653
672,2132,18.745654
1135,2635,18.745656
494,1994,18.745671
960,2460,18.745677
1139,2639,18.745695
488,1988,18.745696
1239,2699,18.745702
1422,2882,18.745703
132,1671,18.745706
498,2037,18.745707
1144,2604,18.745711
811,2350,18.745716
1031,2491,18.745717
24,1523,18.745720
148,1647,18.745736
405,1944,18.745737
1288,2788,18.745746
42,1581,18.745746
1319,2779,18.745749
1203,2742,18.745749
818,2318,18.745751
953,2452,18.745759
261,1760,18.745771
260,1720,18.745771
1472,2932,18.745772
117,1616,18.745782
1097,2636,18.745787
622,2121,18.745789
256,1756,18.745791
344,1804,18.745796
119,1618,18.745799
769,2308,18.745804
1448,2987,18.745804
761,2261,18.745805
1237,2697,18.745813
413,1952,18.745827
95,1595,18.745836
76,1536,18.745838
1195,2694,18.745839
79,1578,18.745841
1273,2733,18.745855
800,2339,18.745856
1417,2917,18.745863
1241,2780,18.745866
855,2355,18.745867
1436,2896,18.745867
676,2136,18.745870
1379,2879,18.745870
412,1912,18.745874
223,1722,18.745875
428,1888,18.745887
1059,2598,18.745889
843,2343,18.745892
354,1853,18.745907
1500,2960,18.745912
423,1922,18.745918
1106,2566,18.745919
238,1698,18.745921
835,2334,18.745927
1306,2766,18.745929
527,2027,18.745930
486,1986,18.745931
316,1815,18.745932
447,1986,18.745938
625,2124,18.745945
367,1906,18.745946
1344,2804,18.745961
62,1561,18.745964
1089,2589,18.745964
1372,2872,18.745965
207,1707,18.745966
121,1660,18.745969
382,1842,18.745974
160,1660,18.745975
113,1573,18.745977
1425,2924,18.745977
1255,2794,18.745997
786,2285,18.745998
1010,2549,18.746002
922,2422,18.746002
265,1764,18.746008
54,1554,18.746014
116,1615,18.746019
1431,2930,18.746021
1017,2517,18.746045
1127,2627,18.746049
448,1987,18.746060
874,2334,18.746060
551,2050,18.746062
807,2346,18.746067
783,2243,18.746069
334,1834,18.746069
915,2414,18.746075
762,2301,18.746078
1235,2695,18.746086
1230,2729,18.746087
170,1709,18.746092
47,1547,18.746098
390,1850,18.746101
109,1569,18.746103
1055,2555,18.746112
194,1654,18.746113
1267,2766,18.746113
1246,2746,18.746115
1474,2934,18.746115
92,1592,18.746115
778,2278,18.746118
855,2394,18.746127
1086,2586,18.746128
206,1745,18.746131
526,2026,18.746143
75,1574,18.746146
675,2174,18.746146
1181,2680,18.746146
284,1784,18.746150
1262,2722,18.746152
963,2463,18.746156
715,2175,18.746165
276,1736,18.746169
507,2006,18.746177
983,2443,18.746182
701,2200,18.746188
557,2056,18.746203
441,1980,18.746207
1165,2665,18.746212
945,2405,18.746221
253,1753,18.746231
695,2234,18.746232
460,1999,18.746245
704,2164,18.746254
16,1516,18.746255
1457,2996,18.746257
1201,2701,18.746259
1130,2669,18.746261
1411,2911,18.746265
634,2094,18.746272
572,2072,18.746273
750,2249,18.746274
130,1630,18.746277
1240,2740,18.746284
619,2158,18.746289
991,2490,18.746293
41,1580,18.746293
876,2375,18.746305
3,1542,18.746305
739,2278,18.746316
731,2270,18.746319
1408,2947,18.746319
1490,2990,18.746326
1326,2865,18.746327
599,2059,18.746330
1242,2742,18.746339
794,2254,18.746339
314,1774,18.746340
390,1889,18.746343
1021,2481,18.746344
1173,2712,18.746345
437,1897,18.746347
835,2295,18.746351
637,2097,18.746359
1,1501,18.746362
1203,2703,18.746370
573,2073,18.746380
1051,2551,18.746386
1349,2809,18.746393
492,1992,18.746394
127,1627,18.746395
335,1874,18.746397
710,2170,18.746399
352,1812,18.746401
88,1588,18.746412
360,1899,18.746416
1159,2619,18.746427
595,2094,18.746428
1290,2790,18.746431
845,2384,18.746435
474,1973,18.746436
581,2041,18.746441
420,1880,18.746441
1280,2780,18.746447
111,1571,18.746450
580,2119,18.746452
1387,2847,18.746454
1295,2795,18.746461
879,2378,18.746468
450,1950,18.746473
104,1603,18.746474
1425,2885,18.746480
495,2034,18.746485
777,2316,18.746485
841,2380,18.746488
793,2253,18.746491
725,2225,18.746505
533,2033,18.746507
814,2314,18.746510
921,2460,18.746515
1053,2553,18.746523
373,1912,18.746524
488,2027,18.746529
909,2369,18.746534
171,1710,18.746535
1073,2533,18.746541
534,2034,18.746543
1041,2541,18.746549
911,2371,18.746553
868,2367,18.746555
168,1668,18.746564
839,2299,18.746569
1501,2961,18.746577
102,1562,18.746577
883,2422,18.746579
534,2073,18.746580
1446,2985,18.746580
134,1673,18.746580
688,2227,18.746588
1429,2928,18.746608
55,1594,18.746612
698,2237,18.746613
297,1836,18.746619
1235,2734,18.746627
1279,2739,18.746629
1135,2674,18.746632
587,2086,18.746638
1077,2576,18.746638
1348,2808,18.746647
377,1877,18.746649
1332,2871,18.746659
678,2138,18.746660
604,2143,18.746666
1097,2597,18.746666
496,1996,18.746685
926,2426,18.746690
1468,2967,18.746692
70,1569,18.746704
972,2511,18.746714
854,2354,18.746718
1059,2559,18.746722
458,1958,18.746722
866,2365,18.746727
1286,2825,18.746728
306,1766,18.746729
1146,2606,18.746734
303,1802,18.746736
1325,2864,18.746741
442,1942,18.746741
930,2469,18.746743
136,1636,18.746744
880,2419,18.746745
1266,2726,18.746760
1352,2851,18.746766
473,1933,18.746773
1241,2741,18.746783
1023,2522,18.746784
907,2367,18.746793
100,1639,18.746801
1390,2889,18.746807
709,2208,18.746809
477,1937,18.746811
314,1813,18.746816
219,1719,18.746818
718,2217,18.746823
1264,2763,18.746825
877,2337,18.746834
502,1962,18.746839
1493,2993,18.746840
1114,2613,18.746845
656,2195,18.746849
225,1724,18.746868
1189,2649,18.746872
1274,2734,18.746877
148,1608,18.746882
848,2387,18.746896
1361,2861,18.746902
1029,2528,18.746904
32,1531,18.746921
1020,2480,18.746922
918,2417,18.746925
1405,2944,18.746931
878,2377,18.746933
269,1729,18.746938
1304,2764,18.746942
579,2118,18.746945
1486,2986,18.746946
130,1669,18.746950
470,1969,18.746952
191,1690,18.746960
718,2178,18.746965
411,1950,18.746965
348,1808,18.746966
1120,2620,18.746966
633,2132,18.746970
635,2095,18.746976
409,1948,18.746988
1105,2604,18.747001
727,2227,18.747004
1258,2797,18.747005
347,1846,18.747009
962,2462,18.747010
908,2368,18.747013
1287,2826,18.747018
512,2011,18.747019
1204,2743,18.747019
397,1896,18.747022
327,1866,18.747024
1416,2955,18.747034
403,1942,18.747049
122,1622,18.747055
1319,2818,18.747055
249,1788,18.747057
88,1627,18.747057
413,1913,18.747058
862,2361,18.747058
353,1852,18.747074
1038,2498,18.747076
1233,2693,18.747082
1084,2584,18.747085
1120,2659,18.747090
809,2309,18.747090
1363,2902,18.747100
173,1712,18.747109
559,2019,18.747120
741,2240,18.747131
1485,2985,18.747136
961,2461,18.747137
514,1974,18.747146
46,1546,18.747155
1371,2871,18.747156
1067,2566,18.747167
330,1869,18.747175
1104,2603,18.747192
1022,2521,18.747193
1167,2706,18.747196
229,1728,18.747197
110,1570,18.747208
153,1652,18.747209
847,2347,18.747213
788,2287,18.747215
1188,2687,18.747216
24,1484,18.747228
1402,2941,18.747231
1414,2914,18.747233
605,2144,18.747233
663,2123,18.747251
454,1993,18.747252
655,2155,18.747252
115,1575,18.747253
967,2467,18.747259
1183,2643,18.747263
535,2074,18.747266
292,1792,18.747266
864,2363,18.747268
1006,2545,18.747269
1214,2753,18.747273
901,2400,18.747276
1426,2925,18.747278
719,2218,18.747283
652,2152,18.747284
721,2260,18.747290
129,1668,18.747296
1302,2801,18.747300
817,2317,18.747300
643,2182,18.747309
1245,2784,18.747309
244,1783,18.747321
125,1625,18.747324
305,1804,18.747327
723,2223,18.747330
169,1708,18.747334
131,1670,18.747344
376,1915,18.747350
664,2124,18.747359
1327,2827,18.747360
640,2140,18.747361
896,2396,18.747366
1024,2484,18.747374
602,2102,18.747376
867,2327,18.747376
1060,2599,18.747381
351,1811,18.747382
1341,2801,18.747382
214,1753,18.747397
133,1633,18.747400
742,2241,18.747426
1385,2845,18.747427
476,1936,18.747439
451,1951,18.747444
1190,2689,18.747447
583,2043,18.747447
1182,2642,18.747451
1390,2850,18.747454
1370,2870,18.747456
1202,2741,18.747456
1478,2977,18.747464
532,2032,18.747473
499,1999,18.747483
965,2465,18.747484
1042,2581,18.747500
779,2279,18.747508
138,1677,18.747513
1108,2607,18.747513
1045,2584,18.747518
1312,2811,18.747519
1342,2802,18.747524
86,1586,18.747534
1463,2962,18.747537
954,2414,18.747543
217,1756,18.747545
682,2221,18.747550
1417,2956,18.747553
164,1664,18.747562
915,2375,18.747563
259,1798,18.747571
292,1831,18.747573
618,2157,18.747578
865,2325,18.747580
1334,2873,18.747582
996,2495,18.747587
294,1833,18.747588
1058,2558,18.747594
194,1693,18.747594
1184,2644,18.747608
1474,2973,18.747617
694,2233,18.747625
1095,2595,18.747639
1467,2927,18.747649
578,2117,18.747650
583,2082,18.747659
1074,2573,18.747661
159,1658,18.747664
18,1518,18.747666
346,1806,18.747669
17,1556,18.747671
1399,2859,18.747673
1080,2619,18.747675
1388,2887,18.747683
1197,2657,18.747696
162,1662,18.747696
1231,2691,18.747706
176,1715,18.747722
1351,2850,18.747722
1437,2897,18.747726
872,2332,18.747727
693,2193,18.747732
710,2209,18.747736
85,1585,18.747748
1448,2948,18.747749
889,2428,18.747750
1122,2622,18.747756
340,1800,18.747758
901,2361,18.747768
794,2293,18.747787
1209,2709,18.747789
7,1546,18.747815
949,2448,18.747819
1326,2826,18.747824
266,1765,18.747829
1285,2824,18.747831
1177,2716,18.747841
1107,2606,18.747852
1168,2668,18.747859
497,2036,18.747865
258,1758,18.747865
1156,2655,18.747865
862,2322,18.747867
439,1899,18.747867
1475,2935,18.747868
934,2473,18.747870
107,1567,18.747873
43,1582,18.747874
140,1600,18.747875
325,1825,18.747875
58,1597,18.747888
1216,2716,18.747889
691,2191,18.747890
1249,2788,18.747890
976,2476,18.747897
1502,2962,18.747906
568,2107,18.747908
839,2338,18.747909
317,1777,18.747910
932,2471,18.747918
1300,2839,18.747921
428,1927,18.747922
848,2348,18.747926
270,1730,18.747928
1459,2998,18.747931
1004,2543,18.747953
886,2425,18.747955
850,2350,18.747956
565,2104,18.747960
14,1553,18.747962
442,1981,18.747964
706,2166,18.747967
1294,2833,18.747972
202,1741,18.747980
267,1766,18.747981
177,1677,18.747983
35,1534,18.747992
1093,2632,18.748004
643,2143,18.748021
579,2079,18.748021
484,1984,18.748025
449,1988,18.748026
597,2057,18.748029
1211,2750,18.748034
1252,2791,18.748042
1375,2875,18.748042
1145,2605,18.748051
147,1607,18.748052
1101,2600,18.748054
727,2266,18.748055
361,1900,18.748056
1315,2814,18.748059
158,1618,18.748062
1009,2509,18.748062
795,2255,18.748062
822,2282,18.748068
328,1867,18.748074
1013,2513,18.748089
1012,2551,18.748090
973,2512,18.748090
321,1821,18.748101
567,2106,18.748103
1039,2538,18.748115
434,1933,18.748118
1042,2542,18.748122
1180,2640,18.748131
40,1579,18.748133
203,1703,18.748138
241,1780,18.748139
1021,2520,18.748151
191,1651,18.748157
1480,2980,18.748161
20,1480,18.748162
424,1923,18.748166
141,1640,18.748179
1510,2970,18.748180
161,1661,18.748196
892,2392,18.748200
48,1548,18.748204
157,1656,18.748210
588,2048,18.748215
760,2299,18.748228
115,1614,18.748229
254,1754,18.748240
690,2190,18.748242
255,1755,18.748248
1011,2550,18.748251
786,2246,18.748260
45,1584,18.748269
511,1971,18.748274
1219,2758,18.748281
1072,2532,18.748288
505,1965,18.748290
176,1676,18.748299
1067,2527,18.748310
1083,2622,18.748318
724,2263,18.748324
1166,2705,18.748327
593,2092,18.748329
801,2340,18.748330
232,1731,18.748331
1221,2681,18.748333
281,1781,18.748333
785,2284,18.748338
1408,2908,18.748340
1410,2910,18.748346
877,2376,18.748354
840,2340,18.748355
419,1958,18.748365
282,1821,18.748371
415,1915,18.748377
220,1680,18.748378
824,2284,18.748379
35,1495,18.748385
1449,2988,18.748388
189,1649,18.748401
1471,2970,18.748403
601,2101,18.748409
1039,2499,18.748413
414,1914,18.748426
880,2380,18.748428
863,2362,18.748429
181,1641,18.748429
598,2097,18.748431
1433,2893,18.748432
401,1940,18.748437
94,1633,18.748439
538,2077,18.748439
1397,2857,18.748447
1340,2879,18.748451
1310,2809,18.748460
921,2421,18.748463
391,1890,18.748469
392,1891,18.748475
1052,2552,18.748475
1206,2706,18.748484
1158,2657,18.748487
728,2228,18.748488
557,2017,18.748496
155,1654,18.748502
398,1897,18.748503
898,2437,18.748520
610,2110,18.748523
886,2386,18.748531
787,2286,18.748538
1242,2781,18.748539
461,1921,18.748540
449,1949,18.748547
355,1815,18.748548
649,2149,18.748559
404,1943,18.748562
869,2329,18.748574
1314,2813,18.748575
1161,2700,18.748576
572,2111,18.748578
291,1791,18.748578
542,2002,18.748584
701,2161,18.748591
1077,2537,18.748591
790,2289,18.748592
893,2432,18.748592
1150,2649,18.748599
186,1646,18.748601
179,1679,18.748604
367,1867,18.748608
1054,2593,18.748611
1511,2971,18.748616
924,2463,18.748623
673,2133,18.748625
693,2232,18.748630
304,1803,18.748638
315,1814,18.748639
228,1727,18.748647
429,1928,18.748662
654,2154,18.748686
1514,2974,18.748687
927,2427,18.748694
795,2294,18.748699
1126,2665,18.748700
388,1848,18.748702
1295,2834,18.748704
950,2410,18.748704
73,1572,18.748710
806,2306,18.748712
414,1953,18.748715
246,1746,18.748717
1062,2522,18.748726
25,1524,18.748729
1336,2875,18.748745
53,1592,18.748753
92,1631,18.748759
1443,2982,18.748776
951,2411,18.748777
1438,2898,18.748777
299,1838,18.748779
34,1533,18.748781
620,2080,18.748799
1141,2640,18.748801
1151,2650,18.748801
1305,2804,18.748804
320,1859,18.748808
681,2181,18.748809
424,1884,18.748814
957,2456,18.748818
1290,2829,18.748821
1444,2983,18.748826
417,1956,18.748839
171,1671,18.748842
916,2415,18.748851
120,1620,18.748866
439,1938,18.748873
1403,2903,18.748892
435,1895,18.748895
363,1863,18.748896
686,2186,18.748897
860,2399,18.748901
833,2293,18.748916
936,2475,18.748916
182,1681,18.748919
34,1494,18.748941
944,2443,18.748943
731,2231,18.748951
275,1774,18.748958
875,2335,18.748960
259,1759,18.748960
923,2423,18.748961
1229,2728,18.748975
650,2150,18.748981
696,2196,18.748984
549,2048,18.748986
547,2007,18.748989
1076,2536,18.748989
307,1767,18.748994
443,1982,18.748999
1362,2862,18.749003
30,1529,18.749006
1096,2596,18.749024
1168,2707,18.749033
1028,2488,18.749037
135,1674,18.749041
1470,2930,18.749045
598,2058,18.749047
1047,2547,18.749051
707,2167,18.749051
250,1789,18.749061
780,2319,18.749071
1136,2675,18.749072
260,1799,18.749087
549,2009,18.749088
521,2021,18.749094
475,1935,18.749095
227,1726,18.749095
175,1714,18.749100
1433,2932,18.749130
78,1577,18.749135
1395,2894,18.749136
338,1877,18.749144
335,1835,18.749156
627,2126,18.749156
1198,2658,18.749160
685,2185,18.749168
21,1481,18.749175
703,2163,18.749184
552,2012,18.749184
1189,2688,18.749185
1006,2506,18.749193
1099,2638,18.749196
1118,2617,18.749230
771,2310,18.749243
48,1587,18.749250
955,2454,18.749257
756,2255,18.749262
883,2383,18.749274
158,1657,18.749283
949,2409,18.749284
72,1532,18.749290
1192,2691,18.749294
986,2446,18.749303
1088,2627,18.749309
736,2275,18.749326
930,2430,18.749331
741,2201,18.749338
1001,2540,18.749350
550,2049,18.749350
196,1656,18.749357
509,1969,18.749361
186,1685,18.749361
237,1736,18.749361
898,2398,18.749365
966,2505,18.749366
394,1893,18.749368
977,2477,18.749374
289,1789,18.749376
993,2453,18.749382
1226,2686,18.749389
1395,2855,18.749389
389,1849,18.749406
929,2468,18.749414
1428,2888,18.749420
842,2381,18.749421
365,1904,18.749432
245,1784,18.749438
519,1979,18.749461
747,2246,18.749468
1014,2514,18.749484
1360,2860,18.749487
122,1661,18.749490
720,2220,18.749513
123,1623,18.749519
47,1586,18.749525
83,1622,18.749531
504,1964,18.749537
765,2304,18.749538
99,1599,18.749547
354,1814,18.749555
1401,2940,18.749567
1403,2942,18.749567
954,2453,18.749578
773,2312,18.749578
1121,2660,18.749585
942,2441,18.749585
619,2119,18.749585
939,2478,18.749596
752,2251,18.749606
884,2384,18.749607
641,2180,18.749623
845,2345,18.749629
32,1492,18.749652
1268,2728,18.749662
327,1827,18.749681
366,1905,18.749688
968,2468,18.749689
933,2433,18.749692
388,1887,18.749704
143,1603,18.749717
7,1507,18.749718
461,1960,18.749720
1068,2528,18.749726
320,1820,18.749730
1413,2913,18.749741
1196,2656,18.749751
138,1638,18.749763
236,1735,18.749767
1330,2830,18.749775
1142,2641,18.749783
1400,2900,18.749790
1008,2547,18.749795
732,2271,18.749804
109,1608,18.749806
827,2287,18.749807
742,2202,18.749810
832,2292,18.749812
214,1714,18.749813
1034,2494,18.749818
179,1718,18.749819
1220,2680,18.749830
89,1589,18.749836
446,1946,18.749864
1131,2631,18.749864
754,2253,18.749869
763,2302,18.749870
865,2364,18.749870
10,1510,18.749880
56,1595,18.749882
541,2001,18.749887
29,1528,18.749888
537,2037,18.749896
893,2393,18.749899
386,1885,18.749907
757,2217,18.749912
1070,2569,18.749917
1337,2837,18.749917
1113,2612,18.749922
105,1565,18.749928
1212,2712,18.749930
774,2313,18.749930
268,1728,18.749938
966,2466,18.749944
1121,2621,18.749946
900,2439,18.749951
155,1615,18.749953
1289,2789,18.749958
522,2022,18.749966
1464,2924,18.749967
542,2041,18.749969
141,1601,18.749973
221,1720,18.749980
251,1751,18.749982
1124,2663,18.749984
1277,2776,18.749985
1148,2647,18.749989
1224,2723,18.749995
996,2456,18.750007
767,2267,18.750011
330,1830,18.750014
345,1805,18.750032
763,2263,18.750032
672,2171,18.750044
1286,2786,18.750046
668,2128,18.750048
173,1673,18.750049
988,2487,18.750051
894,2433,18.750052
204,1704,18.750060
843,2382,18.750067
737,2276,18.750075
1211,2711,18.750077
408,1908,18.750079
773,2273,18.750081
615,2115,18.750084
1456,2995,18.750086
184,1683,18.750090
1110,2570,18.750090
20,1559,18.750097
601,2140,18.750099
270,1769,18.750099
1436,2935,18.750107
161,1700,18.750114
1257,2796,18.750120
1454,2993,18.750121
616,2155,18.750124
911,2410,18.750131
504,2003,18.750133
545,2044,18.750138
1379,2918,18.750144
502,2001,18.750144
1055,2594,18.750145
274,1734,18.750147
302,1762,18.750150
435,1934,18.750151
1193,2653,18.750152
187,1686,18.750155
1196,2695,18.750164
978,2478,18.750176
1393,2892,18.750196
974,2513,18.750197
714,2213,18.750200
696,2235,18.750208
1131,2670,18.750216
1396,2856,18.750226
84,1584,18.750228
185,1645,18.750247
974,2474,18.750256
1350,2849,18.750260
1029,2489,18.750265
626,2086,18.750267
333,1872,18.750275
476,1975,18.750282
979,2479,18.750282
836,2296,18.750288
438,1898,18.750291
689,2228,18.750294
822,2321,18.750296
210,1749,18.750310
629,2128,18.750313
1380,2840,18.750349
1114,2574,18.750372
1491,2991,18.750374
1341,2840,18.750400
1075,2574,18.750401
1333,2833,18.750414
947,2407,18.750422
348,1847,18.750426
79,1539,18.750429
1253,2753,18.750433
272,1732,18.750433
563,2102,18.750451
821,2281,18.750458
1107,2567,18.750462
2,1502,18.750463
112,1572,18.750464
1236,2696,18.750469
852,2391,18.750470
301,1761,18.750492
240,1779,18.750494
202,1702,18.750495
1150,2610,18.750498
1146,2645,18.750506
1227,2687,18.750509
118,1617,18.750517
943,2442,18.750520
459,1998,18.750528
1506,2966,18.750530
436,1896,18.750530
1276,2736,18.750548
222,1721,18.750554
1218,2718,18.750570
541,2040,18.750586
1264,2724,18.750587
1394,2893,18.750588
792,2291,18.750598
1125,2625,18.750601
726,2226,18.750602
1025,2524,18.750610
1400,2939,18.750611
1249,2749,18.750618
1007,2546,18.750620
1,1540,18.750623
1044,2583,18.750625
913,2412,18.750625
784,2244,18.750640
895,2395,18.750641
77,1576,18.750646
403,1903,18.750649
1305,2765,18.750649
117,1577,18.750669
1405,2905,18.750681
1364,2864,18.750695
935,2474,18.750700
247,1786,18.750717
1064,2524,18.750727
918,2378,18.750734
1091,2591,18.750745
466,1926,18.750749
397,1857,18.750752
67,1566,18.750760
826,2286,18.750768
648,2148,18.750771
164,1703,18.750774
4,1543,18.750781
1248,2787,18.750784
888,2388,18.750801
628,2127,18.750809
385,1845,18.750811
318,1817,18.750814
554,2014,18.750820
1322,2822,18.750836
480,1980,18.750854
1407,2946,18.750872
145,1605,18.750879
1190,2650,18.750888
216,1716,18.750890
1186,2646,18.750898
1488,2988,18.750908
908,2407,18.750917
416,1955,18.750922
235,1734,18.750925
969,2508,18.750935
981,2441,18.750938
156,1655,18.750942
587,2047,18.750943
588,2087,18.750949
204,1743,18.750950
365,1865,18.750956
1183,2682,18.750958
381,1880,18.750964
207,1746,18.750979
852,2352,18.750980
80,1580,18.750980
339,1878,18.750987
1275,2735,18.750990
445,1984,18.751006
495,1995,18.751008
271,1731,18.751031
114,1574,18.751033
749,2248,18.751047
174,1713,18.751047
819,2319,18.751059
364,1903,18.751060
1098,2637,18.751079
600,2100,18.751082
1256,2795,18.751096
797,2296,18.751098
373,1873,18.751112
4,1504,18.751112
185,1684,18.751132
611,2150,18.751137
1357,2817,18.751138
37,1497,18.751140
1419,2919,18.751151
489,1989,18.751166
546,2006,18.751169
1239,2738,18.751172
342,1802,18.751178
1273,2772,18.751185
1335,2874,18.751203
208,1747,18.751204
398,1858,18.751215
371,1871,18.751216
64,1563,18.751224
66,1565,18.751242
1152,2612,18.751244
764,2264,18.751256
1460,2999,18.751257
255,1794,18.751259
1202,2702,18.751260
1142,2602,18.751261
1228,2727,18.751263
329,1829,18.751283
882,2421,18.751284
190,1650,18.751292
623,2083,18.751306
840,2379,18.751310
751,2250,18.751316
858,2397,18.751319
1138,2677,18.751325
1052,2591,18.751335
926,2465,18.751353
967,2506,18.751354
248,1748,18.751402
678,2177,18.751415
517,2016,18.751417
870,2330,18.751444
1432,2892,18.751445
226,1686,18.751446
59,1559,18.751459
1294,2794,18.751462
136,1675,18.751464
1479,2978,18.751466
1095,2634,18.751482
145,1644,18.751487
525,2064,18.751488
27,1487,18.751498
526,2065,18.751500
1449,2949,18.751502
997,2496,18.751503
569,2069,18.751509
60,1520,18.751512
1061,2521,18.751514
606,2145,18.751514
183,1643,18.751519
1123,2662,18.751530
410,1949,18.751541
1373,2912,18.751558
9,1548,18.751559
19,1519,18.751579
879,2339,18.751585
570,2109,18.751590
867,2366,18.751611
994,2493,18.751614
738,2238,18.751629
0,1539,18.751630
1119,2579,18.751631
301,1800,18.751640
1248,2748,18.751642
1461,2960,18.751648
648,2187,18.751655
27,1526,18.751655
859,2359,18.751668
781,2241,18.751670
1478,2938,18.751673
228,1688,18.751680
1307,2806,18.751681
430,1890,18.751694
1112,2611,18.751694
982,2481,18.751703
395,1855,18.751729
276,1775,18.751731
686,2225,18.751743
13,1513,18.751750
1155,2615,18.751752
383,1843,18.751760
812,2312,18.751763
329,1868,18.751766
267,1727,18.751769
213,1713,18.751785
1272,2771,18.751791
869,2368,18.751792
1358,2818,18.751797
1178,2717,18.751800
1256,2756,18.751811
90,1629,18.751820
128,1628,18.751825
825,2324,18.751828
938,2477,18.751833
360,1860,18.751838
482,2021,18.751847
1372,2911,18.751848
995,2494,18.751850
471,1931,18.751850
1157,2656,18.751852
223,1683,18.751874
299,1799,18.751882
1458,2997,18.751896
1254,2754,18.751912
1024,2523,18.751923
1299,2838,18.751923
1259,2759,18.751925
420,1959,18.751935
971,2471,18.751966
1143,2603,18.751993
668,2167,18.751995
90,1590,18.751996
1002,2502,18.752030
1036,2496,18.752040
188,1648,18.752055
1460,2920,18.752056
2,1541,18.752060
600,2139,18.752068
1008,2508,18.752073
611,2111,18.752075
1177,2677,18.752076
667,2127,18.752078
897,2397,18.752078
1019,2519,18.752081
188,1687,18.752099
157,1617,18.752109
1130,2630,18.752122
1421,2881,18.752142
613,2152,18.752147
951,2450,18.752155
903,2363,18.752161
1046,2585,18.752175
120,1659,18.752187
975,2475,18.752188
364,1864,18.752195
443,1943,18.752197
1209,2748,18.752204
19,1558,18.752215
816,2355,18.752216
630,2090,18.752232
564,2103,18.752244
734,2273,18.752247
235,1695,18.752266
881,2420,18.752276
1347,2846,18.752321
371,1910,18.752325
1364,2903,18.752333
444,1983,18.752337
513,1973,18.752340
66,1526,18.752361
91,1630,18.752366
56,1556,18.752367
768,2268,18.752376
279,1739,18.752379
529,2068,18.752380
636,2135,18.752397
193,1692,18.752401
928,2467,18.752419
1027,2487,18.752428
471,1970,18.752433
937,2437,18.752439
249,1749,18.752439
427,1887,18.752440
529,2029,18.752450
357,1817,18.752453
1377,2916,18.752455
261,1721,18.752461
1111,2610,18.752467
1318,2778,18.752476
830,2329,18.752486
1137,2637,18.752493
74,1534,18.752498
705,2165,18.752524
1118,2578,18.752529
513,2012,18.752539
1262,2761,18.752555
1074,2534,18.752560
1079,2578,18.752564
528,2028,18.752565
657,2196,18.752568
1111,2571,18.752571
1368,2907,18.752581
289,1828,18.752582
831,2291,18.752583
992,2491,18.752584
106,1605,18.752593
837,2336,18.752598
1078,2538,18.752605
479,1939,18.752634
49,1588,18.752646
1027,2526,18.752654
646,2185,18.752659
152,1612,18.752659
166,1705,18.752663
748,2247,18.752667
891,2430,18.752688
599,2098,18.752689
592,2091,18.752691
998,2458,18.752722
1109,2608,18.752731
494,2033,18.752749
952,2412,18.752759
653,2153,18.752770
608,2147,18.752770
159,1619,18.752773
1473,2933,18.752776
200,1700,18.752806
669,2129,18.752814
272,1771,18.752828
286,1786,18.752828
1441,2980,18.752833
368,1868,18.752837
910,2370,18.752843
317,1816,18.752846
1179,2679,18.752854
981,2480,18.752871
105,1604,18.752876
190,1689,18.752893
1334,2834,18.752901
700,2239,18.752931
12,1512,18.752933
287,1826,18.752948
5,1544,18.752968
103,1602,18.752973
319,1818,18.752982
1276,2775,18.752983
698,2198,18.752987
1277,2737,18.752991
1296,2796,18.753001
69,1529,18.753011
1376,2915,18.753025
770,2270,18.753042
182,1642,18.753069
647,2147,18.753092
119,1579,18.753100
739,2239,18.753105
834,2294,18.753122
1421,2920,18.753124
858,2358,18.753145
896,2435,18.753147
384,1844,18.753155
726,2265,18.753173
183,1682,18.753182
813,2352,18.753183
647,2186,18.753195
337,1876,18.753200
1412,2912,18.753203
892,2431,18.753214
1251,2751,18.753214
133,1672,18.753237
323,1862,18.753238
430,1929,18.753242
187,1647,18.753248
754,2214,18.753248
697,2197,18.753251
1137,2676,18.753254
1040,2579,18.753255
1207,2707,18.753264
621,2120,18.753276
582,2042,18.753278
784,2283,18.753285
218,1757,18.753286
287,1787,18.753306
728,2267,18.753316
205,1705,18.753325
832,2331,18.753331
940,2479,18.753338
1278,2777,18.753354
248,1787,18.753356
345,1844,18.753359
31,1491,18.753367
910,2409,18.753372
1316,2776,18.753376
221,1681,18.753390
657,2157,18.753391
827,2326,18.753396
288,1788,18.753400
216,1755,18.753401
688,2188,18.753409
812,2351,18.753422
462,1961,18.753422
293,1793,18.753423
1450,2989,18.753427
1026,2525,18.753431
1244,2744,18.753439
1178,2678,18.753443
979,2518,18.753450
838,2298,18.753454
699,2238,18.753463
1020,2559,18.753467
1384,2844,18.753471
500,1960,18.753508
432,1931,18.753508
101,1600,18.753519
1104,2564,18.753522
1000,2500,18.753525
1079,2539,18.753535
914,2413,18.753537
712,2172,18.753554
530,2069,18.753559
333,1833,18.753563
1424,2923,18.753567
351,1850,18.753567
1036,2535,18.753573
1010,2510,18.753579
1283,2822,18.753591
856,2356,18.753594
1481,2981,18.753595
358,1857,18.753600
603,2142,18.753613
474,1934,18.753618
21,1520,18.753641
1102,2562,18.753646
1269,2729,18.753653
670,2169,18.753656
87,1587,18.753659
486,2025,18.753687
531,2070,18.753692
984,2444,18.753694
1420,2959,18.753718
269,1768,18.753719
503,1963,18.753726
426,1925,18.753728
1041,2580,18.753733
995,2455,18.753734
905,2404,18.753738
1261,2721,18.753761
91,1591,18.753763
1093,2593,18.753771
1191,2690,18.753771
870,2369,18.753776
60,1599,18.753778
1109,2569,18.753796
1494,2994,18.753797
129,1629,18.753798
230,1690,18.753822
1515,2975,18.753825
1466,2926,18.753827
956,2416,18.753833
39,1499,18.753839
477,1976,18.753855
753,2252,18.753861
406,1906,18.753872
977,2516,18.753878
1140,2600,18.753878
998,2497,18.753881
1180,2719,18.753886
766,2266,18.753890
1076,2575,18.753895
456,1995,18.753914
286,1825,18.753917
273,1733,18.753918
987,2486,18.753925
1348,2847,18.753925
505,2004,18.753933
282,1782,18.753933
620,2159,18.753936
1396,2895,18.753937
481,2020,18.753938
295,1795,18.753966
358,1818,18.753967
1323,2862,18.753969
1435,2895,18.753975
132,1632,18.753979
231,1730,18.754002
1092,2592,18.754018
846,2385,18.754025
1012,2512,18.754047
1322,2861,18.754064
378,1878,18.754066
1420,2880,18.754075
219,1758,18.754077
470,1930,18.754078
799,2259,18.754080
280,1780,18.754101
1015,2554,18.754104
1208,2708,18.754110
983,2482,18.754128
336,1875,18.754133
890,2429,18.754174
1082,2621,18.754186
418,1918,18.754197
714,2174,18.754222
77,1537,18.754228
23,1522,18.754240
300,1839,18.754255
1325,2825,18.754255
677,2137,18.754257
1127,2666,18.754316
65,1525,18.754316
350,1849,18.754330
80,1619,18.754368
766,2305,18.754371
1112,2572,18.754388
815,2315,18.754390
1445,2945,18.754405
801,2301,18.754414
251,1790,18.754426
116,1576,18.754440
1173,2673,18.754444
980,2440,18.754447
1385,2884,18.754455
405,1905,18.754459
533,2072,18.754464
423,1883,18.754468
1090,2590,18.754473
359,1819,18.754496
305,1765,18.754533
1415,2915,18.754567
1232,2731,18.754568
749,2209,18.754571
575,2075,18.754573
262,1761,18.754585
905,2365,18.754599
665,2164,18.754599
1311,2810,18.754624
393,1853,18.754631
895,2434,18.754659
1328,2867,18.754693
1043,2582,18.754722
948,2408,18.754725
1220,2759,18.754726
1327,2866,18.754727
1049,2549,18.754754
472,1971,18.754760
372,1872,18.754765
362,1862,18.754769
942,2402,18.754774
964,2503,18.754819
530,2030,18.754819
50,1589,18.754824
457,1996,18.754832
920,2420,18.754844
1032,2531,18.754879
1085,2585,18.754879
751,2211,18.754902
198,1697,18.754909
1440,2940,18.754916
818,2357,18.754920
669,2168,18.754922
385,1884,18.754952
1043,2543,18.754956
935,2435,18.754972
1065,2564,18.754980
63,1523,18.754985
96,1635,18.755008
819,2358,18.755011
93,1593,18.755016
1040,2540,18.755020
890,2390,18.755024
1317,2816,18.755029
1430,2929,18.755047
86,1625,18.755055
1455,2994,18.755058
189,1688,18.755063
1263,2723,18.755080
1169,2708,18.755102
976,2515,18.755123
1224,2684,18.755131
1281,2820,18.755135
753,2213,18.755163
308,1807,18.755169
809,2348,18.755170
14,1514,18.755170
1306,2805,18.755177
356,1816,18.755177
57,1557,18.755180
1518,2978,18.755181
274,1773,18.755183
137,1637,18.755185
796,2295,18.755195
866,2326,18.755195
1376,2876,18.755231
246,1785,18.755231
1058,2597,18.755245
873,2372,18.755248
151,1611,18.755276
387,1886,18.755283
1374,2874,18.755286
331,1831,18.755303
200,1739,18.755333
603,2103,18.755352
1347,2807,18.755352
897,2436,18.755353
313,1812,18.755356
1033,2532,18.755374
985,2445,18.755386
1167,2667,18.755396
175,1675,18.755417
912,2372,18.755418
39,1538,18.755434
1297,2797,18.755436
1266,2765,18.755436
1032,2492,18.755447
841,2341,18.755455
336,1836,18.755470
464,1963,18.755487
51,1551,18.755510
882,2382,18.755520
431,1930,18.755523
1517,2977,18.755527
744,2204,18.755544
1065,2525,18.755551
574,2074,18.755578
1391,2851,18.755590
285,1785,18.755593
666,2165,18.755617
425,1885,18.755623
492,2031,18.755623
1080,2580,18.755626
139,1639,18.755628
993,2492,18.755639
524,2024,18.755642
1069,2568,18.755658
864,2324,18.755664
685,2224,18.755690
285,1824,18.755694
561,2061,18.755701
362,1901,18.755708
787,2247,18.755717
767,2306,18.755721
178,1717,18.755725
1153,2613,18.755732
310,1809,18.755734
463,1962,18.755735
889,2389,18.755744
1358,2857,18.755748
1155,2654,18.755760
1078,2577,18.755771
872,2371,18.755789
945,2444,18.755804
912,2411,18.755807
1105,2565,18.755831
1125,2664,18.755837
683,2222,18.755838
1432,2931,18.755886
1422,2921,18.755887
151,1650,18.755902
472,1932,18.755948
1073,2572,18.755952
61,1521,18.755958
240,1740,18.755964
1089,2628,18.755965
370,1870,18.755970
962,2501,18.755982
331,1870,18.755983
982,2442,18.755989
277,1737,18.756008
1492,2992,18.756010
846,2346,18.756013
1014,2553,18.756021
1314,2774,18.756034
1162,2701,18.756043
708,2168,18.756066
811,2311,18.756069
790,2250,18.756073
1309,2769,18.756080
1394,2854,18.756088
1134,2634,18.756095
1513,2973,18.756105
559,2058,18.756109
1048,2587,18.756110
679,2139,18.756115
624,2123,18.756124
1353,2852,18.756125
1452,2952,18.756135
1201,2740,18.756147
928,2428,18.756154
124,1663,18.756162
990,2450,18.756177
386,1846,18.756179
772,2311,18.756186
212,1712,18.756193
150,1649,18.756204
844,2344,18.756210
46,1585,18.756214
1123,2623,18.756228
257,1796,18.756232
1479,2939,18.756243
652,2191,18.756262
201,1701,18.756263
121,1621,18.756275
1129,2629,18.756290
114,1613,18.756299
142,1602,18.756301
1227,2726,18.756305
560,2099,18.756305
298,1837,18.756318
1075,2535,18.756323
624,2084,18.756324
1007,2507,18.756326
571,2071,18.756327
242,1781,18.756331
163,1702,18.756335
1134,2673,18.756337
149,1609,18.756343
497,1997,18.756344
283,1783,18.756344
1465,2964,18.756352
1375,2914,18.756361
1419,2958,18.756375
734,2234,18.756376
1386,2846,18.756377
776,2276,18.756388
615,2154,18.756412
382,1881,18.756439
469,1929,18.756476
312,1772,18.756487
1281,2781,18.756494
1011,2511,18.756502
416,1916,18.756508
596,2095,18.756515
1467,2966,18.756541
1300,2760,18.756546
165,1665,18.756551
229,1689,18.756572
717,2216,18.756605
1321,2821,18.756618
589,2049,18.756620
876,2336,18.756630
674,2173,18.756646
1410,2949,18.756651
627,2087,18.756670
671,2131,18.756671
594,2093,18.756675
1081,2581,18.756687
485,2024,18.756689
1355,2854,18.756693
909,2408,18.756714
885,2424,18.756717
722,2222,18.756727
18,1557,18.756742
408,1947,18.756766
1447,2986,18.756779
1153,2652,18.756790
525,2025,18.756828
142,1641,18.756835
1103,2563,18.756850
6,1545,18.756875
1210,2710,18.756890
1174,2674,18.756891
167,1706,18.756905
681,2220,18.756905
312,1811,18.756924
1383,2882,18.756925
85,1624,18.756949
184,1644,18.756955
660,2199,18.756987
1461,2921,18.756990
1301,2800,18.757008
849,2349,18.757017
295,1834,18.757049
467,1966,18.757055
374,1874,18.757085
805,2344,18.757088
1313,2773,18.757108
1181,2641,18.757109
113,1612,18.757112
594,2054,18.757121
1163,2663,18.757135
332,1871,18.757172
941,2440,18.757177
264,1724,18.757179
1184,2683,18.757188
849,2388,18.757195
273,1772,18.757215
467,1927,18.757219
1236,2735,18.757223
433,1893,18.757242
1106,2605,18.757243
970,2470,18.757243
52,1591,18.757244
837,2297,18.757287
746,2206,18.757297
1320,2820,18.757312
198,1658,18.757331
316,1776,18.757342
759,2219,18.757362
558,2018,18.757376
548,2008,18.757379
59,1598,18.757388
311,1810,18.757396
1320,2859,18.757419
823,2283,18.757420
555,2054,18.757446
489,2028,18.757477
399,1898,18.757477
111,1610,18.757499
243,1743,18.757547
192,1691,18.757594
838,2337,18.757602
528,2067,18.757605
1284,2784,18.757612
937,2476,18.757616
904,2403,18.757626
1272,2732,18.757658
456,1956,18.757677
123,1662,18.757680
375,1914,18.757683
1023,2483,18.757686
1428,2927,18.757696
923,2462,18.757701
15,1515,18.757714
1406,2945,18.757732
925,2425,18.757746
593,2053,18.757761
1133,2672,18.757767
958,2457,18.757770
1200,2700,18.757782
57,1596,18.757787
1255,2755,18.757788
234,1694,18.757793
857,2396,18.757807
702,2162,18.757808
94,1594,18.757810
209,1709,18.757823
1457,2957,18.757824
1308,2768,18.757831
1343,2842,18.757849
1066,2526,18.757852
1139,2678,18.757853
44,1544,18.757894
54,1593,18.757962
1110,2609,18.757968
623,2122,18.757976
1017,2556,18.757982
326,1865,18.757988
694,2194,18.757992
1282,2821,18.758004
1033,2493,18.758007
1002,2541,18.758035
1086,2625,18.758037
112,1611,18.758042
1170,2709,18.758053
239,1699,18.758058
1354,2853,18.758081
1057,2596,18.758117
702,2201,18.758128
236,1696,18.758146
943,2403,18.758169
632,2092,18.758181
798,2258,18.758210
460,1920,18.758242
1005,2544,18.758272
799,2298,18.758286
661,2160,18.758290
576,2115,18.758291
1199,2698,18.758293
1399,2898,18.758358
810,2310,18.758406
156,1616,18.758411
280,1819,18.758424
102,1601,18.758428
1198,2697,18.758434
415,1954,18.758448
341,1840,18.758453
925,2464,18.758453
1404,2904,18.758470
483,1983,18.758471
987,2447,18.758472
675,2135,18.758475
1367,2906,18.758477
1475,2974,18.758485
1115,2575,18.758500
1222,2682,18.758516
894,2394,18.758519
1388,2848,18.758541
485,1985,18.758543
128,1667,18.758557
427,1926,18.758557
300,1760,18.758564
712,2211,18.758594
764,2303,18.758612
1035,2495,18.758628
821,2320,18.758637
878,2338,18.758659
238,1737,18.758688
97,1636,18.758713
1212,2751,18.758717
1446,2946,18.758723
233,1732,18.758747
1034,2533,18.758753
774,2274,18.758759
1250,2789,18.758762
163,1663,18.758766
649,2188,18.758767
746,2245,18.758792
493,1993,18.758804
125,1664,18.758845
162,1701,18.758864
278,1738,18.758893
733,2233,18.758902
814,2353,18.758937
980,2519,18.758951
743,2242,18.758954
613,2113,18.758964
965,2504,18.758966
218,1718,18.758972
1473,2972,18.758985
1317,2777,18.758990
556,2016,18.758992
544,2004,18.758992
243,1782,18.759001
43,1543,18.759017
1451,2990,18.759024
211,1750,18.759081
1176,2715,18.759081
820,2359,18.759085
810,2349,18.759087
720,2259,18.759091
1030,2490,18.759124
1253,2792,18.759135
1271,2731,18.759137
192,1652,18.759214
304,1764,18.759214
1382,2842,18.759240
139,1678,18.759243
1163,2702,18.759261
417,1917,18.759263
303,1763,18.759289
804,2343,18.759320
6,1506,18.759329
262,1722,18.759364
813,2313,18.759415
771,2271,18.759428
98,1637,18.759448
902,2401,18.759457
1222,2721,18.759458
1204,2704,18.759463
574,2113,18.759464
452,1991,18.759480
808,2347,18.759488
11,1511,18.759497
1323,2823,18.759513
758,2257,18.759532
418,1957,18.759563
721,2221,18.759577
334,1873,18.759582
560,2060,18.759585
1186,2685,18.759590
562,2101,18.759612
844,2383,18.759622
1416,2916,18.759647
484,2023,18.759662
220,1759,18.759671
107,1606,18.759682
1128,2628,18.759715
1453,2953,18.759726
44,1583,18.759770
604,2104,18.759803
1246,2785,18.759828
958,2418,18.759842
1124,2624,18.759842
328,1828,18.759853
422,1882,18.759881
1462,2922,18.759882
570,2070,18.759902
409,1909,18.759906
692,2192,18.759921
1016,2555,18.759924
595,2055,18.759938
1330,2869,18.759940
957,2417,18.759943
785,2245,18.759956
590,2089,18.759987
506,2005,18.760004
1233,2732,18.760005
332,1832,18.760029
666,2126,18.760036
740,2279,18.760053
772,2272,18.760074
224,1684,18.760090
195,1694,18.760101
1171,2710,18.760134
713,2212,18.760163
618,2118,18.760182
197,1696,18.760186
1158,2618,18.760216
971,2510,18.760217
1117,2577,18.760228
730,2269,18.760238
1191,2651,18.760244
448,1948,18.760253
1331,2870,18.760284
252,1752,18.760327
307,1806,18.760352
1240,2779,18.760355
868,2328,18.760384
473,1972,18.760389
211,1711,18.760395
1505,2965,18.760395
899,2399,18.760410
103,1563,18.760424
1483,2983,18.760442
758,2218,18.760444
703,2202,18.760461
1003,2503,18.760488
791,2290,18.760503
1407,2907,18.760512
1265,2725,18.760512
927,2466,18.760534
469,1968,18.760539
455,1994,18.760569
170,1670,18.760591
515,2014,18.760592
108,1568,18.760639
1297,2836,18.760715
31,1530,18.760721
227,1687,18.760753
566,2066,18.760758
793,2292,18.760772
1378,2878,18.760801
851,2351,18.760812
52,1552,18.760815
1282,2782,18.760851
539,2078,18.760852
1223,2722,18.760915
1409,2909,18.760926
1458,2958,18.760951
713,2173,18.760962
1019,2558,18.760972
1342,2841,18.760973
1133,2633,18.760985
989,2488,18.761010
379,1918,18.761027
1179,2718,18.761041
1456,2956,18.761051
501,1961,18.761053
803,2342,18.761078
1154,2614,18.761141
290,1790,18.761151
1164,2703,18.761254
1380,2919,18.761257
917,2377,18.761267
1100,2560,18.761278
215,1754,18.761383
407,1907,18.761440
1465,2925,18.761457
904,2364,18.761466
264,1763,18.761477
1497,2997,18.761479
750,2210,18.761510
567,2067,18.761511
562,2062,18.761575
676,2175,18.761609
1495,2995,18.761692
322,1861,18.761699
293,1832,18.761700
653,2192,18.761732
847,2386,18.761735
1307,2767,18.761751
906,2366,18.761771
1054,2554,18.761802
1451,2951,18.761828
833,2332,18.761832
959,2419,18.761854
13,1552,18.761862
1331,2831,18.761871
1468,2928,18.761991
296,1796,18.761996
1318,2817,18.762098
1176,2676,18.762133
380,1840,18.762157
842,2342,18.762249
800,2300,18.762262
288,1827,18.762269
381,1841,18.762353
955,2415,18.762364
338,1838,18.762385
230,1729,18.762410
1477,2976,18.762472
999,2459,18.762478
1444,2944,18.762510
1091,2630,18.762535
673,2172,18.762538
126,1665,18.762574
1339,2839,18.762607
934,2434,18.762616
411,1911,18.762645
1453,2992,18.762672
517,1977,18.762675
622,2082,18.762698
641,2141,18.762707
1309,2808,18.762718
384,1883,18.762725
1056,2556,18.762747
1092,2631,18.762748
565,2065,18.762753
143,1642,18.762788
1087,2587,18.762858
1031,2530,18.762906
875,2374,18.762939
989,2449,18.762945
1053,2592,18.762985
1303,2802,18.762986
516,2015,18.762999
1350,2810,18.763058
1366,2866,18.763080
11,1550,18.763083
1063,2523,18.763089
553,2013,18.763098
74,1573,18.763116
389,1888,18.763126
3,1503,18.763143
451,1990,18.763153
745,2205,18.763170
590,2050,18.763176
584,2083,18.763179
1504,2964,18.763243
1094,2633,18.763277
1084,2623,18.763279
738,2277,18.763325
1351,2811,18.763327
1223,2683,18.763366
582,2081,18.763383
1171,2671,18.763392
144,1604,18.763412
1368,2868,18.763458
201,1740,18.763491
134,1634,18.763574
104,1564,18.763587
936,2436,18.763590
1213,2752,18.763592
26,1486,18.763596
1049,2588,18.763609
410,1910,18.763643
1445,2984,18.763652
426,1886,18.763697
508,2007,18.763724
1441,2941,18.763734
725,2264,18.763769
644,2144,18.763835
40,1540,18.763837
78,1538,18.763867
321,1860,18.763921
1132,2632,18.763939
1175,2714,18.763957
349,1809,18.764023
1194,2654,18.764060
72,1571,18.764077
309,1808,18.764113
1469,2929,18.764217
165,1704,18.764249
65,1564,18.764382
948,2447,18.764387
715,2214,18.764401
617,2156,18.764424
1439,2899,18.764436
64,1524,18.764464
1030,2529,18.764486
1225,2724,18.764516
1397,2896,18.764539
275,1735,18.764592
1174,2713,18.764601
1392,2852,18.764653
396,1856,18.764687
761,2300,18.764700
805,2305,18.764843
871,2370,18.764856
891,2391,18.764857
1359,2858,18.764874
342,1841,18.764891
607,2146,18.764895
174,1674,18.764948
45,1545,18.765009
1195,2655,18.765084
480,2019,18.765119
691,2230,18.765188
1324,2863,18.765196
406,1945,18.765278
67,1527,18.765289
197,1657,18.765294
1102,2601,18.765301
195,1655,18.765344
76,1575,18.765367
768,2307,18.765369
1099,2599,18.765435
1329,2829,18.765446
479,1978,18.765509
614,2114,18.765653
353,1813,18.765657
266,1726,18.765681
1509,2969,18.765734
577,2077,18.765749
1219,2719,18.765811
1381,2880,18.765867
946,2406,18.765886
242,1742,18.765894
96,1596,18.765908
464,1924,18.765950
234,1733,18.765967
635,2134,18.766042
210,1710,18.766107
140,1679,18.766172
700,2160,18.766207
131,1631,18.766230
487,1987,18.766324
902,2362,18.766367
1018,2557,18.766378
537,2076,18.766411
263,1723,18.766479
1301,2761,18.766506
654,2193,18.766532
395,1894,18.766577
283,1822,18.766603
543,2042,18.766622
1275,2774,18.766634
661,2121,18.766655
755,2215,18.766784
38,1498,18.766928
431,1891,18.766959
515,1975,18.766973
994,2454,18.766986
803,2303,18.766990
440,1979,18.767009
659,2159,18.767070
881,2381,18.767106
575,2114,18.767172
363,1902,18.767229
1346,2845,18.767311
1366,2905,18.767321
1244,2783,18.767354
659,2198,18.767383
899,2438,18.767390
284,1823,18.767411
110,1609,18.767456
8,1508,18.767708
791,2251,18.767746
547,2046,18.767750
208,1708,18.767810
1401,2901,18.767812
55,1555,18.767834
1187,2647,18.767848
82,1582,18.768004
98,1598,18.768025
941,2401,18.768114
1302,2762,18.768163
956,2455,18.768248
491,1991,18.768271
468,1967,18.768506
1243,2743,18.768598
817,2356,18.768616
1298,2798,18.768622
1157,2617,18.768678
1217,2756,18.768710
744,2243,18.768752
1409,2948,18.768754
931,2431,18.768765
863,2323,18.768802
154,1653,18.768825
606,2106,18.768850
1230,2690,18.768881
779,2318,18.768981
1035,2534,18.769024
50,1550,18.769032
241,1741,18.769085
1122,2661,18.769101
440,1940,18.769109
172,1672,18.769123
612,2151,18.769125
1238,2698,18.769159
682,2182,18.769189
1232,2692,18.769301
89,1628,18.769321
1025,2485,18.769425
68,1528,18.769455
203,1742,18.769457
950,2449,18.769538
258,1797,18.769643
788,2248,18.769668
680,2180,18.769688
36,1535,18.769782
459,1959,18.769832
664,2163,18.769929
1414,2953,18.770065
546,2045,18.770096
1085,2624,18.770160
709,2169,18.770230
990,2489,18.770245
836,2335,18.770251
963,2502,18.770333
1056,2595,18.770365
1231,2730,18.770529
106,1566,18.770588
1438,2937,18.770642
586,2085,18.770746
616,2116,18.770765
1081,2620,18.770786
1126,2626,18.770896
137,1676,18.770979
969,2469,18.770991
973,2473,18.771066
932,2432,18.771108
437,1936,18.771127
412,1951,18.771233
392,1852,18.771253
33,1532,18.771309
1229,2689,18.771314
851,2390,18.771399
1268,2767,18.771407
421,1881,18.771417
1412,2951,18.771422
1466,2965,18.771431
861,2360,18.771447
482,1982,18.771548
510,2009,18.771678
1254,2793,18.771711
444,1944,18.771797
1427,2887,18.771812
509,2008,18.771941
1270,2769,18.771990
1037,2497,18.772124
1312,2772,18.772179
1371,2910,18.772190
1156,2616,18.772208
1519,2979,18.772235
856,2395,18.772246
339,1839,18.772347
1116,2576,18.772394
1373,2873,18.772435
347,1807,18.772546
144,1643,18.772783
578,2078,18.772969
135,1635,18.773334
1247,2747,18.773422
1046,2546,18.773423
1260,2720,18.773512
490,2029,18.773568
1360,2899,18.773647
707,2206,18.773678
829,2289,18.773769
1160,2699,18.773940
0,1500,18.773940
961,2500,18.774001
325,1864,18.774382
254,1793,18.774567
792,2252,18.774612
536,2036,18.774751
516,1976,18.774813
256,1795,18.774973
1000,2539,18.774997
41,1541,18.775036
922,2461,18.775135
850,2389,18.775161
705,2204,18.775281
199,1659,18.775641
523,2062,18.775655
8,1547,18.775804
127,1666,18.775997
478,1938,18.776053
377,1916,18.776077
857,2357,18.776127
521,2060,18.776206
571,2110,18.776352
684,2184,18.776389
1289,2828,18.776404
271,1770,18.776504
225,1685,18.776528
1361,2900,18.776558
781,2280,18.776573
645,2145,18.776682
1291,2830,18.776697
340,1879,18.776784
797,2257,18.776815
341,1801,18.776875
1088,2588,18.776935
887,2426,18.776952
783,2282,18.776990
1022,2482,18.777022
737,2237,18.777037
558,2057,18.777096
181,1680,18.777141
1185,2645,18.777172
1437,2936,18.777371
1499,2999,18.777483
1434,2933,18.777649
447,1947,18.777736
149,1648,18.777737
1145,2644,18.777789
369,1869,18.777841
1216,2755,18.777962
997,2457,18.778047
1096,2635,18.778078
550,2010,18.778109
346,1845,18.778230
393,1892,18.778257
1507,2967,18.778304
1026,2486,18.778382
1068,2567,18.778477
518,2017,18.778505
762,2262,18.778582
1028,2527,18.778651
1355,2815,18.778945
650,2189,18.779185
1100,2639,18.779304
1215,2754,18.779342
1472,2971,18.779533
30,1490,18.779616
1367,2867,18.779910
118,1578,18.779953
1048,2548,18.780036
677,2176,18.780232
37,1536,18.780248
1101,2561,18.780492
1072,2571,18.780767
1149,2648,18.780839
834,2333,18.780895
209,1748,18.781247
1169,2669,18.781329
1353,2813,18.781360
99,1638,18.781368
628,2088,18.781528
535,2035,18.781557
1288,2827,18.781781
607,2107,18.781816
581,2080,18.782061
1498,2998,18.782187
978,2517,18.782417
608,2108,18.782453
1060,2520,18.782766
438,1937,18.782869
61,1560,18.782901
1138,2638,18.783206
512,1972,18.783734
265,1725,18.783842
378,1917,18.783883
888,2427,18.783922
988,2448,18.783976
146,1606,18.784207
884,2423,18.784517
463,1923,18.784657
1187,2686,18.784927
639,2138,18.785130
1335,2835,18.785246
1234,2694,18.785252
318,1778,18.785320
919,2379,18.785329
759,2258,18.785437
1429,2889,18.785464
1442,2942,18.785483
400,1939,18.785662
656,2156,18.785711
828,2288,18.785859
247,1747,18.785921
609,2148,18.786283
1338,2838,18.786337
394,1854,18.786421
349,1848,18.786753
462,1922,18.786938
859,2398,18.787106
87,1626,18.787229
1166,2666,18.787315
1369,2908,18.787396
419,1919,18.787620
929,2429,18.787779
319,1779,18.787850
71,1570,18.787929
1047,2586,18.788691
775,2275,18.788796
1354,2814,18.788820
177,1716,18.789021
591,2051,18.789363
1050,2550,18.789562
1269,2768,18.789819
294,1794,18.789943
237,1697,18.790096
687,2226,18.790835
1001,2501,18.791149
150,1610,18.791379
1462,2961,18.791421
1431,2891,18.791638
1159,2658,18.791695
1170,2670,18.792041
97,1597,18.792124
735,2235,18.792263
1147,2646,18.792303
374,1913,18.792375
1237,2736,18.792761
1071,2570,18.792844
324,1863,18.792988
706,2205,18.793265
825,2285,18.793269
1293,2832,18.793644
634,2133,18.793672
1426,2886,18.793934
205,1744,18.793961
1285,2785,18.794217
719,2179,18.794260
540,2000,18.794529
180,1719,18.795535
28,1488,18.795600
755,2254,18.795677
747,2207,18.795755
538,2038,18.795818
690,2229,18.796142
660,2120,18.796176
522,2061,18.796504
1200,2739,18.796680
250,1750,18.797146
1265,2764,18.797500
1344,2843,18.797509
760,2260,18.797540
169,1669,18.797619
1310,2770,18.797860
281,1820,18.798107
831,2330,18.798279
453,1992,18.798547
874,2373,18.798659
315,1775,18.799436
952,2451,18.799589
296,1835,18.800121
1363,2863,18.801199
1413,2952,18.801249
1257,2757,18.801919
12,1551,18.802938
196,1695,18.803325
903,2402,18.804689
1384,2883,18.804805
343,1803,18.805063
637,2136,18.805210
402,1941,18.805231
972,2472,18.805949
804,2304,18.806286
1245,2745,18.806336
806,2345,18.806522
853,2353,18.806990
81,1581,18.807125
732,2232,18.807469
25,1485,18.807769
631,2091,18.807800
778,2317,18.808143
1141,2601,18.808396
268,1767,18.808603
152,1651,18.808911
662,2161,18.809345
1172,2711,18.809696
222,1682,18.809964
434,1894,18.811441
1356,2855,18.813436
1482,2982,18.816688
944,2404,18.818583
493,2032,18.820831
366,1866,18.820877
1003,2542,18.821483
53,1553,18.822047
563,2063,18.822519
1113,2573,18.822900
84,1623,18.823188
916,2376,18.823706
1454,2954,18.826244
465,1964,18.834441
975,2514,18.837469
157,712,23.546153
170,725,23.546153
104,659,23.546155
1036,1591,23.546157
51,606,23.546159
223,778,23.546159
983,1538,23.546160
1809,2364,23.546162
38,593,23.546162
1049,1604,23.546167
1796,2351,23.546169
178,2622,23.546169
2343,2898,23.546170
125,2569,23.546170
930,1485,23.546171
383,938,23.546171
276,831,23.546173
1862,2417,23.546174
1143,1698,23.546176
2396,2951,23.546177
1903,2458,23.546181
330,885,23.546185
219,2663,23.546186
2409,2964,23.546188
917,1472,23.546188
1743,2298,23.546191
424,979,23.546193
436,991,23.546194
1102,1657,23.546194
112,2556,23.546196
1196,1751,23.546196
289,844,23.546198
231,2675,23.546198
1090,1645,23.546199
1891,2446,23.546203
1956,2511,23.546204
1131,1686,23.546205
18,2462,23.546205
1184,1739,23.546206
864,1419,23.546208
1850,2405,23.546209
207,2651,23.546209
371,926,23.546210
1915,2470,23.546212
166,2610,23.546213
399,954,23.546217
1159,1714,23.546218
272,2716,23.546219
1690,2245,23.546225
811,1366,23.546227
1866,2421,23.546228
317,872,23.546228
71,2515,23.546231
182,2626,23.546231
1944,2499,23.546232
194,2638,23.546232
334,889,23.546235
412,967,23.546235
342,897,23.546237
59,2503,23.546240
1155,1710,23.546242
1801,2396,23.546243
477,1032,23.546245
798,1353,23.546245
1919,2474,23.546249
1094,1649,23.546251
1106,1661,23.546253
104,2548,23.546253
1878,2433,23.546254
1077,1632,23.546258
449,1004,23.546259
1041,1636,23.546259
745,1300,23.546260
1016,1571,23.546260
129,2573,23.546262
244,2688,23.546263
1677,2232,23.546265
1723,2318,23.546266
1209,1764,23.546266
84,2528,23.546267
309,864,23.546268
1118,1673,23.546275
387,942,23.546278
1837,2392,23.546279
260,2704,23.546280
256,811,23.546280
938,1493,23.546281
1928,2483,23.546281
1636,2191,23.546282
26,2470,23.546285
231,786,23.546286
1645,2200,23.546286
1969,2524,23.546286
1237,1792,23.546287
358,913,23.546288
153,2597,23.546290
157,2561,23.546291
1172,1727,23.546292
346,901,23.546294
264,819,23.546294
395,950,23.546295
1649,2204,23.546296
6,2450,23.546298
2392,2947,23.546300
79,2483,23.546301
1788,2343,23.546304
1624,2179,23.546308
1567,2122,23.546309
2314,2869,23.546311
860,1415,23.546314
178,733,23.546316
137,2581,23.546316
1168,1723,23.546316
1813,2368,23.546317
1702,2257,23.546317
22,577,23.546318
281,876,23.546319
285,2729,23.546321
100,655,23.546322
963,1558,23.546322
153,708,23.546325
235,2679,23.546325
1776,2331,23.546329
729,1284,23.546330
1854,2409,23.546330
141,2585,23.546338
2405,2960,23.546344
1024,1579,23.546345
1476,2031,23.546346
1755,2310,23.546348
1571,2126,23.546351
807,1362,23.546351
1997,2552,23.546353
1398,1953,23.546355
2105,2660,23.546356
651,1206,23.546356
885,1440,23.546357
368,2812,23.546359
465,1020,23.546360
499,2943,23.546361
520,1115,23.546363
2437,2992,23.546365
2183,2738,23.546366
51,2495,23.546367
2236,2791,23.546368
1267,1822,23.546369
1069,1624,23.546369
1698,2253,23.546371
297,2741,23.546371
502,1057,23.546374
408,963,23.546376
490,1045,23.546376
1974,2529,23.546376
1825,2380,23.546377
211,766,23.546378
1710,2265,23.546379
1489,2044,23.546380
190,2634,23.546381
277,2681,23.546383
1784,2339,23.546385
1053,1608,23.546385
1981,2536,23.546387
1147,1702,23.546387
1554,2109,23.546387
446,2890,23.546388
1768,2323,23.546389
429,984,23.546391
1558,2113,23.546391
1932,2487,23.546394
1262,1817,23.546395
782,1337,23.546396
1028,1583,23.546399
1136,1691,23.546399
1065,1620,23.546405
116,2520,23.546406
1843,2438,23.546407
991,1546,23.546408
1632,2187,23.546408
100,2544,23.546410
638,1193,23.546413
146,2590,23.546415
305,860,23.546416
75,630,23.546417
298,853,23.546422
1221,1776,23.546423
322,917,23.546424
1505,2060,23.546427
2261,2816,23.546428
1005,1560,23.546429
2022,2577,23.546436
1752,2307,23.546436
2384,2939,23.546436
1345,1900,23.546439
15,2459,23.546441
2327,2882,23.546443
1821,2376,23.546444
203,798,23.546446
167,722,23.546447
2417,2972,23.546448
914,1469,23.546451
313,2757,23.546455
971,1526,23.546455
293,848,23.546455
244,839,23.546455
1621,2176,23.546455
1452,2007,23.546456
1250,1805,23.546458
2328,2883,23.546458
76,631,23.546461
400,995,23.546462
783,1338,23.546464
1490,2045,23.546466
2052,2607,23.546467
203,2647,23.546468
2339,2894,23.546468
2237,2792,23.546469
500,2944,23.546472
198,753,23.546474
524,2968,23.546474
652,1207,23.546475
1620,2175,23.546476
1439,1994,23.546477
1399,1954,23.546479
461,1016,23.546484
2106,2661,23.546485
1225,1780,23.546486
369,2813,23.546491
170,2614,23.546493
355,2799,23.546496
1735,2290,23.546498
521,1116,23.546500
1896,2451,23.546500
338,2782,23.546500
1189,1744,23.546501
199,2603,23.546501
442,1037,23.546503
351,906,23.546504
1760,2355,23.546505
290,2734,23.546506
1058,1613,23.546508
2331,2886,23.546509
1268,1823,23.546511
2027,2582,23.546512
92,2536,23.546513
1765,2320,23.546514
1874,2429,23.546514
942,1497,23.546515
913,1468,23.546515
88,2532,23.546516
1731,2286,23.546519
268,823,23.546520
1280,1875,23.546520
68,2512,23.546521
1975,2530,23.546524
507,1062,23.546524
716,1271,23.546525
125,680,23.546529
220,775,23.546529
350,2794,23.546530
573,1128,23.546531
47,602,23.546536
2034,2589,23.546536
927,1482,23.546539
278,2682,23.546540
950,1505,23.546542
995,1550,23.546543
421,2865,23.546544
555,1110,23.546548
1674,2229,23.546551
1700,2255,23.546552
2407,2962,23.546553
1214,1769,23.546553
993,1548,23.546555
248,2692,23.546558
155,710,23.546560
2158,2713,23.546560
430,985,23.546561
1772,2327,23.546562
246,801,23.546562
166,721,23.546562
2381,2936,23.546564
47,2491,23.546564
1274,1829,23.546567
94,2538,23.546572
862,1417,23.546572
145,700,23.546577
2010,2565,23.546578
1423,1978,23.546578
1907,2462,23.546578
256,2700,23.546578
2318,2873,23.546579
89,644,23.546579
1411,1966,23.546580
958,1513,23.546581
1921,2516,23.546582
1829,2384,23.546583
1008,1563,23.546583
1137,1692,23.546585
1831,2386,23.546585
1012,1567,23.546586
252,807,23.546588
1315,1870,23.546591
1569,2124,23.546591
543,1098,23.546596
836,1391,23.546596
1084,1679,23.546600
1000,1595,23.546603
518,1073,23.546603
704,1259,23.546603
1887,2442,23.546603
435,2879,23.546603
587,1142,23.546606
2132,2687,23.546609
224,2668,23.546610
794,1349,23.546611
1844,2439,23.546614
1543,2098,23.546616
377,932,23.546616
38,2442,23.546616
14,2458,23.546617
2316,2871,23.546618
1294,1849,23.546618
872,1427,23.546621
1425,1980,23.546623
514,1069,23.546626
552,2996,23.546630
225,2669,23.546634
2130,2685,23.546634
376,931,23.546636
1061,1616,23.546637
2250,2805,23.546638
2001,2596,23.546641
718,1273,23.546643
2265,2820,23.546644
120,2564,23.546646
147,2591,23.546648
312,867,23.546648
63,2507,23.546652
1657,2212,23.546652
24,579,23.546652
1922,2517,23.546652
975,1530,23.546656
1857,2412,23.546657
1083,1678,23.546661
2249,2804,23.546662
2075,2630,23.546662
553,2997,23.546663
1019,1574,23.546664
1082,1677,23.546666
526,2970,23.546670
1215,1770,23.546671
1718,2273,23.546674
1985,2540,23.546674
304,2748,23.546676
1150,1705,23.546679
1160,1755,23.546681
1751,2306,23.546681
92,647,23.546684
2289,2844,23.546685
1830,2385,23.546685
1582,2137,23.546686
299,854,23.546688
508,1063,23.546689
240,835,23.546689
705,1260,23.546691
1501,2056,23.546692
433,2877,23.546693
1726,2281,23.546695
731,1286,23.546695
1542,2097,23.546699
2212,2767,23.546701
37,592,23.546702
2263,2818,23.546703
875,1430,23.546703
93,2537,23.546706
356,2760,23.546707
1114,1669,23.546707
403,998,23.546712
1940,2495,23.546714
905,1460,23.546718
560,1155,23.546718
309,2753,23.546718
1412,1967,23.546722
1579,2134,23.546723
456,1011,23.546723
2053,2608,23.546723
1307,1862,23.546725
245,800,23.546726
1303,1858,23.546730
408,2852,23.546731
1006,1561,23.546734
128,683,23.546736
2047,2602,23.546737
744,1299,23.546738
1346,1901,23.546739
1556,2111,23.546739
835,1390,23.546741
29,2473,23.546742
992,1547,23.546743
326,2770,23.546746
34,2478,23.546747
363,2807,23.546748
2199,2754,23.546748
1478,2033,23.546749
1870,2425,23.546751
585,1140,23.546752
190,745,23.546752
639,1194,23.546753
251,2695,23.546754
1004,1599,23.546755
2014,2569,23.546755
1287,1842,23.546756
133,2577,23.546756
75,2519,23.546757
2159,2714,23.546757
1699,2254,23.546758
375,930,23.546762
2145,2700,23.546765
447,2891,23.546765
391,2835,23.546767
2406,2961,23.546771
1123,1718,23.546771
2364,2959,23.546775
2184,2739,23.546776
2208,2763,23.546777
809,1364,23.546780
154,709,23.546780
1747,2302,23.546781
141,696,23.546781
2420,2975,23.546782
1477,2032,23.546784
1163,1758,23.546784
2146,2701,23.546784
285,840,23.546787
861,1416,23.546787
1753,2308,23.546788
79,634,23.546789
568,1123,23.546789
88,643,23.546789
730,1285,23.546789
848,1403,23.546791
1568,2123,23.546792
23,578,23.546793
2315,2870,23.546794
1451,2006,23.546794
239,794,23.546794
1127,1682,23.546795
422,2866,23.546797
1759,2314,23.546798
2433,2988,23.546800
453,1008,23.546802
1988,2543,23.546805
181,736,23.546806
527,1082,23.546806
317,2721,23.546809
999,1554,23.546811
1292,1847,23.546813
1682,2277,23.546813
2185,2740,23.546813
1278,1833,23.546813
416,971,23.546815
1438,1993,23.546816
215,770,23.546823
102,657,23.546824
1595,2150,23.546832
2286,2841,23.546833
235,790,23.546837
297,852,23.546840
574,1129,23.546841
1713,2268,23.546842
2380,2935,23.546843
1665,2220,23.546845
1032,1587,23.546846
1686,2241,23.546846
16,2460,23.546849
1993,2548,23.546852
1910,2465,23.546859
852,1407,23.546860
1328,1883,23.546863
1241,1836,23.546864
511,2955,23.546868
248,803,23.546868
2394,2949,23.546870
2198,2753,23.546872
2039,2594,23.546873
223,2667,23.546874
264,2708,23.546881
691,1246,23.546885
888,1443,23.546888
448,2892,23.546888
469,1024,23.546889
26,581,23.546889
1281,1876,23.546890
322,2766,23.546892
101,656,23.546893
987,1542,23.546896
808,1363,23.546903
1180,1735,23.546904
897,1452,23.546904
1673,2228,23.546905
2302,2857,23.546906
112,667,23.546910
966,1521,23.546913
301,856,23.546914
596,1151,23.546915
2063,2618,23.546916
664,1219,23.546917
1647,2202,23.546919
979,1534,23.546919
168,723,23.546919
2393,2948,23.546928
534,1089,23.546929
302,2746,23.546934
1371,1926,23.546934
1739,2294,23.546935
145,2589,23.546935
1227,1782,23.546942
301,2745,23.546942
2028,2583,23.546945
512,2956,23.546950
173,2617,23.546950
34,589,23.546951
2425,2980,23.546951
1555,2110,23.546961
663,1218,23.546961
480,1075,23.546965
1961,2556,23.546967
940,1495,23.546968
539,2983,23.546969
1790,2345,23.546971
461,2905,23.546973
1934,2489,23.546973
926,1481,23.546974
2088,2643,23.546975
1043,1638,23.546976
531,1086,23.546977
600,1195,23.546977
354,909,23.546977
528,2972,23.546982
1949,2504,23.546986
10,2454,23.546986
1202,1797,23.546987
227,782,23.546988
212,2656,23.546988
2429,2984,23.546989
1635,2190,23.546990
1606,2161,23.546991
495,1050,23.546991
454,1009,23.546994
364,959,23.546994
1176,1731,23.546995
2100,2655,23.546995
1340,1895,23.546995
259,814,23.546996
915,1470,23.546998
343,2787,23.547000
382,2826,23.547000
1920,2515,23.547002
1111,1666,23.547003
2118,2673,23.547003
839,1394,23.547004
1646,2201,23.547006
291,2735,23.547006
2353,2908,23.547012
2040,2635,23.547012
10,565,23.547014
1818,2373,23.547016
272,827,23.547016
2169,2724,23.547017
233,788,23.547018
922,1517,23.547018
2006,2561,23.547021
53,2497,23.547024
1612,2167,23.547026
1462,2017,23.547027
1333,1888,23.547028
186,741,23.547028
2209,2764,23.547030
416,2860,23.547031
899,1454,23.547031
580,1135,23.547031
81,2525,23.547032
2025,2580,23.547036
1233,1788,23.547038
336,891,23.547038
328,2772,23.547040
1842,2437,23.547043
626,1181,23.547048
22,2466,23.547050
219,774,23.547051
273,828,23.547052
1161,1756,23.547052
2,2446,23.547055
819,1374,23.547057
1370,1925,23.547058
325,880,23.547058
367,922,23.547059
237,2641,23.547060
515,2959,23.547064
1841,2436,23.547064
2262,2817,23.547068
288,2732,23.547068
41,2485,23.547068
2276,2831,23.547068
946,1501,23.547071
1604,2199,23.547071
474,2918,23.547072
1254,1809,23.547072
144,2588,23.547073
443,1038,23.547074
1318,1873,23.547075
472,2916,23.547075
980,1535,23.547075
741,1296,23.547075
2119,2674,23.547076
1347,1902,23.547078
1706,2261,23.547079
2404,2999,23.547086
107,2551,23.547087
1622,2177,23.547088
61,616,23.547097
1697,2252,23.547098
613,1168,23.547098
2171,2726,23.547100
755,1310,23.547101
1687,2242,23.547103
2038,2593,23.547103
2260,2815,23.547104
621,1176,23.547105
375,2819,23.547106
1908,2463,23.547109
2342,2897,23.547114
1356,1911,23.547115
1778,2333,23.547118
2116,2671,23.547125
939,1494,23.547125
381,2825,23.547126
1883,2478,23.547129
1134,1689,23.547129
192,747,23.547131
404,2848,23.547132
1694,2249,23.547133
462,2906,23.547133
1464,2019,23.547134
1553,2108,23.547134
2434,2989,23.547134
80,2524,23.547136
67,2511,23.547137
205,760,23.547139
786,1341,23.547145
1213,1768,23.547147
1190,1745,23.547149
152,707,23.547152
184,2628,23.547155
1502,2057,23.547155
523,2967,23.547156
2117,2672,23.547156
1372,1927,23.547157
296,851,23.547157
757,1312,23.547158
420,975,23.547161
171,2615,23.547163
2065,2620,23.547164
1135,1690,23.547165
379,2823,23.547165
1071,1626,23.547167
2372,2927,23.547169
1369,1924,23.547170
142,697,23.547170
440,1035,23.547172
1529,2084,23.547181
571,1126,23.547181
1072,1627,23.547184
137,692,23.547184
990,1545,23.547187
1804,2399,23.547188
409,2853,23.547188
2329,2884,23.547188
2054,2609,23.547195
547,1102,23.547195
1246,1801,23.547200
624,1179,23.547202
1448,2003,23.547206
389,944,23.547206
194,749,23.547207
1460,2015,23.547210
1599,2154,23.547211
849,1404,23.547211
1526,2081,23.547213
324,919,23.547214
323,918,23.547216
162,757,23.547218
2351,2906,23.547219
1381,1936,23.547220
2059,2614,23.547225
525,2969,23.547226
396,2800,23.547227
1316,1871,23.547229
1897,2452,23.547231
1764,2359,23.547233
1669,2224,23.547235
8,563,23.547238
665,1220,23.547240
2167,2722,23.547244
806,1361,23.547245
768,1323,23.547249
1132,1687,23.547249
1320,1915,23.547249
934,1489,23.547253
380,2824,23.547256
1596,2151,23.547256
50,605,23.547259
172,2616,23.547260
1070,1625,23.547265
427,982,23.547265
988,1543,23.547270
2023,2578,23.547272
1817,2372,23.547277
753,1308,23.547278
733,1288,23.547279
133,688,23.547282
232,787,23.547284
1291,1846,23.547287
473,1028,23.547287
0,2444,23.547288
1393,1948,23.547293
569,1124,23.547293
186,2630,23.547294
715,1270,23.547294
804,1399,23.547295
96,2540,23.547295
1097,1652,23.547296
662,1217,23.547299
428,983,23.547300
77,632,23.547301
859,1414,23.547301
1909,2464,23.547303
425,980,23.547304
533,1088,23.547304
822,1377,23.547305
1879,2434,23.547306
2303,2858,23.547307
633,1188,23.547308
506,1061,23.547310
241,836,23.547311
1777,2332,23.547311
97,652,23.547316
952,1507,23.547318
2153,2708,23.547319
1003,1598,23.547320
508,2952,23.547322
160,2604,23.547323
1881,2476,23.547323
795,1350,23.547324
660,1215,23.547326
357,2761,23.547326
513,2957,23.547327
1779,2334,23.547330
324,2768,23.547331
395,2839,23.547334
1358,1913,23.547337
1057,1612,23.547339
174,729,23.547340
2195,2750,23.547341
149,2593,23.547343
609,1164,23.547344
1162,1757,23.547344
1695,2250,23.547345
180,2624,23.547347
59,614,23.547350
243,838,23.547350
419,2863,23.547352
1187,1742,23.547352
40,2484,23.547354
532,1087,23.547356
893,1448,23.547358
11,566,23.547363
428,2872,23.547366
516,1071,23.547366
36,2440,23.547374
2273,2828,23.547377
455,1010,23.547382
470,2914,23.547383
2141,2696,23.547384
2413,2968,23.547388
469,2913,23.547389
1589,2144,23.547394
1299,1854,23.547394
1653,2208,23.547394
1551,2106,23.547394
901,1456,23.547394
1546,2101,23.547395
2359,2914,23.547396
844,1439,23.547396
1733,2288,23.547396
2401,2996,23.547399
1331,1886,23.547401
680,1275,23.547403
1405,1960,23.547404
1917,2472,23.547408
390,945,23.547410
162,2606,23.547412
1096,1651,23.547414
2210,2765,23.547415
2296,2851,23.547415
303,2747,23.547417
332,887,23.547418
352,907,23.547423
2061,2616,23.547423
758,1313,23.547425
286,2730,23.547425
784,1339,23.547426
2067,2622,23.547428
797,1352,23.547428
99,654,23.547433
1261,1816,23.547433
2300,2855,23.547434
717,1272,23.547438
1110,1665,23.547438
2205,2760,23.547440
486,1041,23.547440
115,670,23.547440
370,925,23.547446
6,561,23.547446
2000,2595,23.547448
276,2680,23.547450
554,1109,23.547452
2389,2944,23.547454
1367,1922,23.547455
1279,1834,23.547456
350,905,23.547456
417,2861,23.547461
226,781,23.547462
89,2533,23.547463
273,2717,23.547466
275,2719,23.547469
2112,2667,23.547470
1515,2070,23.547470
2376,2931,23.547473
909,1464,23.547474
509,1064,23.547475
1293,1848,23.547475
698,1253,23.547476
142,2586,23.547476
2152,2707,23.547476
458,2902,23.547480
1117,1672,23.547486
188,743,23.547488
2092,2647,23.547489
338,893,23.547490
2334,2889,23.547490
354,2798,23.547492
1465,2020,23.547493
584,1139,23.547493
42,2486,23.547495
2190,2745,23.547497
586,1141,23.547499
1737,2292,23.547500
215,2659,23.547502
1503,2058,23.547504
674,1229,23.547505
42,637,23.547509
510,2954,23.547509
842,1437,23.547511
74,2518,23.547512
667,1222,23.547513
434,2878,23.547518
1422,1977,23.547520
1223,1778,23.547530
238,2642,23.547530
2131,2686,23.547533
1059,1614,23.547533
48,603,23.547534
1566,2121,23.547535
2402,2997,23.547540
1240,1835,23.547541
1174,1729,23.547542
1424,1979,23.547543
536,2980,23.547550
80,675,23.547550
1641,2236,23.547551
1026,1581,23.547552
611,1166,23.547554
1986,2541,23.547556
218,2662,23.547557
1659,2214,23.547563
1968,2523,23.547563
1750,2305,23.547564
1491,2046,23.547564
1443,2038,23.547567
2172,2727,23.547567
933,1488,23.547569
1493,2048,23.547575
4,599,23.547579
91,2535,23.547585
766,1321,23.547585
198,2602,23.547585
2367,2922,23.547586
2156,2711,23.547586
453,2897,23.547591
796,1351,23.547594
1170,1725,23.547596
2228,2783,23.547598
457,2901,23.547606
2044,2639,23.547608
614,1169,23.547608
1894,2449,23.547610
268,2712,23.547616
1973,2528,23.547616
362,2806,23.547617
2258,2813,23.547617
1608,2163,23.547618
363,958,23.547618
610,1165,23.547622
1504,2059,23.547623
1591,2146,23.547623
539,1094,23.547623
491,2935,23.547624
1079,1634,23.547625
1352,1907,23.547625
1193,1748,23.547626
2306,2861,23.547626
1627,2182,23.547630
622,1177,23.547631
330,2774,23.547635
1354,1909,23.547638
1216,1771,23.547641
646,1201,23.547643
475,2919,23.547649
1009,1564,23.547653
1766,2321,23.547654
249,2693,23.547654
1935,2490,23.547655
158,713,23.547656
1406,1961,23.547656
1385,1940,23.547657
1337,1892,23.547663
881,1476,23.547665
840,1435,23.547666
1434,1989,23.547673
2078,2633,23.547675
1498,2053,23.547676
302,857,23.547676
827,1382,23.547676
441,2885,23.547677
1824,2379,23.547681
1900,2455,23.547681
234,789,23.547683
49,604,23.547684
1803,2398,23.547684
561,1156,23.547686
546,2990,23.547687
1593,2148,23.547688
2266,2821,23.547688
789,1344,23.547689
592,1147,23.547690
478,1033,23.547690
149,704,23.547692
2051,2606,23.547695
2391,2946,23.547696
415,2859,23.547696
2082,2677,23.547698
1642,2237,23.547705
1231,1786,23.547708
2298,2853,23.547710
2114,2669,23.547712
529,2973,23.547713
1771,2326,23.547715
2238,2793,23.547718
2166,2721,23.547718
1045,1600,23.547719
432,2876,23.547725
1826,2381,23.547725
1895,2450,23.547727
2154,2709,23.547729
688,1243,23.547729
84,679,23.547729
1970,2525,23.547733
121,716,23.547736
1600,2195,23.547737
627,1182,23.547739
1972,2527,23.547739
1660,2215,23.547740
347,2791,23.547742
895,1450,23.547742
340,895,23.547743
548,1103,23.547744
1440,2035,23.547745
1375,1930,23.547747
196,751,23.547749
401,996,23.547751
1616,2171,23.547753
1481,2076,23.547755
281,2725,23.547756
865,1420,23.547756
2410,2965,23.547757
2304,2859,23.547759
2360,2955,23.547761
2125,2680,23.547761
1047,1602,23.547762
446,1001,23.547762
135,690,23.547762
2222,2777,23.547762
1030,1585,23.547764
294,849,23.547764
1357,1912,23.547767
2341,2896,23.547773
2340,2895,23.547783
1228,1783,23.547784
69,2513,23.547786
1413,1968,23.547788
736,1291,23.547797
2207,2762,23.547797
1938,2493,23.547798
1266,1821,23.547800
4,2448,23.547801
467,1022,23.547809
1269,1824,23.547809
378,933,23.547810
1955,2510,23.547815
211,2655,23.547815
459,2903,23.547816
2120,2715,23.547826
67,622,23.547826
1923,2518,23.547826
1833,2388,23.547828
1930,2485,23.547828
1756,2311,23.547829
482,2926,23.547831
484,1079,23.547831
1640,2235,23.547836
522,1117,23.547836
1334,1889,23.547836
643,1238,23.547837
319,874,23.547838
678,1233,23.547838
2129,2684,23.547838
1987,2542,23.547838
2211,2766,23.547843
1148,1703,23.547845
271,2715,23.547845
2253,2808,23.547854
605,1160,23.547854
150,705,23.547856
2313,2868,23.547856
385,2829,23.547858
1634,2189,23.547860
12,567,23.547862
1513,2068,23.547864
1559,2114,23.547866
482,1077,23.547873
1846,2401,23.547875
2366,2921,23.547876
2388,2943,23.547879
2355,2910,23.547879
1597,2152,23.547879
1409,1964,23.547880
1255,1810,23.547881
1188,1743,23.547882
501,2945,23.547886
1962,2557,23.547886
751,1306,23.547887
1828,2383,23.547889
13,2457,23.547892
150,2594,23.547893
941,1496,23.547893
2093,2648,23.547896
265,2709,23.547898
1365,1920,23.547899
2194,2749,23.547901
953,1508,23.547901
226,2670,23.547902
630,1185,23.547903
1427,1982,23.547904
463,1018,23.547909
2064,2619,23.547913
1386,1941,23.547913
1435,1990,23.547913
417,972,23.547914
481,1076,23.547916
1344,1899,23.547919
903,1458,23.547920
2099,2654,23.547923
334,2778,23.547925
880,1475,23.547925
221,776,23.547931
163,2607,23.547932
679,1234,23.547935
1855,2410,23.547936
1124,1719,23.547937
188,2632,23.547940
2041,2636,23.547943
1899,2454,23.547945
681,1276,23.547945
887,1442,23.547946
197,2601,23.547948
1085,1640,23.547956
487,2931,23.547963
1871,2426,23.547965
521,2965,23.547967
1534,2089,23.547968
1786,2341,23.547969
607,1162,23.547973
706,1261,23.547978
1792,2347,23.547983
1329,1884,23.547991
846,1401,23.547997
2224,2779,23.547997
134,2578,23.547998
687,1242,23.547999
1794,2349,23.548000
559,1114,23.548001
668,1223,23.548002
831,1386,23.548003
400,2844,23.548010
856,1411,23.548012
1976,2531,23.548016
257,812,23.548019
106,2550,23.548020
158,2562,23.548024
1628,2183,23.548024
341,2785,23.548026
791,1346,23.548027
1948,2503,23.548028
180,735,23.548029
486,2930,23.548030
1644,2239,23.548031
87,2531,23.548034
2243,2838,23.548035
1496,2051,23.548036
1517,2072,23.548038
286,841,23.548038
1952,2507,23.548040
699,1254,23.548044
1374,1929,23.548046
494,2938,23.548047
329,2773,23.548050
441,1036,23.548051
2365,2920,23.548052
1703,2258,23.548054
2323,2918,23.548054
2221,2776,23.548058
344,2788,23.548058
327,2771,23.548059
113,668,23.548060
1572,2127,23.548061
1330,1885,23.548062
567,1122,23.548066
1064,1619,23.548067
935,1490,23.548068
964,1559,23.548068
499,1054,23.548069
206,761,23.548069
479,1034,23.548070
1741,2296,23.548070
1633,2188,23.548070
653,1208,23.548071
1185,1740,23.548072
1265,1820,23.548072
2200,2795,23.548075
283,878,23.548079
143,2587,23.548083
1033,1588,23.548084
770,1325,23.548085
294,2738,23.548085
2220,2775,23.548087
928,1483,23.548088
1514,2069,23.548090
774,1329,23.548091
514,2958,23.548091
1119,1674,23.548093
1459,2014,23.548094
1407,1962,23.548094
370,2814,23.548094
423,2867,23.548096
1696,2251,23.548099
1587,2142,23.548099
377,2821,23.548102
1263,1818,23.548102
2142,2697,23.548102
201,2645,23.548104
14,569,23.548104
2178,2733,23.548105
310,865,23.548109
28,2472,23.548109
805,1360,23.548118
2196,2751,23.548119
315,2759,23.548121
868,1423,23.548123
387,2831,23.548126
1648,2203,23.548128
485,2929,23.548129
623,1178,23.548131
1740,2295,23.548136
63,618,23.548139
509,2953,23.548139
1602,2197,23.548140
1229,1784,23.548143
2427,2982,23.548145
2347,2902,23.548161
1500,2055,23.548161
1965,2520,23.548161
2062,2617,23.548162
332,2776,23.548163
637,1192,23.548167
108,663,23.548169
1321,1916,23.548170
1001,1596,23.548173
287,2731,23.548176
496,1051,23.548183
29,584,23.548184
2066,2621,23.548185
1725,2280,23.548186
1171,1726,23.548187
1017,1572,23.548189
3,2447,23.548195
759,1314,23.548196
250,2694,23.548199
2219,2774,23.548200
519,1074,23.548205
19,2463,23.548206
280,875,23.548212
1208,1763,23.548216
325,2769,23.548217
1918,2473,23.548218
661,1216,23.548219
1418,1973,23.548219
850,1405,23.548221
367,2811,23.548222
1027,1582,23.548222
1840,2435,23.548224
1552,2107,23.548225
136,691,23.548228
1447,2002,23.548231
2223,2778,23.548232
702,1257,23.548232
537,1092,23.548233
2403,2998,23.548234
96,651,23.548236
2244,2839,23.548236
289,2733,23.548236
2428,2983,23.548238
1390,1945,23.548241
812,1367,23.548243
54,2498,23.548243
295,850,23.548248
127,2571,23.548249
105,2549,23.548255
1201,1796,23.548256
1081,1676,23.548259
1675,2230,23.548259
1018,1573,23.548259
114,669,23.548260
195,750,23.548260
233,2677,23.548263
1537,2092,23.548264
1724,2319,23.548264
1186,1741,23.548267
2387,2942,23.548267
21,576,23.548268
989,1544,23.548274
1360,1955,23.548274
1308,1863,23.548274
55,2499,23.548283
423,978,23.548285
2187,2742,23.548286
2077,2632,23.548292
1538,2093,23.548294
405,2849,23.548295
857,1412,23.548297
1847,2402,23.548299
165,720,23.548307
532,2976,23.548307
2018,2573,23.548312
483,2927,23.548317
1610,2165,23.548317
1203,1798,23.548319
1359,1914,23.548321
2085,2640,23.548322
484,2928,23.548322
98,653,23.548325
478,2882,23.548325
311,866,23.548328
1658,2213,23.548332
902,1457,23.548333
27,2471,23.548335
1234,1789,23.548337
311,2755,23.548344
1832,2387,23.548344
1458,2013,23.548345
1885,2440,23.548347
1226,1781,23.548351
343,898,23.548352
1563,2158,23.548355
139,694,23.548358
820,1375,23.548360
535,2979,23.548366
1392,1947,23.548368
7,2451,23.548368
349,904,23.548369
666,1221,23.548369
173,728,23.548370
71,626,23.548375
2206,2761,23.548377
556,2960,23.548378
355,910,23.548383
1560,2155,23.548384
2395,2950,23.548388
1428,1983,23.548390
554,2998,23.548391
159,2563,23.548392
886,1441,23.548392
658,1213,23.548396
179,734,23.548401
709,1264,23.548401
2269,2824,23.548403
1711,2266,23.548406
767,1322,23.548412
1609,2164,23.548414
2335,2890,23.548416
373,2817,23.548419
1791,2346,23.548421
1378,1933,23.548422
258,813,23.548424
455,2899,23.548425
1355,1910,23.548428
937,1492,23.548435
2026,2581,23.548437
1926,2481,23.548437
445,2889,23.548438
487,1042,23.548439
131,2575,23.548442
1516,2071,23.548444
2382,2937,23.548445
1936,2491,23.548446
713,1268,23.548447
2241,2836,23.548449
1856,2411,23.548451
191,2635,23.548455
49,2493,23.548456
493,1048,23.548456
1075,1630,23.548457
612,1167,23.548457
516,2920,23.548458
1449,2004,23.548461
57,2501,23.548462
2104,2659,23.548463
279,2683,23.548464
2076,2631,23.548465
1950,2505,23.548466
558,1113,23.548466
1744,2299,23.548468
2012,2567,23.548477
184,739,23.548479
464,1019,23.548480
853,1408,23.548480
2134,2689,23.548482
547,2991,23.548483
2137,2692,23.548489
44,639,23.548490
597,1152,23.548490
557,2961,23.548491
2071,2626,23.548494
1933,2488,23.548495
2107,2662,23.548495
471,2915,23.548496
494,1049,23.548496
2110,2665,23.548500
2292,2847,23.548501
2356,2911,23.548502
1149,1704,23.548505
1219,1774,23.548507
2231,2786,23.548508
1139,1694,23.548510
328,883,23.548514
1536,2091,23.548516
752,1307,23.548518
32,2476,23.548519
1585,2140,23.548524
1401,1996,23.548526
694,1249,23.548528
128,2572,23.548531
398,2802,23.548532
1951,2506,23.548536
228,783,23.548537
1060,1615,23.548541
996,1551,23.548543
1575,2130,23.548545
169,724,23.548548
279,834,23.548549
1034,1589,23.548553
2203,2798,23.548553
550,1105,23.548554
700,1255,23.548554
402,997,23.548554
675,1230,23.548554
2317,2872,23.548555
843,1438,23.548556
357,912,23.548564
372,927,23.548564
1426,1981,23.548565
1734,2289,23.548566
556,1111,23.548570
677,1232,23.548571
1892,2447,23.548573
2319,2874,23.548575
684,1279,23.548576
535,1090,23.548577
1192,1747,23.548579
1681,2276,23.548580
181,2625,23.548580
2024,2579,23.548581
2294,2849,23.548581
214,2658,23.548584
388,2832,23.548590
1314,1869,23.548591
460,2904,23.548592
2031,2586,23.548592
239,2643,23.548593
1471,2026,23.548594
1206,1761,23.548594
64,619,23.548598
740,1295,23.548598
793,1348,23.548598
2245,2800,23.548598
517,1072,23.548599
575,1130,23.548603
1044,1639,23.548603
1941,2496,23.548607
1512,2067,23.548614
815,1370,23.548616
1767,2322,23.548617
803,1398,23.548620
207,762,23.548621
1368,1923,23.548622
213,2657,23.548625
529,1084,23.548626
1050,1605,23.548626
830,1385,23.548628
55,610,23.548629
393,948,23.548631
236,2640,23.548637
550,2994,23.548640
721,1316,23.548642
503,2947,23.548644
90,645,23.548646
199,754,23.548648
2259,2814,23.548651
916,1471,23.548654
1319,1874,23.548655
1680,2275,23.548656
2081,2676,23.548660
769,1324,23.548663
1133,1688,23.548667
2307,2862,23.548673
1205,1760,23.548675
103,658,23.548675
1373,1928,23.548677
151,706,23.548685
2349,2904,23.548685
1304,1859,23.548688
374,929,23.548693
25,580,23.548695
2069,2624,23.548698
1416,1971,23.548701
771,1326,23.548703
1748,2303,23.548706
2084,2679,23.548710
778,1333,23.548714
821,1376,23.548717
35,590,23.548721
2310,2865,23.548721
2281,2876,23.548723
1397,1952,23.548725
1002,1597,23.548725
2197,2752,23.548726
525,1080,23.548732
2182,2737,23.548735
2133,2688,23.548741
2143,2698,23.548743
711,1266,23.548743
342,2786,23.548748
242,837,23.548754
501,1056,23.548758
1466,2021,23.548763
229,2673,23.548766
1802,2397,23.548770
2431,2986,23.548771
728,1283,23.548772
1893,2448,23.548772
2272,2827,23.548774
1252,1807,23.548774
388,943,23.548777
143,698,23.548778
1864,2419,23.548784
337,892,23.548788
171,726,23.548791
1242,1837,23.548793
365,920,23.548796
1382,1937,23.548797
1258,1813,23.548801
383,2827,23.548803
1782,2337,23.548803
911,1466,23.548806
20,575,23.548807
912,1467,23.548811
105,660,23.548814
361,956,23.548815
1762,2357,23.548816
2068,2623,23.548817
1518,2073,23.548817
2128,2683,23.548819
719,1274,23.548825
340,2784,23.548826
1244,1839,23.548827
209,2653,23.548834
43,638,23.548838
385,940,23.548838
2097,2652,23.548840
742,1297,23.548840
2390,2945,23.548840
1277,1832,23.548843
891,1446,23.548845
1570,2125,23.548847
391,946,23.548850
1868,2423,23.548851
1450,2005,23.548857
1522,2117,23.548859
545,1100,23.548860
837,1392,23.548864
95,650,23.548866
65,2509,23.548868
1564,2159,23.548868
17,2461,23.548868
1305,1860,23.548874
1056,1611,23.548876
386,941,23.548881
1130,1685,23.548884
671,1226,23.548886
2011,2566,23.548886
353,908,23.548888
62,617,23.548889
676,1231,23.548889
0,595,23.548890
572,1127,23.548891
1140,1695,23.548891
1436,1991,23.548893
5,560,23.548893
951,1506,23.548895
2008,2563,23.548896
965,1520,23.548898
450,2894,23.548898
896,1451,23.548899
230,785,23.548907
1204,1799,23.548907
335,2779,23.548909
1095,1650,23.548913
548,2992,23.548917
1787,2342,23.548918
366,2810,23.548919
2175,2730,23.548923
2095,2650,23.548924
1499,2054,23.548926
1888,2443,23.548929
2287,2842,23.548931
1618,2173,23.548932
50,2494,23.548933
542,2986,23.548939
2148,2703,23.548940
2225,2780,23.548941
1037,1592,23.548944
2357,2912,23.548946
645,1200,23.548947
2015,2570,23.548950
234,2678,23.548950
878,1433,23.548951
2165,2720,23.548956
146,701,23.548956
1311,1866,23.548958
1527,2082,23.548959
1729,2284,23.548960
1178,1733,23.548960
506,2950,23.548963
21,2465,23.548963
2254,2809,23.548964
708,1263,23.548965
176,2620,23.548966
1363,1958,23.548968
512,1067,23.548969
1200,1795,23.548969
30,585,23.548971
185,2629,23.548975
95,2539,23.548980
1112,1667,23.548981
743,1298,23.548986
2192,2747,23.548990
810,1365,23.548990
2138,2693,23.548990
530,1085,23.548994
1257,1812,23.548995
954,1509,23.549000
2282,2877,23.549000
1603,2198,23.549002
33,588,23.549004
727,1282,23.549009
650,1205,23.549010
608,1163,23.549010
2079,2634,23.549011
2080,2675,23.549018
60,615,23.549021
2251,2806,23.549022
1484,2079,23.549027
1550,2105,23.549029
1247,1802,23.549031
1062,1617,23.549039
2418,2973,23.549039
906,1461,23.549040
1797,2352,23.549044
2089,2644,23.549045
1421,1976,23.549048
2135,2690,23.549050
366,921,23.549056
339,2783,23.549057
1475,2030,23.549058
15,570,23.549060
1420,1975,23.549061
2336,2891,23.549062
1485,2040,23.549069
204,2648,23.549071
765,1320,23.549075
488,2932,23.549075
406,2850,23.549081
314,2758,23.549084
201,796,23.549088
312,2756,23.549092
1384,1939,23.549093
396,951,23.549095
1544,2099,23.549099
431,2875,23.549101
2247,2802,23.549101
46,601,23.549105
2123,2718,23.549106
18,573,23.549108
2,597,23.549108
2312,2867,23.549110
76,2480,23.549111
36,591,23.549111
2213,2768,23.549111
540,1095,23.549119
2354,2909,23.549120
70,2514,23.549122
544,2988,23.549123
1430,1985,23.549123
829,1384,23.549126
364,2808,23.549133
437,2841,23.549135
220,2664,23.549135
762,1357,23.549138
724,1319,23.549145
420,2864,23.549146
2168,2723,23.549149
1324,1919,23.549150
209,764,23.549152
431,986,23.549155
1882,2477,23.549163
1865,2420,23.549172
1272,1827,23.549180
1819,2374,23.549180
1999,2554,23.549181
164,759,23.549181
60,2504,23.549184
1431,1986,23.549187
222,2666,23.549188
1623,2178,23.549194
195,2639,23.549196
165,2609,23.549203
1984,2539,23.549208
692,1247,23.549215
640,1235,23.549220
249,804,23.549220
737,1292,23.549225
1525,2080,23.549225
1590,2145,23.549226
2297,2852,23.549228
986,1541,23.549230
1684,2279,23.549232
2288,2843,23.549232
1468,2023,23.549237
540,2984,23.549239
287,842,23.549244
974,1529,23.549249
37,2441,23.549249
1528,2083,23.549250
318,2722,23.549253
432,987,23.549254
1055,1610,23.549259
2277,2832,23.549272
732,1287,23.549273
2021,2576,23.549274
333,888,23.549277
1317,1872,23.549278
1284,1879,23.549279
655,1210,23.549279
466,1021,23.549282
381,936,23.549283
1332,1887,23.549284
790,1345,23.549288
470,1025,23.549289
1276,1831,23.549289
973,1528,23.549291
1108,1663,23.549294
392,2836,23.549295
1613,2168,23.549299
27,582,23.549303
1121,1716,23.549303
598,1153,23.549311
1224,1779,23.549312
1530,2085,23.549313
445,1000,23.549316
498,2942,23.549318
189,744,23.549320
1953,2508,23.549321
83,678,23.549322
1093,1648,23.549333
1177,1732,23.549333
559,2963,23.549335
1557,2112,23.549336
1946,2501,23.549342
1581,2136,23.549349
1175,1730,23.549351
1282,1877,23.549351
384,2828,23.549351
2115,2670,23.549353
401,2845,23.549354
1607,2162,23.549356
436,2840,23.549360
823,1378,23.549361
11,2455,23.549366
1580,2135,23.549372
1387,1942,23.549376
1377,1932,23.549378
57,612,23.549381
1100,1655,23.549385
1884,2479,23.549385
82,2526,23.549394
247,802,23.549399
522,2966,23.549401
426,981,23.549406
689,1244,23.549407
1619,2174,23.549407
498,1053,23.549410
1574,2129,23.549412
45,2489,23.549418
116,671,23.549418
1661,2216,23.549420
2157,2712,23.549421
217,772,23.549421
1040,1635,23.549422
1239,1794,23.549424
2103,2658,23.549427
348,903,23.549427
393,2837,23.549430
1322,1917,23.549432
349,2793,23.549436
1157,1712,23.549438
2232,2787,23.549441
722,1317,23.549443
78,2482,23.549443
187,2631,23.549444
1712,2267,23.549445
2285,2840,23.549449
1989,2544,23.549455
858,1413,23.549456
874,1429,23.549461
2257,2812,23.549462
1763,2358,23.549472
2090,2645,23.549474
202,797,23.549475
1173,1728,23.549478
2368,2923,23.549484
12,2456,23.549486
1994,2549,23.549509
339,894,23.549513
725,1280,23.549514
527,2971,23.549515
1749,2304,23.549520
90,2534,23.549533
1931,2486,23.549533
551,1106,23.549537
468,1023,23.549538
2094,2649,23.549543
331,2775,23.549544
2435,2990,23.549547
544,1099,23.549549
1092,1647,23.549557
1098,1653,23.549558
1301,1856,23.549563
863,1418,23.549564
625,1180,23.549564
2325,2880,23.549564
1947,2502,23.549567
127,682,23.549568
2173,2728,23.549569
2311,2866,23.549570
537,2981,23.549574
2397,2952,23.549576
602,1197,23.549579
58,613,23.549584
1638,2193,23.549586
918,1473,23.549586
1046,1601,23.549589
196,2600,23.549591
900,1455,23.549596
1565,2120,23.549603
777,1332,23.549607
1754,2309,23.549609
1415,1970,23.549613
1540,2095,23.549613
426,2870,23.549616
274,829,23.549624
2350,2905,23.549636
802,1397,23.549637
360,2804,23.549638
1991,2546,23.549643
1877,2432,23.549647
161,2605,23.549652
2235,2790,23.549652
378,2822,23.549653
493,2937,23.549657
1643,2238,23.549659
1445,2000,23.549664
433,988,23.549665
2419,2974,23.549668
492,1047,23.549672
1880,2475,23.549672
1793,2348,23.549675
290,845,23.549678
749,1304,23.549679
2338,2893,23.549680
1509,2064,23.549687
497,1052,23.549690
1103,1658,23.549691
2438,2993,23.549691
747,1302,23.549696
2091,2646,23.549697
564,1159,23.549698
1758,2313,23.549700
519,2923,23.549707
2264,2819,23.549712
1410,1965,23.549718
504,2948,23.549720
818,1373,23.549722
468,2912,23.549723
873,1428,23.549723
1474,2029,23.549723
397,2801,23.549723
1388,1943,23.549724
316,2720,23.549724
2057,2612,23.549727
126,681,23.549728
204,799,23.549735
977,1532,23.549739
1629,2184,23.549739
2072,2627,23.549740
1959,2514,23.549742
1181,1736,23.549745
994,1549,23.549750
2279,2834,23.549753
123,2567,23.549759
1383,1938,23.549761
17,572,23.549762
1497,2052,23.549764
1716,2271,23.549765
56,2500,23.549770
491,1046,23.549771
411,2855,23.549776
471,1026,23.549776
131,686,23.549777
714,1269,23.549780
792,1347,23.549782
1773,2328,23.549785
1547,2102,23.549786
2101,2656,23.549789
1022,1577,23.549796
800,1395,23.549796
2226,2781,23.549796
414,969,23.549797
1957,2512,23.549802
1251,1806,23.549803
1335,1890,23.549804
1913,2468,23.549809
65,620,23.549810
2127,2682,23.549812
320,2764,23.549817
656,1211,23.549819
1166,1721,23.549820
1979,2534,23.549821
495,2939,23.549826
1845,2400,23.549831
193,748,23.549838
459,1014,23.549842
473,2917,23.549851
589,1144,23.549859
825,1380,23.549860
2274,2829,23.549861
2275,2830,23.549862
82,677,23.549862
1964,2559,23.549863
183,2627,23.549864
948,1503,23.549870
981,1536,23.549870
208,763,23.549874
118,673,23.549880
617,1172,23.549895
583,1138,23.549900
212,767,23.549901
456,2900,23.549902
1769,2324,23.549903
444,1039,23.549907
2013,2568,23.549907
683,1278,23.549908
2352,2907,23.549911
292,2736,23.549911
549,1104,23.549917
520,2964,23.549917
438,2842,23.549931
1578,2133,23.549937
1472,2027,23.549938
347,902,23.549946
1691,2246,23.549952
1506,2061,23.549957
1113,1668,23.549958
1362,1957,23.549977
1902,2457,23.549980
955,1510,23.549988
1396,1951,23.549989
696,1251,23.549993
2256,2811,23.549997
315,870,23.550003
1350,1905,23.550008
1488,2043,23.550011
2009,2564,23.550019
1805,2360,23.550025
570,1125,23.550032
703,1258,23.550036
1444,2039,23.550039
1775,2330,23.550041
266,821,23.550047
489,2933,23.550050
335,890,23.550052
969,1524,23.550052
1998,2553,23.550059
1088,1643,23.550059
222,777,23.550061
229,784,23.550068
956,1511,23.550076
1693,2248,23.550081
97,2541,23.550081
1,2445,23.550083
274,2718,23.550084
628,1183,23.550085
262,2706,23.550086
1461,2016,23.550087
1306,1861,23.550088
1983,2538,23.550095
1138,1693,23.550095
247,2691,23.550096
2326,2881,23.550098
1080,1675,23.550101
739,1294,23.550108
148,2592,23.550108
1662,2217,23.550113
536,1091,23.550117
284,2728,23.550120
403,2847,23.550121
1256,1811,23.550124
398,953,23.550129
1701,2256,23.550130
1158,1713,23.550131
670,1225,23.550132
1688,2243,23.550134
135,2579,23.550140
577,1132,23.550140
2320,2915,23.550141
2170,2725,23.550145
163,758,23.550157
66,2510,23.550158
293,2737,23.550161
2337,2892,23.550164
2330,2885,23.550173
833,1388,23.550174
138,2582,23.550186
908,1463,23.550186
62,2506,23.550195
1249,1804,23.550199
410,965,23.550208
647,1202,23.550223
1630,2185,23.550225
764,1359,23.550232
1042,1637,23.550235
267,822,23.550238
2046,2601,23.550246
867,1422,23.550246
2369,2924,23.550248
734,1289,23.550248
346,2790,23.550248
70,625,23.550251
210,2654,23.550253
216,2660,23.550253
2201,2796,23.550255
1971,2526,23.550258
1827,2382,23.550262
111,666,23.550265
599,1154,23.550266
2204,2799,23.550266
1996,2551,23.550268
2216,2771,23.550273
1815,2370,23.550276
2423,2978,23.550277
593,1148,23.550285
270,825,23.550290
1456,2011,23.550292
1479,2034,23.550295
1860,2415,23.550310
1800,2395,23.550312
261,2705,23.550314
2122,2717,23.550318
1631,2186,23.550320
1349,1904,23.550325
1738,2293,23.550327
237,792,23.550332
2042,2637,23.550336
1799,2354,23.550339
2375,2930,23.550341
594,1149,23.550342
2029,2584,23.550345
1963,2558,23.550346
1519,2074,23.550348
483,1078,23.550350
1212,1767,23.550353
615,1170,23.550362
1807,2362,23.550368
399,2803,23.550372
2179,2734,23.550378
551,2995,23.550379
394,2838,23.550384
1446,2001,23.550392
712,1267,23.550392
117,672,23.550394
781,1336,23.550399
2140,2695,23.550401
1615,2170,23.550401
19,574,23.550408
1469,2024,23.550414
1789,2344,23.550414
1839,2394,23.550424
588,1143,23.550427
407,2851,23.550439
1463,2018,23.550443
738,1293,23.550446
2309,2864,23.550447
77,2481,23.550468
871,1426,23.550469
924,1519,23.550484
474,1029,23.550493
2230,2785,23.550495
882,1477,23.550518
108,2552,23.550520
1650,2205,23.550523
412,2856,23.550533
1394,1949,23.550534
418,2862,23.550536
2408,2963,23.550540
949,1504,23.550549
824,1379,23.550552
1105,1660,23.550552
538,2982,23.550555
1066,1621,23.550558
257,2701,23.550559
1210,1765,23.550563
413,968,23.550568
936,1491,23.550570
252,2696,23.550570
1031,1586,23.550572
1011,1566,23.550576
140,2584,23.550578
93,648,23.550581
1549,2104,23.550583
266,2710,23.550583
52,2496,23.550587
117,2521,23.550593
1625,2180,23.550597
649,1204,23.550602
2144,2699,23.550607
1238,1793,23.550608
241,2685,23.550616
476,2880,23.550618
1403,1998,23.550618
206,2650,23.550626
72,627,23.550627
552,1107,23.550640
2345,2900,23.550642
1532,2087,23.550648
307,2751,23.550649
620,1175,23.550650
1296,1851,23.550653
246,2690,23.550669
582,1137,23.550676
2180,2735,23.550677
254,2698,23.550688
2370,2925,23.550698
1068,1623,23.550699
156,711,23.550699
1670,2225,23.550702
430,2874,23.550703
73,628,23.550710
578,1133,23.550719
2374,2929,23.550721
1191,1746,23.550722
1531,2086,23.550722
32,587,23.550731
465,2909,23.550734
2109,2664,23.550736
756,1311,23.550744
2248,2803,23.550746
1120,1715,23.550746
595,1150,23.550755
1007,1562,23.550765
1437,1992,23.550771
86,641,23.550781
923,1518,23.550784
319,2723,23.550789
507,2951,23.550791
1655,2210,23.550804
74,629,23.550815
284,879,23.550816
1054,1609,23.550824
1898,2453,23.550825
442,2886,23.550832
373,928,23.550834
418,973,23.550836
531,2975,23.550840
2363,2958,23.550858
1810,2365,23.550864
1325,1880,23.550871
345,2789,23.550878
118,2522,23.550883
1419,1974,23.550886
1195,1750,23.550891
1473,2028,23.550894
161,756,23.550898
511,1066,23.550903
2278,2833,23.550905
175,2619,23.550912
772,1327,23.550914
130,685,23.550918
114,2558,23.550921
641,1236,23.550924
1454,2009,23.550925
690,1245,23.550928
754,1309,23.550931
218,773,23.550939
45,600,23.550939
1289,1844,23.550940
2163,2758,23.550943
2290,2845,23.550946
1021,1576,23.550950
1243,1838,23.550956
2181,2736,23.550956
2322,2917,23.550959
518,2922,23.550976
214,769,23.550979
72,2516,23.550979
1583,2138,23.550980
984,1539,23.550981
799,1354,23.550991
505,1060,23.551017
779,1334,23.551022
884,1479,23.551022
876,1431,23.551023
362,957,23.551029
590,1145,23.551037
563,1158,23.551039
542,1097,23.551043
124,719,23.551046
9,564,23.551049
132,2576,23.551058
260,815,23.551059
242,2686,23.551061
271,826,23.551064
603,1198,23.551068
1867,2422,23.551070
129,684,23.551076
1605,2160,23.551077
425,2869,23.551079
910,1465,23.551082
258,2702,23.551091
1869,2424,23.551095
2193,2748,23.551099
2379,2934,23.551100
541,2985,23.551101
2400,2995,23.551105
1125,1680,23.551106
2030,2585,23.551115
1834,2389,23.551121
269,824,23.551122
2191,2746,23.551122
476,1031,23.551130
262,817,23.551131
2056,2611,23.551136
1541,2096,23.551139
2421,2976,23.551140
1814,2369,23.551143
546,1101,23.551159
267,2711,23.551162
1728,2283,23.551175
883,1478,23.551185
1339,1894,23.551186
2043,2638,23.551192
959,1514,23.551201
1562,2157,23.551202
31,586,23.551210
300,855,23.551211
1714,2269,23.551214
1218,1773,23.551214
1230,1785,23.551216
120,715,23.551222
1290,1845,23.551223
402,2846,23.551228
541,1096,23.551231
1912,2467,23.551234
1872,2427,23.551236
1663,2218,23.551237
1511,2066,23.551241
1051,1606,23.551253
1302,1857,23.551253
259,2703,23.551259
497,2941,23.551265
1561,2156,23.551275
1820,2375,23.551296
2111,2666,23.551297
967,1522,23.551298
1937,2492,23.551300
634,1189,23.551300
1122,1717,23.551308
2096,2651,23.551310
693,1248,23.551311
130,2574,23.551316
2324,2919,23.551318
1264,1819,23.551319
177,2621,23.551319
2422,2977,23.551329
659,1214,23.551337
132,687,23.551341
1432,1987,23.551353
2301,2856,23.551355
642,1237,23.551363
1672,2227,23.551373
726,1281,23.551385
1942,2497,23.551386
200,2644,23.551394
368,923,23.551396
175,730,23.551397
2126,2681,23.551398
411,966,23.551402
1052,1607,23.551402
321,916,23.551413
2139,2694,23.551414
1945,2500,23.551414
503,1058,23.551415
1441,2036,23.551416
8,2452,23.551417
438,993,23.551421
359,914,23.551425
205,2649,23.551426
2378,2933,23.551433
1835,2390,23.551439
978,1533,23.551440
102,2546,23.551441
160,755,23.551441
929,1484,23.551442
558,2962,23.551446
1875,2430,23.551454
1483,2078,23.551457
710,1265,23.551458
2149,2704,23.551467
513,1068,23.551472
1220,1775,23.551477
463,2907,23.551483
1023,1578,23.551497
1730,2285,23.551499
392,947,23.551500
1656,2211,23.551501
439,994,23.551512
2003,2598,23.551513
1533,2088,23.551519
2240,2835,23.551523
1400,1995,23.551535
115,2559,23.551544
372,2816,23.551552
443,2887,23.551555
282,877,23.551557
834,1389,23.551559
1494,2049,23.551563
68,623,23.551572
1433,1988,23.551586
110,2554,23.551586
304,859,23.551588
78,633,23.551599
1099,1654,23.551617
2150,2705,23.551626
466,2910,23.551632
1153,1708,23.551645
943,1498,23.551653
1594,2149,23.551661
2162,2757,23.551667
2416,2971,23.551670
1668,2223,23.551679
292,847,23.551680
877,1432,23.551699
1667,2222,23.551699
2377,2932,23.551709
454,2898,23.551718
1366,1921,23.551721
208,2652,23.551731
353,2797,23.551734
1978,2533,23.551740
1327,1882,23.551741
1806,2361,23.551745
1916,2471,23.551745
1774,2329,23.551760
415,970,23.551765
359,2763,23.551766
2186,2741,23.551768
327,882,23.551773
2147,2702,23.551775
2426,2981,23.551775
1341,1896,23.551780
177,732,23.551784
2283,2878,23.551786
1300,1855,23.551790
1029,1584,23.551794
492,2936,23.551811
925,1480,23.551817
103,2547,23.551825
2332,2887,23.551828
404,999,23.551829
389,2833,23.551834
1761,2356,23.551835
1259,1814,23.551850
1848,2403,23.551852
2398,2953,23.551854
447,1002,23.551854
1338,1893,23.551855
944,1499,23.551856
464,2908,23.551863
828,1383,23.551864
1990,2545,23.551865
318,873,23.551876
344,899,23.551878
419,974,23.551880
109,2553,23.551885
323,2767,23.551892
2362,2957,23.551894
1109,1664,23.551898
997,1552,23.551906
1812,2367,23.551906
314,869,23.551907
1811,2366,23.551909
2215,2770,23.551912
2268,2823,23.551916
854,1409,23.551918
2155,2710,23.551919
429,2873,23.551924
119,2523,23.551925
448,1003,23.551933
1248,1803,23.551937
216,771,23.551943
1798,2353,23.551944
515,1070,23.551946
1295,1850,23.551950
1364,1959,23.551953
2308,2863,23.551956
406,961,23.551964
1507,2062,23.551966
847,1402,23.551968
374,2818,23.551972
2234,2789,23.551974
2176,2731,23.551979
1914,2469,23.551985
263,2707,23.551992
329,884,23.551993
282,2726,23.551995
2016,2571,23.551996
87,642,23.552007
2424,2979,23.552011
1025,1580,23.552018
879,1434,23.552019
1253,1808,23.552023
1736,2291,23.552025
855,1410,23.552028
410,2854,23.552030
490,2934,23.552034
1943,2498,23.552035
2017,2572,23.552037
261,816,23.552037
360,955,23.552046
1389,1944,23.552049
1671,2226,23.552062
1995,2550,23.552083
1310,1865,23.552091
1535,2090,23.552099
83,2527,23.552118
2385,2940,23.552131
760,1355,23.552133
1617,2172,23.552144
250,805,23.552180
169,2613,23.552182
2045,2600,23.552189
409,964,23.552189
968,1523,23.552202
52,607,23.552210
1960,2555,23.552214
295,2739,23.552231
2004,2599,23.552235
1336,1891,23.552246
39,2443,23.552250
2284,2879,23.552252
632,1187,23.552252
2048,2603,23.552271
140,695,23.552273
224,779,23.552273
413,2857,23.552282
2229,2784,23.552285
151,2595,23.552289
562,1157,23.552302
148,703,23.552307
2036,2591,23.552308
1183,1738,23.552311
53,608,23.552315
2412,2967,23.552336
1087,1642,23.552337
606,1161,23.552337
1719,2274,23.552340
1709,2264,23.552343
351,2795,23.552354
618,1173,23.552356
1107,1662,23.552359
1297,1852,23.552371
23,2467,23.552372
780,1335,23.552377
1715,2270,23.552381
167,2611,23.552384
1169,1724,23.552396
106,661,23.552400
2218,2773,23.552412
1285,1840,23.552423
524,1119,23.552425
306,2750,23.552438
1151,1706,23.552441
221,2665,23.552452
581,1136,23.552465
191,746,23.552468
2113,2668,23.552480
1966,2521,23.552482
2050,2605,23.552500
1402,1997,23.552503
1486,2041,23.552513
898,1453,23.552513
616,1171,23.552524
9,2453,23.552528
776,1331,23.552540
2432,2987,23.552576
2161,2756,23.552583
25,2469,23.552589
685,1240,23.552591
1309,1864,23.552591
31,2475,23.552593
179,2623,23.552594
254,809,23.552613
113,2557,23.552623
7,562,23.552630
1235,1790,23.552652
1126,1681,23.552661
1455,2010,23.552699
921,1516,23.552700
1745,2300,23.552707
1925,2480,23.552711
444,2888,23.552715
134,689,23.552719
1487,2042,23.552728
1165,1720,23.552731
152,2596,23.552733
976,1531,23.552741
1115,1670,23.552754
2255,2810,23.552756
277,832,23.552769
1521,2116,23.552778
397,952,23.552784
2160,2755,23.552790
907,1462,23.552791
390,2834,23.552791
920,1515,23.552793
321,2765,23.552798
1417,1972,23.552804
2188,2743,23.552810
1676,2231,23.552813
1927,2482,23.552824
316,871,23.552834
253,2697,23.552840
1651,2206,23.552841
33,2477,23.552851
644,1239,23.552855
826,1381,23.552862
1816,2371,23.552864
1685,2240,23.552876
543,2987,23.552884
451,2895,23.552899
434,989,23.552907
405,960,23.552938
1141,1696,23.552939
1508,2063,23.552942
1039,1594,23.552958
236,791,23.552961
1353,1908,23.552978
64,2508,23.552981
565,1120,23.552994
2074,2629,23.552999
1906,2461,23.553003
1194,1749,23.553004
1104,1659,23.553008
1288,1843,23.553019
1271,1826,23.553034
176,731,23.553036
631,1186,23.553037
962,1557,23.553068
2037,2592,23.553077
376,2820,23.553089
889,1444,23.553091
1666,2221,23.553093
1858,2413,23.553098
296,2740,23.553103
1654,2209,23.553111
298,2742,23.553123
1144,1699,23.553131
182,737,23.553134
81,676,23.553136
110,665,23.553145
1116,1671,23.553161
1704,2259,23.553166
566,1121,23.553170
2164,2759,23.553182
30,2474,23.553188
28,583,23.553207
538,1093,23.553215
126,2570,23.553232
1584,2139,23.553235
5,2449,23.553244
1626,2181,23.553248
1152,1707,23.553253
1727,2282,23.553254
557,1112,23.553257
56,611,23.553270
253,808,23.553272
555,2999,23.553275
40,635,23.553282
1911,2466,23.553285
1145,1700,23.553285
1722,2317,23.553292
73,2517,23.553295
1343,1898,23.553313
1939,2494,23.553315
1048,1603,23.553324
2060,2615,23.553327
1361,1956,23.553331
1020,1575,23.553332
2214,2769,23.553343
270,2714,23.553347
345,900,23.553376
1576,2131,23.553399
629,1184,23.553411
510,1065,23.553412
313,868,23.553423
458,1013,23.553423
98,2542,23.553431
1904,2459,23.553432
2136,2691,23.553434
1720,2315,23.553439
440,2884,23.553439
101,2545,23.553459
1146,1701,23.553465
1128,1683,23.553474
785,1340,23.553476
1967,2522,23.553477
851,1406,23.553482
1429,1984,23.553484
2291,2846,23.553487
1222,1777,23.553502
763,1358,23.553514
121,2565,23.553527
280,2724,23.553535
1598,2153,23.553537
635,1190,23.553538
2035,2590,23.553583
1705,2260,23.553584
775,1330,23.553600
225,780,23.553609
2344,2899,23.553609
787,1342,23.553635
695,1250,23.553643
1890,2445,23.553665
686,1241,23.553668
1732,2287,23.553670
449,2893,23.553697
528,1083,23.553705
358,2762,23.553706
202,2646,23.553722
380,935,23.553725
341,896,23.553733
2086,2641,23.553734
69,624,23.553739
275,830,23.553744
481,2925,23.553748
919,1474,23.553748
1457,2012,23.553748
1851,2406,23.553753
39,594,23.553755
931,1486,23.553788
192,2636,23.553808
85,640,23.553814
1074,1629,23.553828
748,1303,23.553831
255,810,23.553845
1313,1868,23.553851
2242,2837,23.553853
2108,2663,23.553858
1683,2278,23.553859
147,702,23.553874
1199,1754,23.553874
2007,2562,23.553876
657,1212,23.553931
2002,2597,23.553934
1067,1622,23.553935
961,1556,23.553943
61,2505,23.553962
735,1290,23.553972
16,571,23.553972
1167,1722,23.553980
526,1081,23.553991
213,768,23.553999
1312,1867,23.554005
1849,2404,23.554007
1076,1631,23.554019
1717,2272,23.554019
122,2566,23.554036
2252,2807,23.554039
746,1301,23.554040
1015,1570,23.554044
2227,2782,23.554050
348,2792,23.554050
1586,2141,23.554056
761,1356,23.554070
386,2830,23.554080
369,924,23.554103
947,1502,23.554106
197,752,23.554117
2032,2587,23.554122
2430,2985,23.554141
479,2883,23.554147
814,1369,23.554148
269,2713,23.554163
2361,2956,23.554165
636,1191,23.554170
1408,1963,23.554171
1678,2233,23.554180
2019,2574,23.554243
303,858,23.554263
1482,2077,23.554264
1453,2008,23.554280
1823,2378,23.554288
174,2618,23.554291
1859,2414,23.554306
1822,2377,23.554330
1275,1830,23.554334
1236,1791,23.554346
2033,2588,23.554396
1164,1759,23.554399
972,1527,23.554401
1156,1711,23.554406
1746,2301,23.554415
138,693,23.554416
337,2781,23.554429
1245,1800,23.554439
44,2488,23.554442
1742,2297,23.554470
813,1368,23.554492
2280,2875,23.554520
462,1017,23.554535
414,2858,23.554546
437,992,23.554546
654,1209,23.554548
450,1005,23.554553
2299,2854,23.554555
817,1372,23.554559
1197,1752,23.554566
869,1424,23.554576
1013,1568,23.554597
707,1262,23.554622
1577,2132,23.554661
467,2911,23.554675
845,1400,23.554682
1323,1918,23.554740
2177,2732,23.554746
305,2749,23.554761
1232,1787,23.554776
299,2743,23.554788
452,1007,23.554793
1852,2407,23.554808
2333,2888,23.554828
144,699,23.554834
308,863,23.554847
2055,2610,23.554890
1592,2147,23.554939
1958,2513,23.554945
331,886,23.554954
998,1553,23.554963
265,820,23.554974
1982,2537,23.554976
1873,2428,23.555006
1795,2350,23.555016
1770,2325,23.555049
2321,2916,23.555053
1,596,23.555068
2348,2903,23.555073
2233,2788,23.555110
533,2977,23.555117
960,1555,23.555135
841,1436,23.555182
1637,2192,23.555184
193,2637,23.555195
488,1043,23.555214
183,738,23.555214
1217,1772,23.555241
673,1228,23.555254
228,2672,23.555280
422,977,23.555287
2383,2938,23.555293
54,609,23.555298
1038,1593,23.555301
682,1277,23.555302
85,2529,23.555307
1548,2103,23.555378
189,2633,23.555385
1142,1697,23.555407
1391,1946,23.555428
2087,2642,23.555434
1708,2263,23.555434
2058,2613,23.555443
1545,2100,23.555465
300,2744,23.555468
439,2843,23.555475
1614,2169,23.555476
2124,2719,23.555494
124,2568,23.555498
2399,2954,23.555517
230,2674,23.555523
457,1012,23.555536
119,674,23.555541
185,740,23.555563
107,662,23.555579
2373,2928,23.555582
310,2754,23.555589
421,976,23.555609
245,2689,23.555628
43,2487,23.555650
1260,1815,23.555664
1838,2393,23.555681
1901,2456,23.555691
1780,2335,23.555701
2305,2860,23.555704
156,2560,23.555704
1073,1628,23.555766
24,2468,23.555768
1286,1841,23.555810
1492,2047,23.555811
1510,2065,23.555818
306,861,23.555841
122,717,23.555844
326,881,23.555845
1853,2408,23.555960
2411,2966,23.555973
932,1487,23.556004
489,1044,23.556034
365,2809,23.556063
890,1445,23.556070
1863,2418,23.556075
172,727,23.556082
601,1196,23.556089
1781,2336,23.556093
1929,2484,23.556094
1524,2119,23.556140
1470,2025,23.556168
2083,2678,23.556196
394,949,23.556232
517,2921,23.556275
1035,1590,23.556303
750,1305,23.556360
155,2599,23.556377
502,2946,23.556403
2293,2848,23.556411
154,2598,23.556425
251,806,23.556469
371,2815,23.556508
472,1027,23.556599
2020,2575,23.556604
2346,2901,23.556629
1342,1897,23.556635
534,2978,23.556637
1442,2037,23.556829
35,2479,23.556843
832,1387,23.556906
1379,1934,23.556919
435,990,23.556928
1380,1935,23.556932
982,1537,23.556944
701,1256,23.556974
320,915,23.556984
1889,2444,23.557032
2415,2970,23.557092
217,2661,23.557101
904,1459,23.557104
2439,2994,23.557132
200,795,23.557135
545,2989,23.557137
232,2676,23.557167
2270,2825,23.557171
2414,2969,23.557200
505,2949,23.557219
1539,2094,23.557223
1573,2128,23.557259
109,664,23.557280
460,1015,23.557292
723,1318,23.557334
579,1134,23.557341
970,1525,23.557353
1273,1828,23.557363
451,1006,23.557390
485,1040,23.557398
1480,2075,23.557400
1783,2338,23.557406
500,1055,23.557450
1348,1903,23.557480
86,2530,23.557498
2436,2991,23.557528
2246,2801,23.557530
1992,2547,23.557767
1010,1565,23.557785
549,2993,23.557826
2271,2826,23.557893
384,939,23.557909
870,1425,23.557951
2151,2706,23.557967
1639,2194,23.558067
1414,1969,23.558093
99,2543,23.558098
307,862,23.558110
1520,2115,23.558141
1078,1633,23.558215
619,1174,23.558240
91,646,23.558292
1211,1766,23.558305
1652,2207,23.558331
41,636,23.558502
2070,2625,23.558522
243,2687,23.558568
1063,1618,23.558569
2239,2794,23.558611
1086,1641,23.558621
1523,2118,23.558639
1707,2262,23.558641
1091,1646,23.558659
379,934,23.558682
530,2974,23.558744
227,2671,23.558758
58,2502,23.558822
496,2940,23.558824
1924,2519,23.558851
1886,2441,23.558908
1601,2196,23.558909
123,718,23.558918
136,2580,23.558926
427,2871,23.558985
336,2780,23.559060
838,1393,23.559061
1588,2143,23.559177
291,846,23.559187
1198,1753,23.559198
801,1396,23.559299
1129,1684,23.559310
1721,2316,23.559372
1351,1906,23.559396
1861,2416,23.559478
2098,2653,23.559540
2371,2926,23.559544
382,937,23.559585
477,2881,23.559595
892,1447,23.559612
591,1146,23.559621
2102,2657,23.559728
1836,2391,23.559848
945,1500,23.559861
553,1108,23.559893
164,2608,23.559927
13,568,23.559996
1014,1569,23.560010
672,1227,23.560156
816,1371,23.560194
2217,2772,23.560196
1980,2535,23.560323
20,2464,23.560335
159,714,23.560338
2049,2604,23.560357
1679,2234,23.560493
1376,1931,23.560537
288,843,23.560726
669,1224,23.560775
648,1203,23.560795
1101,1656,23.560858
168,2612,23.560897
3,598,23.561003
1395,1950,23.561130
1689,2244,23.561141
1905,2460,23.561171
1179,1734,23.561238
1785,2340,23.561266
523,1118,23.561295
283,2727,23.561441
238,793,23.561499
1182,1737,23.561538
187,742,23.561549
1692,2247,23.561680
1089,1644,23.561714
2189,2744,23.561792
2202,2797,23.561804
480,2924,23.561825
308,2752,23.561911
697,1252,23.561962
263,818,23.562001
240,2684,23.562006
773,1328,23.562072
1977,2532,23.562076
48,2492,23.562114
1283,1878,23.562126
1954,2509,23.562138
1270,1825,23.562164
46,2490,23.562166
1611,2166,23.562217
1207,1762,23.562400
352,2796,23.562404
866,1421,23.562408
504,1059,23.562521
333,2777,23.562638
278,833,23.562802
1757,2312,23.562865
255,2699,23.563212
2267,2822,23.563358
1404,1999,23.563417
2073,2628,23.563532
2121,2716,23.563702
1326,1881,23.563891
788,1343,23.564281
139,2583,23.564354
94,649,23.564510
356,911,23.564517
604,1199,23.564646
2295,2850,23.564714
210,765,23.564755
1154,1709,23.564763
894,1449,23.564764
1664,2219,23.564860
2174,2729,23.564937
361,2805,23.565204
1876,2431,23.565430
576,1131,23.565883
1298,1853,23.565883
424,2868,23.565982
720,1315,23.566427
2386,2941,23.567089
475,1030,23.567297
985,1540,23.567507
1808,2363,23.567611
1495,2050,23.567677
2005,2560,23.567825
111,2555,23.567951
66,621,23.568055
452,2896,23.568873
2358,2913,23.569469
1467,2022,23.570214
407,962,23.570784
957,1512,23.571476
